Copyright 1986-2022 Xilinx, Inc. All Rights Reserved. Copyright 2022-2024 Advanced Micro Devices, Inc. All Rights Reserved.
------------------------------------------------------------------------------------------------------------------------------------------------------------------------------------------------------------------------
| Tool Version : Vivado v.2024.2 (win64) Build 5239630 Fri Nov 08 22:35:27 MST 2024
| Date         : Fri Jan 16 18:25:00 2026
| Host         : Dhanush running 64-bit major release  (build 9200)
| Command      : report_timing_summary -max_paths 10 -report_unconstrained -file top_flash_timing_summary_routed.rpt -pb top_flash_timing_summary_routed.pb -rpx top_flash_timing_summary_routed.rpx -warn_on_violation
| Design       : top_flash
| Device       : 7a100t-csg324
| Speed File   : -1  PRODUCTION 1.23 2018-06-13
| Design State : Routed
------------------------------------------------------------------------------------------------------------------------------------------------------------------------------------------------------------------------

Timing Summary Report

------------------------------------------------------------------------------------------------
| Timer Settings
| --------------
------------------------------------------------------------------------------------------------

  Enable Multi Corner Analysis               :  Yes
  Enable Pessimism Removal                   :  Yes
  Pessimism Removal Resolution               :  Nearest Common Node
  Enable Input Delay Default Clock           :  No
  Enable Preset / Clear Arcs                 :  No
  Disable Flight Delays                      :  No
  Ignore I/O Paths                           :  No
  Timing Early Launch at Borrowing Latches   :  No
  Borrow Time for Max Delay Exceptions       :  Yes
  Merge Timing Exceptions                    :  Yes
  Inter-SLR Compensation                     :  Conservative

  Corner  Analyze    Analyze    
  Name    Max Paths  Min Paths  
  ------  ---------  ---------  
  Slow    Yes        Yes        
  Fast    Yes        Yes        


------------------------------------------------------------------------------------------------
| Report Methodology
| ------------------
------------------------------------------------------------------------------------------------

Rule       Severity          Description                    Violations  
---------  ----------------  -----------------------------  ----------  
TIMING-17  Critical Warning  Non-clocked sequential cell    3           
TIMING-18  Warning           Missing input or output delay  11          

Note: This report is based on the most recent report_methodology run and may not be up-to-date. Run report_methodology on the current design for the latest report.



check_timing report

Table of Contents
-----------------
1. checking no_clock (3)
2. checking constant_clock (0)
3. checking pulse_width_clock (0)
4. checking unconstrained_internal_endpoints (3)
5. checking no_input_delay (2)
6. checking no_output_delay (18)
7. checking multiple_clock (0)
8. checking generated_clocks (0)
9. checking loops (0)
10. checking partial_input_delay (0)
11. checking partial_output_delay (0)
12. checking latch_loops (0)

1. checking no_clock (3)
------------------------
 There are 3 register/latch pins with no clock driven by root clock pin: led/clock_division_reg[17]/Q (HIGH)


2. checking constant_clock (0)
------------------------------
 There are 0 register/latch pins with constant_clock.


3. checking pulse_width_clock (0)
---------------------------------
 There are 0 register/latch pins which need pulse_width check


4. checking unconstrained_internal_endpoints (3)
------------------------------------------------
 There are 3 pins that are not constrained for maximum delay. (HIGH)

 There are 0 pins that are not constrained for maximum delay due to constant clock.


5. checking no_input_delay (2)
------------------------------
 There are 2 input ports with no input delay specified. (HIGH)

 There are 0 input ports with no input delay but user has a false path constraint.


6. checking no_output_delay (18)
--------------------------------
 There are 17 ports with no output delay specified. (HIGH)

 There are 0 ports with no output delay but user has a false path constraint

 There is 1 port with no output delay but with a timing clock defined on it or propagating through it (LOW)


7. checking multiple_clock (0)
------------------------------
 There are 0 register/latch pins with multiple clocks.


8. checking generated_clocks (0)
--------------------------------
 There are 0 generated clocks that are not connected to a clock source.


9. checking loops (0)
---------------------
 There are 0 combinational loops in the design.


10. checking partial_input_delay (0)
------------------------------------
 There are 0 input ports with partial input delay specified.


11. checking partial_output_delay (0)
-------------------------------------
 There are 0 ports with partial output delay specified.


12. checking latch_loops (0)
----------------------------
 There are 0 combinational latch loops in the design through latch input



------------------------------------------------------------------------------------------------
| Design Timing Summary
| ---------------------
------------------------------------------------------------------------------------------------

    WNS(ns)      TNS(ns)  TNS Failing Endpoints  TNS Total Endpoints      WHS(ns)      THS(ns)  THS Failing Endpoints  THS Total Endpoints     WPWS(ns)     TPWS(ns)  TPWS Failing Endpoints  TPWS Total Endpoints  
    -------      -------  ---------------------  -------------------      -------      -------  ---------------------  -------------------     --------     --------  ----------------------  --------------------  
      6.366        0.000                      0                  245        0.123        0.000                      0                  245        9.500        0.000                       0                   118  


All user specified timing constraints are met.


------------------------------------------------------------------------------------------------
| Clock Summary
| -------------
------------------------------------------------------------------------------------------------

Clock        Waveform(ns)       Period(ns)      Frequency(MHz)
-----        ------------       ----------      --------------
sys_clk_pin  {0.000 10.000}     20.000          50.000          


------------------------------------------------------------------------------------------------
| Intra Clock Table
| -----------------
------------------------------------------------------------------------------------------------

Clock             WNS(ns)      TNS(ns)  TNS Failing Endpoints  TNS Total Endpoints      WHS(ns)      THS(ns)  THS Failing Endpoints  THS Total Endpoints     WPWS(ns)     TPWS(ns)  TPWS Failing Endpoints  TPWS Total Endpoints  
-----             -------      -------  ---------------------  -------------------      -------      -------  ---------------------  -------------------     --------     --------  ----------------------  --------------------  
sys_clk_pin         6.366        0.000                      0                  245        0.123        0.000                      0                  245        9.500        0.000                       0                   118  


------------------------------------------------------------------------------------------------
| Inter Clock Table
| -----------------
------------------------------------------------------------------------------------------------

From Clock    To Clock          WNS(ns)      TNS(ns)  TNS Failing Endpoints  TNS Total Endpoints      WHS(ns)      THS(ns)  THS Failing Endpoints  THS Total Endpoints  
----------    --------          -------      -------  ---------------------  -------------------      -------      -------  ---------------------  -------------------  


------------------------------------------------------------------------------------------------
| Other Path Groups Table
| -----------------------
------------------------------------------------------------------------------------------------

Path Group    From Clock    To Clock          WNS(ns)      TNS(ns)  TNS Failing Endpoints  TNS Total Endpoints      WHS(ns)      THS(ns)  THS Failing Endpoints  THS Total Endpoints  
----------    ----------    --------          -------      -------  ---------------------  -------------------      -------      -------  ---------------------  -------------------  


------------------------------------------------------------------------------------------------
| User Ignored Path Table
| -----------------------
------------------------------------------------------------------------------------------------

Path Group    From Clock    To Clock    
----------    ----------    --------    


------------------------------------------------------------------------------------------------
| Unconstrained Path Table
| ------------------------
------------------------------------------------------------------------------------------------

Path Group    From Clock    To Clock    
----------    ----------    --------    
(none)                                    
(none)        sys_clk_pin                 
(none)                      sys_clk_pin   


------------------------------------------------------------------------------------------------
| Timing Details
| --------------
------------------------------------------------------------------------------------------------


---------------------------------------------------------------------------------------------------
From Clock:  sys_clk_pin
  To Clock:  sys_clk_pin

Setup :            0  Failing Endpoints,  Worst Slack        6.366ns,  Total Violation        0.000ns
Hold  :            0  Failing Endpoints,  Worst Slack        0.123ns,  Total Violation        0.000ns
PW    :            0  Failing Endpoints,  Worst Slack        9.500ns,  Total Violation        0.000ns
---------------------------------------------------------------------------------------------------


Max Delay Paths
--------------------------------------------------------------------------------------
Slack (MET) :             6.366ns  (required time - arrival time)
  Source:                 spi_ctrl/shift_reg_reg[27]/C
                            (rising edge-triggered cell FDCE clocked by sys_clk_pin  {rise@0.000ns fall@10.000ns period=20.000ns})
  Destination:            spi_ctrl/mosi_reg/D
                            (falling edge-triggered cell FDRE clocked by sys_clk_pin  {rise@0.000ns fall@10.000ns period=20.000ns})
  Path Group:             sys_clk_pin
  Path Type:              Setup (Max at Slow Process Corner)
  Requirement:            10.000ns  (sys_clk_pin fall@10.000ns - sys_clk_pin rise@0.000ns)
  Data Path Delay:        3.666ns  (logic 1.290ns (35.188%)  route 2.376ns (64.812%))
  Logic Levels:           3  (LUT6=2 MUXF7=1)
  Clock Path Skew:        0.035ns (DCD - SCD + CPR)
    Destination Clock Delay (DCD):    5.002ns = ( 15.002 - 10.000 ) 
    Source Clock Delay      (SCD):    5.226ns
    Clock Pessimism Removal (CPR):    0.259ns
  Clock Uncertainty:      0.035ns  ((TSJ^2 + TIJ^2)^1/2 + DJ) / 2 + PE
    Total System Jitter     (TSJ):    0.071ns
    Total Input Jitter      (TIJ):    0.000ns
    Discrete Jitter          (DJ):    0.000ns
    Phase Error              (PE):    0.000ns

    Location             Delay type                Incr(ns)  Path(ns)    Netlist Resource(s)
  -------------------------------------------------------------------    -------------------
                         (clock sys_clk_pin rise edge)
                                                      0.000     0.000 r  
    E3                                                0.000     0.000 r  clk_top (IN)
                         net (fo=0)                   0.000     0.000    clk_top
    E3                   IBUF (Prop_ibuf_I_O)         1.482     1.482 r  clk_top_IBUF_inst/O
                         net (fo=2, routed)           2.025     3.506    clk_top_IBUF
    BUFGCTRL_X0Y16       BUFG (Prop_bufg_I_O)         0.096     3.602 r  clk_top_IBUF_BUFG_inst/O
                         net (fo=117, routed)         1.624     5.226    spi_ctrl/clk_top_IBUF_BUFG
    SLICE_X10Y115        FDCE                                         r  spi_ctrl/shift_reg_reg[27]/C
  -------------------------------------------------------------------    -------------------
    SLICE_X10Y115        FDCE (Prop_fdce_C_Q)         0.478     5.704 r  spi_ctrl/shift_reg_reg[27]/Q
                         net (fo=4, routed)           1.331     7.035    spi_ctrl/in8[28]
    SLICE_X9Y118         LUT6 (Prop_lut6_I0_O)        0.301     7.336 r  spi_ctrl/mosi_i_7/O
                         net (fo=1, routed)           0.000     7.336    spi_ctrl/mosi_i_7_n_0
    SLICE_X9Y118         MUXF7 (Prop_muxf7_I0_O)      0.212     7.548 r  spi_ctrl/mosi_reg_i_3/O
                         net (fo=1, routed)           1.045     8.593    spi_ctrl/mosi_reg_i_3_n_0
    SLICE_X7Y116         LUT6 (Prop_lut6_I0_O)        0.299     8.892 r  spi_ctrl/mosi_i_2/O
                         net (fo=1, routed)           0.000     8.892    spi_ctrl/mosi_i_2_n_0
    SLICE_X7Y116         FDRE                                         r  spi_ctrl/mosi_reg/D
  -------------------------------------------------------------------    -------------------

                         (clock sys_clk_pin fall edge)
                                                     10.000    10.000 f  
    E3                                                0.000    10.000 f  clk_top (IN)
                         net (fo=0)                   0.000    10.000    clk_top
    E3                   IBUF (Prop_ibuf_I_O)         1.411    11.411 f  clk_top_IBUF_inst/O
                         net (fo=2, routed)           1.920    13.331    clk_top_IBUF
    BUFGCTRL_X0Y16       BUFG (Prop_bufg_I_O)         0.091    13.422 f  clk_top_IBUF_BUFG_inst/O
                         net (fo=117, routed)         1.580    15.002    spi_ctrl/clk_top_IBUF_BUFG
    SLICE_X7Y116         FDRE                                         r  spi_ctrl/mosi_reg/C  (IS_INVERTED)
                         clock pessimism              0.259    15.261    
                         clock uncertainty           -0.035    15.226    
    SLICE_X7Y116         FDRE (Setup_fdre_C_D)        0.032    15.258    spi_ctrl/mosi_reg
  -------------------------------------------------------------------
                         required time                         15.258    
                         arrival time                          -8.892    
  -------------------------------------------------------------------
                         slack                                  6.366    

Slack (MET) :             7.378ns  (required time - arrival time)
  Source:                 spi_ctrl/FSM_onehot_state_reg[2]/C
                            (rising edge-triggered cell FDCE clocked by sys_clk_pin  {rise@0.000ns fall@10.000ns period=20.000ns})
  Destination:            spi_ctrl/mosi_reg/CE
                            (falling edge-triggered cell FDRE clocked by sys_clk_pin  {rise@0.000ns fall@10.000ns period=20.000ns})
  Path Group:             sys_clk_pin
  Path Type:              Setup (Max at Slow Process Corner)
  Requirement:            10.000ns  (sys_clk_pin fall@10.000ns - sys_clk_pin rise@0.000ns)
  Data Path Delay:        2.153ns  (logic 0.670ns (31.115%)  route 1.483ns (68.885%))
  Logic Levels:           1  (LUT3=1)
  Clock Path Skew:        -0.023ns (DCD - SCD + CPR)
    Destination Clock Delay (DCD):    5.002ns = ( 15.002 - 10.000 ) 
    Source Clock Delay      (SCD):    5.301ns
    Clock Pessimism Removal (CPR):    0.276ns
  Clock Uncertainty:      0.035ns  ((TSJ^2 + TIJ^2)^1/2 + DJ) / 2 + PE
    Total System Jitter     (TSJ):    0.071ns
    Total Input Jitter      (TIJ):    0.000ns
    Discrete Jitter          (DJ):    0.000ns
    Phase Error              (PE):    0.000ns

    Location             Delay type                Incr(ns)  Path(ns)    Netlist Resource(s)
  -------------------------------------------------------------------    -------------------
                         (clock sys_clk_pin rise edge)
                                                      0.000     0.000 r  
    E3                                                0.000     0.000 r  clk_top (IN)
                         net (fo=0)                   0.000     0.000    clk_top
    E3                   IBUF (Prop_ibuf_I_O)         1.482     1.482 r  clk_top_IBUF_inst/O
                         net (fo=2, routed)           2.025     3.506    clk_top_IBUF
    BUFGCTRL_X0Y16       BUFG (Prop_bufg_I_O)         0.096     3.602 r  clk_top_IBUF_BUFG_inst/O
                         net (fo=117, routed)         1.699     5.301    spi_ctrl/clk_top_IBUF_BUFG
    SLICE_X6Y117         FDCE                                         r  spi_ctrl/FSM_onehot_state_reg[2]/C
  -------------------------------------------------------------------    -------------------
    SLICE_X6Y117         FDCE (Prop_fdce_C_Q)         0.518     5.819 r  spi_ctrl/FSM_onehot_state_reg[2]/Q
                         net (fo=10, routed)          1.009     6.828    spi_ctrl/FSM_onehot_state_reg_n_0_[2]
    SLICE_X4Y116         LUT3 (Prop_lut3_I2_O)        0.152     6.980 r  spi_ctrl/mosi_i_1/O
                         net (fo=1, routed)           0.474     7.455    spi_ctrl/mosi_i_1_n_0
    SLICE_X7Y116         FDRE                                         r  spi_ctrl/mosi_reg/CE
  -------------------------------------------------------------------    -------------------

                         (clock sys_clk_pin fall edge)
                                                     10.000    10.000 f  
    E3                                                0.000    10.000 f  clk_top (IN)
                         net (fo=0)                   0.000    10.000    clk_top
    E3                   IBUF (Prop_ibuf_I_O)         1.411    11.411 f  clk_top_IBUF_inst/O
                         net (fo=2, routed)           1.920    13.331    clk_top_IBUF
    BUFGCTRL_X0Y16       BUFG (Prop_bufg_I_O)         0.091    13.422 f  clk_top_IBUF_BUFG_inst/O
                         net (fo=117, routed)         1.580    15.002    spi_ctrl/clk_top_IBUF_BUFG
    SLICE_X7Y116         FDRE                                         r  spi_ctrl/mosi_reg/C  (IS_INVERTED)
                         clock pessimism              0.276    15.278    
                         clock uncertainty           -0.035    15.243    
    SLICE_X7Y116         FDRE (Setup_fdre_C_CE)      -0.410    14.833    spi_ctrl/mosi_reg
  -------------------------------------------------------------------
                         required time                         14.833    
                         arrival time                          -7.455    
  -------------------------------------------------------------------
                         slack                                  7.378    

Slack (MET) :             15.394ns  (required time - arrival time)
  Source:                 spi_ctrl/shift_reg_reg[4]/C
                            (rising edge-triggered cell FDCE clocked by sys_clk_pin  {rise@0.000ns fall@10.000ns period=20.000ns})
  Destination:            spi_ctrl/FSM_onehot_state_reg[0]/CE
                            (rising edge-triggered cell FDPE clocked by sys_clk_pin  {rise@0.000ns fall@10.000ns period=20.000ns})
  Path Group:             sys_clk_pin
  Path Type:              Setup (Max at Slow Process Corner)
  Requirement:            20.000ns  (sys_clk_pin rise@20.000ns - sys_clk_pin rise@0.000ns)
  Data Path Delay:        4.435ns  (logic 0.966ns (21.782%)  route 3.469ns (78.218%))
  Logic Levels:           3  (LUT5=1 LUT6=2)
  Clock Path Skew:        0.033ns (DCD - SCD + CPR)
    Destination Clock Delay (DCD):    5.001ns = ( 25.001 - 20.000 ) 
    Source Clock Delay      (SCD):    5.227ns
    Clock Pessimism Removal (CPR):    0.259ns
  Clock Uncertainty:      0.035ns  ((TSJ^2 + TIJ^2)^1/2 + DJ) / 2 + PE
    Total System Jitter     (TSJ):    0.071ns
    Total Input Jitter      (TIJ):    0.000ns
    Discrete Jitter          (DJ):    0.000ns
    Phase Error              (PE):    0.000ns

    Location             Delay type                Incr(ns)  Path(ns)    Netlist Resource(s)
  -------------------------------------------------------------------    -------------------
                         (clock sys_clk_pin rise edge)
                                                      0.000     0.000 r  
    E3                                                0.000     0.000 r  clk_top (IN)
                         net (fo=0)                   0.000     0.000    clk_top
    E3                   IBUF (Prop_ibuf_I_O)         1.482     1.482 r  clk_top_IBUF_inst/O
                         net (fo=2, routed)           2.025     3.506    clk_top_IBUF
    BUFGCTRL_X0Y16       BUFG (Prop_bufg_I_O)         0.096     3.602 r  clk_top_IBUF_BUFG_inst/O
                         net (fo=117, routed)         1.625     5.227    spi_ctrl/clk_top_IBUF_BUFG
    SLICE_X9Y114         FDCE                                         r  spi_ctrl/shift_reg_reg[4]/C
  -------------------------------------------------------------------    -------------------
    SLICE_X9Y114         FDCE (Prop_fdce_C_Q)         0.419     5.646 r  spi_ctrl/shift_reg_reg[4]/Q
                         net (fo=4, routed)           1.199     6.845    spi_ctrl/in8[5]
    SLICE_X10Y116        LUT6 (Prop_lut6_I1_O)        0.299     7.144 f  spi_ctrl/FSM_onehot_state[5]_i_8/O
                         net (fo=1, routed)           0.667     7.811    spi_ctrl/FSM_onehot_state[5]_i_8_n_0
    SLICE_X10Y117        LUT5 (Prop_lut5_I0_O)        0.124     7.935 f  spi_ctrl/FSM_onehot_state[5]_i_3/O
                         net (fo=4, routed)           0.995     8.930    spi_ctrl/FSM_onehot_state[5]_i_3_n_0
    SLICE_X6Y117         LUT6 (Prop_lut6_I1_O)        0.124     9.054 r  spi_ctrl/FSM_onehot_state[5]_i_1/O
                         net (fo=6, routed)           0.608     9.662    spi_ctrl/FSM_onehot_state[5]_i_1_n_0
    SLICE_X6Y117         FDPE                                         r  spi_ctrl/FSM_onehot_state_reg[0]/CE
  -------------------------------------------------------------------    -------------------

                         (clock sys_clk_pin rise edge)
                                                     20.000    20.000 r  
    E3                                                0.000    20.000 r  clk_top (IN)
                         net (fo=0)                   0.000    20.000    clk_top
    E3                   IBUF (Prop_ibuf_I_O)         1.411    21.411 r  clk_top_IBUF_inst/O
                         net (fo=2, routed)           1.920    23.331    clk_top_IBUF
    BUFGCTRL_X0Y16       BUFG (Prop_bufg_I_O)         0.091    23.422 r  clk_top_IBUF_BUFG_inst/O
                         net (fo=117, routed)         1.579    25.001    spi_ctrl/clk_top_IBUF_BUFG
    SLICE_X6Y117         FDPE                                         r  spi_ctrl/FSM_onehot_state_reg[0]/C
                         clock pessimism              0.259    25.260    
                         clock uncertainty           -0.035    25.225    
    SLICE_X6Y117         FDPE (Setup_fdpe_C_CE)      -0.169    25.056    spi_ctrl/FSM_onehot_state_reg[0]
  -------------------------------------------------------------------
                         required time                         25.056    
                         arrival time                          -9.662    
  -------------------------------------------------------------------
                         slack                                 15.394    

Slack (MET) :             15.394ns  (required time - arrival time)
  Source:                 spi_ctrl/shift_reg_reg[4]/C
                            (rising edge-triggered cell FDCE clocked by sys_clk_pin  {rise@0.000ns fall@10.000ns period=20.000ns})
  Destination:            spi_ctrl/FSM_onehot_state_reg[1]/CE
                            (rising edge-triggered cell FDCE clocked by sys_clk_pin  {rise@0.000ns fall@10.000ns period=20.000ns})
  Path Group:             sys_clk_pin
  Path Type:              Setup (Max at Slow Process Corner)
  Requirement:            20.000ns  (sys_clk_pin rise@20.000ns - sys_clk_pin rise@0.000ns)
  Data Path Delay:        4.435ns  (logic 0.966ns (21.782%)  route 3.469ns (78.218%))
  Logic Levels:           3  (LUT5=1 LUT6=2)
  Clock Path Skew:        0.033ns (DCD - SCD + CPR)
    Destination Clock Delay (DCD):    5.001ns = ( 25.001 - 20.000 ) 
    Source Clock Delay      (SCD):    5.227ns
    Clock Pessimism Removal (CPR):    0.259ns
  Clock Uncertainty:      0.035ns  ((TSJ^2 + TIJ^2)^1/2 + DJ) / 2 + PE
    Total System Jitter     (TSJ):    0.071ns
    Total Input Jitter      (TIJ):    0.000ns
    Discrete Jitter          (DJ):    0.000ns
    Phase Error              (PE):    0.000ns

    Location             Delay type                Incr(ns)  Path(ns)    Netlist Resource(s)
  -------------------------------------------------------------------    -------------------
                         (clock sys_clk_pin rise edge)
                                                      0.000     0.000 r  
    E3                                                0.000     0.000 r  clk_top (IN)
                         net (fo=0)                   0.000     0.000    clk_top
    E3                   IBUF (Prop_ibuf_I_O)         1.482     1.482 r  clk_top_IBUF_inst/O
                         net (fo=2, routed)           2.025     3.506    clk_top_IBUF
    BUFGCTRL_X0Y16       BUFG (Prop_bufg_I_O)         0.096     3.602 r  clk_top_IBUF_BUFG_inst/O
                         net (fo=117, routed)         1.625     5.227    spi_ctrl/clk_top_IBUF_BUFG
    SLICE_X9Y114         FDCE                                         r  spi_ctrl/shift_reg_reg[4]/C
  -------------------------------------------------------------------    -------------------
    SLICE_X9Y114         FDCE (Prop_fdce_C_Q)         0.419     5.646 r  spi_ctrl/shift_reg_reg[4]/Q
                         net (fo=4, routed)           1.199     6.845    spi_ctrl/in8[5]
    SLICE_X10Y116        LUT6 (Prop_lut6_I1_O)        0.299     7.144 f  spi_ctrl/FSM_onehot_state[5]_i_8/O
                         net (fo=1, routed)           0.667     7.811    spi_ctrl/FSM_onehot_state[5]_i_8_n_0
    SLICE_X10Y117        LUT5 (Prop_lut5_I0_O)        0.124     7.935 f  spi_ctrl/FSM_onehot_state[5]_i_3/O
                         net (fo=4, routed)           0.995     8.930    spi_ctrl/FSM_onehot_state[5]_i_3_n_0
    SLICE_X6Y117         LUT6 (Prop_lut6_I1_O)        0.124     9.054 r  spi_ctrl/FSM_onehot_state[5]_i_1/O
                         net (fo=6, routed)           0.608     9.662    spi_ctrl/FSM_onehot_state[5]_i_1_n_0
    SLICE_X6Y117         FDCE                                         r  spi_ctrl/FSM_onehot_state_reg[1]/CE
  -------------------------------------------------------------------    -------------------

                         (clock sys_clk_pin rise edge)
                                                     20.000    20.000 r  
    E3                                                0.000    20.000 r  clk_top (IN)
                         net (fo=0)                   0.000    20.000    clk_top
    E3                   IBUF (Prop_ibuf_I_O)         1.411    21.411 r  clk_top_IBUF_inst/O
                         net (fo=2, routed)           1.920    23.331    clk_top_IBUF
    BUFGCTRL_X0Y16       BUFG (Prop_bufg_I_O)         0.091    23.422 r  clk_top_IBUF_BUFG_inst/O
                         net (fo=117, routed)         1.579    25.001    spi_ctrl/clk_top_IBUF_BUFG
    SLICE_X6Y117         FDCE                                         r  spi_ctrl/FSM_onehot_state_reg[1]/C
                         clock pessimism              0.259    25.260    
                         clock uncertainty           -0.035    25.225    
    SLICE_X6Y117         FDCE (Setup_fdce_C_CE)      -0.169    25.056    spi_ctrl/FSM_onehot_state_reg[1]
  -------------------------------------------------------------------
                         required time                         25.056    
                         arrival time                          -9.662    
  -------------------------------------------------------------------
                         slack                                 15.394    

Slack (MET) :             15.394ns  (required time - arrival time)
  Source:                 spi_ctrl/shift_reg_reg[4]/C
                            (rising edge-triggered cell FDCE clocked by sys_clk_pin  {rise@0.000ns fall@10.000ns period=20.000ns})
  Destination:            spi_ctrl/FSM_onehot_state_reg[2]/CE
                            (rising edge-triggered cell FDCE clocked by sys_clk_pin  {rise@0.000ns fall@10.000ns period=20.000ns})
  Path Group:             sys_clk_pin
  Path Type:              Setup (Max at Slow Process Corner)
  Requirement:            20.000ns  (sys_clk_pin rise@20.000ns - sys_clk_pin rise@0.000ns)
  Data Path Delay:        4.435ns  (logic 0.966ns (21.782%)  route 3.469ns (78.218%))
  Logic Levels:           3  (LUT5=1 LUT6=2)
  Clock Path Skew:        0.033ns (DCD - SCD + CPR)
    Destination Clock Delay (DCD):    5.001ns = ( 25.001 - 20.000 ) 
    Source Clock Delay      (SCD):    5.227ns
    Clock Pessimism Removal (CPR):    0.259ns
  Clock Uncertainty:      0.035ns  ((TSJ^2 + TIJ^2)^1/2 + DJ) / 2 + PE
    Total System Jitter     (TSJ):    0.071ns
    Total Input Jitter      (TIJ):    0.000ns
    Discrete Jitter          (DJ):    0.000ns
    Phase Error              (PE):    0.000ns

    Location             Delay type                Incr(ns)  Path(ns)    Netlist Resource(s)
  -------------------------------------------------------------------    -------------------
                         (clock sys_clk_pin rise edge)
                                                      0.000     0.000 r  
    E3                                                0.000     0.000 r  clk_top (IN)
                         net (fo=0)                   0.000     0.000    clk_top
    E3                   IBUF (Prop_ibuf_I_O)         1.482     1.482 r  clk_top_IBUF_inst/O
                         net (fo=2, routed)           2.025     3.506    clk_top_IBUF
    BUFGCTRL_X0Y16       BUFG (Prop_bufg_I_O)         0.096     3.602 r  clk_top_IBUF_BUFG_inst/O
                         net (fo=117, routed)         1.625     5.227    spi_ctrl/clk_top_IBUF_BUFG
    SLICE_X9Y114         FDCE                                         r  spi_ctrl/shift_reg_reg[4]/C
  -------------------------------------------------------------------    -------------------
    SLICE_X9Y114         FDCE (Prop_fdce_C_Q)         0.419     5.646 r  spi_ctrl/shift_reg_reg[4]/Q
                         net (fo=4, routed)           1.199     6.845    spi_ctrl/in8[5]
    SLICE_X10Y116        LUT6 (Prop_lut6_I1_O)        0.299     7.144 f  spi_ctrl/FSM_onehot_state[5]_i_8/O
                         net (fo=1, routed)           0.667     7.811    spi_ctrl/FSM_onehot_state[5]_i_8_n_0
    SLICE_X10Y117        LUT5 (Prop_lut5_I0_O)        0.124     7.935 f  spi_ctrl/FSM_onehot_state[5]_i_3/O
                         net (fo=4, routed)           0.995     8.930    spi_ctrl/FSM_onehot_state[5]_i_3_n_0
    SLICE_X6Y117         LUT6 (Prop_lut6_I1_O)        0.124     9.054 r  spi_ctrl/FSM_onehot_state[5]_i_1/O
                         net (fo=6, routed)           0.608     9.662    spi_ctrl/FSM_onehot_state[5]_i_1_n_0
    SLICE_X6Y117         FDCE                                         r  spi_ctrl/FSM_onehot_state_reg[2]/CE
  -------------------------------------------------------------------    -------------------

                         (clock sys_clk_pin rise edge)
                                                     20.000    20.000 r  
    E3                                                0.000    20.000 r  clk_top (IN)
                         net (fo=0)                   0.000    20.000    clk_top
    E3                   IBUF (Prop_ibuf_I_O)         1.411    21.411 r  clk_top_IBUF_inst/O
                         net (fo=2, routed)           1.920    23.331    clk_top_IBUF
    BUFGCTRL_X0Y16       BUFG (Prop_bufg_I_O)         0.091    23.422 r  clk_top_IBUF_BUFG_inst/O
                         net (fo=117, routed)         1.579    25.001    spi_ctrl/clk_top_IBUF_BUFG
    SLICE_X6Y117         FDCE                                         r  spi_ctrl/FSM_onehot_state_reg[2]/C
                         clock pessimism              0.259    25.260    
                         clock uncertainty           -0.035    25.225    
    SLICE_X6Y117         FDCE (Setup_fdce_C_CE)      -0.169    25.056    spi_ctrl/FSM_onehot_state_reg[2]
  -------------------------------------------------------------------
                         required time                         25.056    
                         arrival time                          -9.662    
  -------------------------------------------------------------------
                         slack                                 15.394    

Slack (MET) :             15.394ns  (required time - arrival time)
  Source:                 spi_ctrl/shift_reg_reg[4]/C
                            (rising edge-triggered cell FDCE clocked by sys_clk_pin  {rise@0.000ns fall@10.000ns period=20.000ns})
  Destination:            spi_ctrl/FSM_onehot_state_reg[3]/CE
                            (rising edge-triggered cell FDCE clocked by sys_clk_pin  {rise@0.000ns fall@10.000ns period=20.000ns})
  Path Group:             sys_clk_pin
  Path Type:              Setup (Max at Slow Process Corner)
  Requirement:            20.000ns  (sys_clk_pin rise@20.000ns - sys_clk_pin rise@0.000ns)
  Data Path Delay:        4.435ns  (logic 0.966ns (21.782%)  route 3.469ns (78.218%))
  Logic Levels:           3  (LUT5=1 LUT6=2)
  Clock Path Skew:        0.033ns (DCD - SCD + CPR)
    Destination Clock Delay (DCD):    5.001ns = ( 25.001 - 20.000 ) 
    Source Clock Delay      (SCD):    5.227ns
    Clock Pessimism Removal (CPR):    0.259ns
  Clock Uncertainty:      0.035ns  ((TSJ^2 + TIJ^2)^1/2 + DJ) / 2 + PE
    Total System Jitter     (TSJ):    0.071ns
    Total Input Jitter      (TIJ):    0.000ns
    Discrete Jitter          (DJ):    0.000ns
    Phase Error              (PE):    0.000ns

    Location             Delay type                Incr(ns)  Path(ns)    Netlist Resource(s)
  -------------------------------------------------------------------    -------------------
                         (clock sys_clk_pin rise edge)
                                                      0.000     0.000 r  
    E3                                                0.000     0.000 r  clk_top (IN)
                         net (fo=0)                   0.000     0.000    clk_top
    E3                   IBUF (Prop_ibuf_I_O)         1.482     1.482 r  clk_top_IBUF_inst/O
                         net (fo=2, routed)           2.025     3.506    clk_top_IBUF
    BUFGCTRL_X0Y16       BUFG (Prop_bufg_I_O)         0.096     3.602 r  clk_top_IBUF_BUFG_inst/O
                         net (fo=117, routed)         1.625     5.227    spi_ctrl/clk_top_IBUF_BUFG
    SLICE_X9Y114         FDCE                                         r  spi_ctrl/shift_reg_reg[4]/C
  -------------------------------------------------------------------    -------------------
    SLICE_X9Y114         FDCE (Prop_fdce_C_Q)         0.419     5.646 r  spi_ctrl/shift_reg_reg[4]/Q
                         net (fo=4, routed)           1.199     6.845    spi_ctrl/in8[5]
    SLICE_X10Y116        LUT6 (Prop_lut6_I1_O)        0.299     7.144 f  spi_ctrl/FSM_onehot_state[5]_i_8/O
                         net (fo=1, routed)           0.667     7.811    spi_ctrl/FSM_onehot_state[5]_i_8_n_0
    SLICE_X10Y117        LUT5 (Prop_lut5_I0_O)        0.124     7.935 f  spi_ctrl/FSM_onehot_state[5]_i_3/O
                         net (fo=4, routed)           0.995     8.930    spi_ctrl/FSM_onehot_state[5]_i_3_n_0
    SLICE_X6Y117         LUT6 (Prop_lut6_I1_O)        0.124     9.054 r  spi_ctrl/FSM_onehot_state[5]_i_1/O
                         net (fo=6, routed)           0.608     9.662    spi_ctrl/FSM_onehot_state[5]_i_1_n_0
    SLICE_X6Y117         FDCE                                         r  spi_ctrl/FSM_onehot_state_reg[3]/CE
  -------------------------------------------------------------------    -------------------

                         (clock sys_clk_pin rise edge)
                                                     20.000    20.000 r  
    E3                                                0.000    20.000 r  clk_top (IN)
                         net (fo=0)                   0.000    20.000    clk_top
    E3                   IBUF (Prop_ibuf_I_O)         1.411    21.411 r  clk_top_IBUF_inst/O
                         net (fo=2, routed)           1.920    23.331    clk_top_IBUF
    BUFGCTRL_X0Y16       BUFG (Prop_bufg_I_O)         0.091    23.422 r  clk_top_IBUF_BUFG_inst/O
                         net (fo=117, routed)         1.579    25.001    spi_ctrl/clk_top_IBUF_BUFG
    SLICE_X6Y117         FDCE                                         r  spi_ctrl/FSM_onehot_state_reg[3]/C
                         clock pessimism              0.259    25.260    
                         clock uncertainty           -0.035    25.225    
    SLICE_X6Y117         FDCE (Setup_fdce_C_CE)      -0.169    25.056    spi_ctrl/FSM_onehot_state_reg[3]
  -------------------------------------------------------------------
                         required time                         25.056    
                         arrival time                          -9.662    
  -------------------------------------------------------------------
                         slack                                 15.394    

Slack (MET) :             15.473ns  (required time - arrival time)
  Source:                 spi_ctrl/shift_reg_reg[4]/C
                            (rising edge-triggered cell FDCE clocked by sys_clk_pin  {rise@0.000ns fall@10.000ns period=20.000ns})
  Destination:            spi_ctrl/FSM_onehot_state_reg[4]/CE
                            (rising edge-triggered cell FDCE clocked by sys_clk_pin  {rise@0.000ns fall@10.000ns period=20.000ns})
  Path Group:             sys_clk_pin
  Path Type:              Setup (Max at Slow Process Corner)
  Requirement:            20.000ns  (sys_clk_pin rise@20.000ns - sys_clk_pin rise@0.000ns)
  Data Path Delay:        4.356ns  (logic 0.966ns (22.175%)  route 3.390ns (77.825%))
  Logic Levels:           3  (LUT5=1 LUT6=2)
  Clock Path Skew:        0.034ns (DCD - SCD + CPR)
    Destination Clock Delay (DCD):    5.002ns = ( 25.002 - 20.000 ) 
    Source Clock Delay      (SCD):    5.227ns
    Clock Pessimism Removal (CPR):    0.259ns
  Clock Uncertainty:      0.035ns  ((TSJ^2 + TIJ^2)^1/2 + DJ) / 2 + PE
    Total System Jitter     (TSJ):    0.071ns
    Total Input Jitter      (TIJ):    0.000ns
    Discrete Jitter          (DJ):    0.000ns
    Phase Error              (PE):    0.000ns

    Location             Delay type                Incr(ns)  Path(ns)    Netlist Resource(s)
  -------------------------------------------------------------------    -------------------
                         (clock sys_clk_pin rise edge)
                                                      0.000     0.000 r  
    E3                                                0.000     0.000 r  clk_top (IN)
                         net (fo=0)                   0.000     0.000    clk_top
    E3                   IBUF (Prop_ibuf_I_O)         1.482     1.482 r  clk_top_IBUF_inst/O
                         net (fo=2, routed)           2.025     3.506    clk_top_IBUF
    BUFGCTRL_X0Y16       BUFG (Prop_bufg_I_O)         0.096     3.602 r  clk_top_IBUF_BUFG_inst/O
                         net (fo=117, routed)         1.625     5.227    spi_ctrl/clk_top_IBUF_BUFG
    SLICE_X9Y114         FDCE                                         r  spi_ctrl/shift_reg_reg[4]/C
  -------------------------------------------------------------------    -------------------
    SLICE_X9Y114         FDCE (Prop_fdce_C_Q)         0.419     5.646 r  spi_ctrl/shift_reg_reg[4]/Q
                         net (fo=4, routed)           1.199     6.845    spi_ctrl/in8[5]
    SLICE_X10Y116        LUT6 (Prop_lut6_I1_O)        0.299     7.144 f  spi_ctrl/FSM_onehot_state[5]_i_8/O
                         net (fo=1, routed)           0.667     7.811    spi_ctrl/FSM_onehot_state[5]_i_8_n_0
    SLICE_X10Y117        LUT5 (Prop_lut5_I0_O)        0.124     7.935 f  spi_ctrl/FSM_onehot_state[5]_i_3/O
                         net (fo=4, routed)           0.995     8.930    spi_ctrl/FSM_onehot_state[5]_i_3_n_0
    SLICE_X6Y117         LUT6 (Prop_lut6_I1_O)        0.124     9.054 r  spi_ctrl/FSM_onehot_state[5]_i_1/O
                         net (fo=6, routed)           0.529     9.584    spi_ctrl/FSM_onehot_state[5]_i_1_n_0
    SLICE_X6Y116         FDCE                                         r  spi_ctrl/FSM_onehot_state_reg[4]/CE
  -------------------------------------------------------------------    -------------------

                         (clock sys_clk_pin rise edge)
                                                     20.000    20.000 r  
    E3                                                0.000    20.000 r  clk_top (IN)
                         net (fo=0)                   0.000    20.000    clk_top
    E3                   IBUF (Prop_ibuf_I_O)         1.411    21.411 r  clk_top_IBUF_inst/O
                         net (fo=2, routed)           1.920    23.331    clk_top_IBUF
    BUFGCTRL_X0Y16       BUFG (Prop_bufg_I_O)         0.091    23.422 r  clk_top_IBUF_BUFG_inst/O
                         net (fo=117, routed)         1.580    25.002    spi_ctrl/clk_top_IBUF_BUFG
    SLICE_X6Y116         FDCE                                         r  spi_ctrl/FSM_onehot_state_reg[4]/C
                         clock pessimism              0.259    25.261    
                         clock uncertainty           -0.035    25.226    
    SLICE_X6Y116         FDCE (Setup_fdce_C_CE)      -0.169    25.057    spi_ctrl/FSM_onehot_state_reg[4]
  -------------------------------------------------------------------
                         required time                         25.057    
                         arrival time                          -9.584    
  -------------------------------------------------------------------
                         slack                                 15.473    

Slack (MET) :             15.473ns  (required time - arrival time)
  Source:                 spi_ctrl/shift_reg_reg[4]/C
                            (rising edge-triggered cell FDCE clocked by sys_clk_pin  {rise@0.000ns fall@10.000ns period=20.000ns})
  Destination:            spi_ctrl/FSM_onehot_state_reg[5]/CE
                            (rising edge-triggered cell FDCE clocked by sys_clk_pin  {rise@0.000ns fall@10.000ns period=20.000ns})
  Path Group:             sys_clk_pin
  Path Type:              Setup (Max at Slow Process Corner)
  Requirement:            20.000ns  (sys_clk_pin rise@20.000ns - sys_clk_pin rise@0.000ns)
  Data Path Delay:        4.356ns  (logic 0.966ns (22.175%)  route 3.390ns (77.825%))
  Logic Levels:           3  (LUT5=1 LUT6=2)
  Clock Path Skew:        0.034ns (DCD - SCD + CPR)
    Destination Clock Delay (DCD):    5.002ns = ( 25.002 - 20.000 ) 
    Source Clock Delay      (SCD):    5.227ns
    Clock Pessimism Removal (CPR):    0.259ns
  Clock Uncertainty:      0.035ns  ((TSJ^2 + TIJ^2)^1/2 + DJ) / 2 + PE
    Total System Jitter     (TSJ):    0.071ns
    Total Input Jitter      (TIJ):    0.000ns
    Discrete Jitter          (DJ):    0.000ns
    Phase Error              (PE):    0.000ns

    Location             Delay type                Incr(ns)  Path(ns)    Netlist Resource(s)
  -------------------------------------------------------------------    -------------------
                         (clock sys_clk_pin rise edge)
                                                      0.000     0.000 r  
    E3                                                0.000     0.000 r  clk_top (IN)
                         net (fo=0)                   0.000     0.000    clk_top
    E3                   IBUF (Prop_ibuf_I_O)         1.482     1.482 r  clk_top_IBUF_inst/O
                         net (fo=2, routed)           2.025     3.506    clk_top_IBUF
    BUFGCTRL_X0Y16       BUFG (Prop_bufg_I_O)         0.096     3.602 r  clk_top_IBUF_BUFG_inst/O
                         net (fo=117, routed)         1.625     5.227    spi_ctrl/clk_top_IBUF_BUFG
    SLICE_X9Y114         FDCE                                         r  spi_ctrl/shift_reg_reg[4]/C
  -------------------------------------------------------------------    -------------------
    SLICE_X9Y114         FDCE (Prop_fdce_C_Q)         0.419     5.646 r  spi_ctrl/shift_reg_reg[4]/Q
                         net (fo=4, routed)           1.199     6.845    spi_ctrl/in8[5]
    SLICE_X10Y116        LUT6 (Prop_lut6_I1_O)        0.299     7.144 f  spi_ctrl/FSM_onehot_state[5]_i_8/O
                         net (fo=1, routed)           0.667     7.811    spi_ctrl/FSM_onehot_state[5]_i_8_n_0
    SLICE_X10Y117        LUT5 (Prop_lut5_I0_O)        0.124     7.935 f  spi_ctrl/FSM_onehot_state[5]_i_3/O
                         net (fo=4, routed)           0.995     8.930    spi_ctrl/FSM_onehot_state[5]_i_3_n_0
    SLICE_X6Y117         LUT6 (Prop_lut6_I1_O)        0.124     9.054 r  spi_ctrl/FSM_onehot_state[5]_i_1/O
                         net (fo=6, routed)           0.529     9.584    spi_ctrl/FSM_onehot_state[5]_i_1_n_0
    SLICE_X6Y116         FDCE                                         r  spi_ctrl/FSM_onehot_state_reg[5]/CE
  -------------------------------------------------------------------    -------------------

                         (clock sys_clk_pin rise edge)
                                                     20.000    20.000 r  
    E3                                                0.000    20.000 r  clk_top (IN)
                         net (fo=0)                   0.000    20.000    clk_top
    E3                   IBUF (Prop_ibuf_I_O)         1.411    21.411 r  clk_top_IBUF_inst/O
                         net (fo=2, routed)           1.920    23.331    clk_top_IBUF
    BUFGCTRL_X0Y16       BUFG (Prop_bufg_I_O)         0.091    23.422 r  clk_top_IBUF_BUFG_inst/O
                         net (fo=117, routed)         1.580    25.002    spi_ctrl/clk_top_IBUF_BUFG
    SLICE_X6Y116         FDCE                                         r  spi_ctrl/FSM_onehot_state_reg[5]/C
                         clock pessimism              0.259    25.261    
                         clock uncertainty           -0.035    25.226    
    SLICE_X6Y116         FDCE (Setup_fdce_C_CE)      -0.169    25.057    spi_ctrl/FSM_onehot_state_reg[5]
  -------------------------------------------------------------------
                         required time                         25.057    
                         arrival time                          -9.584    
  -------------------------------------------------------------------
                         slack                                 15.473    

Slack (MET) :             15.496ns  (required time - arrival time)
  Source:                 <hidden>
                            (rising edge-triggered cell RAMB18E1 clocked by sys_clk_pin  {rise@0.000ns fall@10.000ns period=20.000ns})
  Destination:            led/CF_reg/D
                            (rising edge-triggered cell FDRE clocked by sys_clk_pin  {rise@0.000ns fall@10.000ns period=20.000ns})
  Path Group:             sys_clk_pin
  Path Type:              Setup (Max at Slow Process Corner)
  Requirement:            20.000ns  (sys_clk_pin rise@20.000ns - sys_clk_pin rise@0.000ns)
  Data Path Delay:        4.549ns  (logic 1.480ns (32.537%)  route 3.069ns (67.463%))
  Logic Levels:           3  (LUT4=1 LUT6=2)
  Clock Path Skew:        0.000ns (DCD - SCD + CPR)
    Destination Clock Delay (DCD):    5.004ns = ( 25.004 - 20.000 ) 
    Source Clock Delay      (SCD):    5.264ns
    Clock Pessimism Removal (CPR):    0.259ns
  Clock Uncertainty:      0.035ns  ((TSJ^2 + TIJ^2)^1/2 + DJ) / 2 + PE
    Total System Jitter     (TSJ):    0.071ns
    Total Input Jitter      (TIJ):    0.000ns
    Discrete Jitter          (DJ):    0.000ns
    Phase Error              (PE):    0.000ns

    Location             Delay type                Incr(ns)  Path(ns)    Netlist Resource(s)
  -------------------------------------------------------------------    -------------------
                         (clock sys_clk_pin rise edge)
                                                      0.000     0.000 r  
    E3                                                0.000     0.000 r  clk_top (IN)
                         net (fo=0)                   0.000     0.000    clk_top
    E3                   IBUF (Prop_ibuf_I_O)         1.482     1.482 r  clk_top_IBUF_inst/O
                         net (fo=2, routed)           2.025     3.506    clk_top_IBUF
    BUFGCTRL_X0Y16       BUFG (Prop_bufg_I_O)         0.096     3.602 r  clk_top_IBUF_BUFG_inst/O
                         net (fo=117, routed)         1.661     5.264    <hidden>
    RAMB18_X0Y46         RAMB18E1                                     r  <hidden>
  -------------------------------------------------------------------    -------------------
    RAMB18_X0Y46         RAMB18E1 (Prop_ramb18e1_CLKARDCLK_DOADO[1])
                                                      0.882     6.146 r  <hidden>
                         net (fo=7, routed)           1.395     7.541    led/douta[1]
    SLICE_X8Y113         LUT4 (Prop_lut4_I3_O)        0.146     7.687 r  led/CF_i_9/O
                         net (fo=1, routed)           1.035     8.722    led/CF_i_9_n_0
    SLICE_X7Y114         LUT6 (Prop_lut6_I5_O)        0.328     9.050 r  led/CF_i_5/O
                         net (fo=1, routed)           0.639     9.689    led/CF_i_5_n_0
    SLICE_X6Y114         LUT6 (Prop_lut6_I5_O)        0.124     9.813 r  led/CF_i_1/O
                         net (fo=1, routed)           0.000     9.813    led/CF
    SLICE_X6Y114         FDRE                                         r  led/CF_reg/D
  -------------------------------------------------------------------    -------------------

                         (clock sys_clk_pin rise edge)
                                                     20.000    20.000 r  
    E3                                                0.000    20.000 r  clk_top (IN)
                         net (fo=0)                   0.000    20.000    clk_top
    E3                   IBUF (Prop_ibuf_I_O)         1.411    21.411 r  clk_top_IBUF_inst/O
                         net (fo=2, routed)           1.920    23.331    clk_top_IBUF
    BUFGCTRL_X0Y16       BUFG (Prop_bufg_I_O)         0.091    23.422 r  clk_top_IBUF_BUFG_inst/O
                         net (fo=117, routed)         1.582    25.004    led/clk_top_IBUF_BUFG
    SLICE_X6Y114         FDRE                                         r  led/CF_reg/C
                         clock pessimism              0.259    25.263    
                         clock uncertainty           -0.035    25.228    
    SLICE_X6Y114         FDRE (Setup_fdre_C_D)        0.081    25.309    led/CF_reg
  -------------------------------------------------------------------
                         required time                         25.309    
                         arrival time                          -9.813    
  -------------------------------------------------------------------
                         slack                                 15.496    

Slack (MET) :             15.788ns  (required time - arrival time)
  Source:                 <hidden>
                            (rising edge-triggered cell RAMB18E1 clocked by sys_clk_pin  {rise@0.000ns fall@10.000ns period=20.000ns})
  Destination:            led/CA_reg/D
                            (rising edge-triggered cell FDRE clocked by sys_clk_pin  {rise@0.000ns fall@10.000ns period=20.000ns})
  Path Group:             sys_clk_pin
  Path Type:              Setup (Max at Slow Process Corner)
  Requirement:            20.000ns  (sys_clk_pin rise@20.000ns - sys_clk_pin rise@0.000ns)
  Data Path Delay:        4.202ns  (logic 1.254ns (29.843%)  route 2.948ns (70.157%))
  Logic Levels:           3  (LUT4=1 LUT6=2)
  Clock Path Skew:        -0.003ns (DCD - SCD + CPR)
    Destination Clock Delay (DCD):    5.004ns = ( 25.004 - 20.000 ) 
    Source Clock Delay      (SCD):    5.267ns
    Clock Pessimism Removal (CPR):    0.259ns
  Clock Uncertainty:      0.035ns  ((TSJ^2 + TIJ^2)^1/2 + DJ) / 2 + PE
    Total System Jitter     (TSJ):    0.071ns
    Total Input Jitter      (TIJ):    0.000ns
    Discrete Jitter          (DJ):    0.000ns
    Phase Error              (PE):    0.000ns

    Location             Delay type                Incr(ns)  Path(ns)    Netlist Resource(s)
  -------------------------------------------------------------------    -------------------
                         (clock sys_clk_pin rise edge)
                                                      0.000     0.000 r  
    E3                                                0.000     0.000 r  clk_top (IN)
                         net (fo=0)                   0.000     0.000    clk_top
    E3                   IBUF (Prop_ibuf_I_O)         1.482     1.482 r  clk_top_IBUF_inst/O
                         net (fo=2, routed)           2.025     3.506    clk_top_IBUF
    BUFGCTRL_X0Y16       BUFG (Prop_bufg_I_O)         0.096     3.602 r  clk_top_IBUF_BUFG_inst/O
                         net (fo=117, routed)         1.664     5.267    <hidden>
    RAMB18_X0Y46         RAMB18E1                                     r  <hidden>
  -------------------------------------------------------------------    -------------------
    RAMB18_X0Y46         RAMB18E1 (Prop_ramb18e1_CLKBWRCLK_DOBDO[3])
                                                      0.882     6.149 r  <hidden>
                         net (fo=7, routed)           1.037     7.186    led/douta[19]
    SLICE_X8Y115         LUT4 (Prop_lut4_I0_O)        0.124     7.310 r  led/CA_i_7/O
                         net (fo=1, routed)           0.829     8.140    led/CA_i_7_n_0
    SLICE_X6Y116         LUT6 (Prop_lut6_I5_O)        0.124     8.264 r  led/CA_i_3/O
                         net (fo=1, routed)           1.081     9.345    led/CA_i_3_n_0
    SLICE_X5Y114         LUT6 (Prop_lut6_I1_O)        0.124     9.469 r  led/CA_i_1/O
                         net (fo=1, routed)           0.000     9.469    led/CA
    SLICE_X5Y114         FDRE                                         r  led/CA_reg/D
  -------------------------------------------------------------------    -------------------

                         (clock sys_clk_pin rise edge)
                                                     20.000    20.000 r  
    E3                                                0.000    20.000 r  clk_top (IN)
                         net (fo=0)                   0.000    20.000    clk_top
    E3                   IBUF (Prop_ibuf_I_O)         1.411    21.411 r  clk_top_IBUF_inst/O
                         net (fo=2, routed)           1.920    23.331    clk_top_IBUF
    BUFGCTRL_X0Y16       BUFG (Prop_bufg_I_O)         0.091    23.422 r  clk_top_IBUF_BUFG_inst/O
                         net (fo=117, routed)         1.582    25.004    led/clk_top_IBUF_BUFG
    SLICE_X5Y114         FDRE                                         r  led/CA_reg/C
                         clock pessimism              0.259    25.263    
                         clock uncertainty           -0.035    25.228    
    SLICE_X5Y114         FDRE (Setup_fdre_C_D)        0.029    25.257    led/CA_reg
  -------------------------------------------------------------------
                         required time                         25.257    
                         arrival time                          -9.469    
  -------------------------------------------------------------------
                         slack                                 15.788    





Min Delay Paths
--------------------------------------------------------------------------------------
Slack (MET) :             0.123ns  (arrival time - required time)
  Source:                 spi_ctrl/dummy_pc_reg[2]/C
                            (rising edge-triggered cell FDRE clocked by sys_clk_pin  {rise@0.000ns fall@10.000ns period=20.000ns})
  Destination:            <hidden>
                            (rising edge-triggered cell RAMB18E1 clocked by sys_clk_pin  {rise@0.000ns fall@10.000ns period=20.000ns})
  Path Group:             sys_clk_pin
  Path Type:              Hold (Min at Fast Process Corner)
  Requirement:            0.000ns  (sys_clk_pin rise@0.000ns - sys_clk_pin rise@0.000ns)
  Data Path Delay:        0.309ns  (logic 0.148ns (47.838%)  route 0.161ns (52.162%))
  Logic Levels:           0  
  Clock Path Skew:        0.056ns (DCD - SCD - CPR)
    Destination Clock Delay (DCD):    2.040ns
    Source Clock Delay      (SCD):    1.483ns
    Clock Pessimism Removal (CPR):    0.500ns

    Location             Delay type                Incr(ns)  Path(ns)    Netlist Resource(s)
  -------------------------------------------------------------------    -------------------
                         (clock sys_clk_pin rise edge)
                                                      0.000     0.000 r  
    E3                                                0.000     0.000 r  clk_top (IN)
                         net (fo=0)                   0.000     0.000    clk_top
    E3                   IBUF (Prop_ibuf_I_O)         0.250     0.250 r  clk_top_IBUF_inst/O
                         net (fo=2, routed)           0.644     0.894    clk_top_IBUF
    BUFGCTRL_X0Y16       BUFG (Prop_bufg_I_O)         0.026     0.920 r  clk_top_IBUF_BUFG_inst/O
                         net (fo=117, routed)         0.564     1.483    spi_ctrl/clk_top_IBUF_BUFG
    SLICE_X8Y116         FDRE                                         r  spi_ctrl/dummy_pc_reg[2]/C
  -------------------------------------------------------------------    -------------------
    SLICE_X8Y116         FDRE (Prop_fdre_C_Q)         0.148     1.631 r  spi_ctrl/dummy_pc_reg[2]/Q
                         net (fo=2, routed)           0.161     1.793    <hidden>
    RAMB18_X0Y46         RAMB18E1                                     r  <hidden>
  -------------------------------------------------------------------    -------------------

                         (clock sys_clk_pin rise edge)
                                                      0.000     0.000 r  
    E3                                                0.000     0.000 r  clk_top (IN)
                         net (fo=0)                   0.000     0.000    clk_top
    E3                   IBUF (Prop_ibuf_I_O)         0.438     0.438 r  clk_top_IBUF_inst/O
                         net (fo=2, routed)           0.699     1.136    clk_top_IBUF
    BUFGCTRL_X0Y16       BUFG (Prop_bufg_I_O)         0.029     1.165 r  clk_top_IBUF_BUFG_inst/O
                         net (fo=117, routed)         0.875     2.040    <hidden>
    RAMB18_X0Y46         RAMB18E1                                     r  <hidden>
                         clock pessimism             -0.500     1.540    
    RAMB18_X0Y46         RAMB18E1 (Hold_ramb18e1_CLKBWRCLK_ADDRBWRADDR[7])
                                                      0.130     1.670    <hidden>
  -------------------------------------------------------------------
                         required time                         -1.670    
                         arrival time                           1.793    
  -------------------------------------------------------------------
                         slack                                  0.123    

Slack (MET) :             0.126ns  (arrival time - required time)
  Source:                 spi_ctrl/dummy_pc_reg[2]/C
                            (rising edge-triggered cell FDRE clocked by sys_clk_pin  {rise@0.000ns fall@10.000ns period=20.000ns})
  Destination:            <hidden>
                            (rising edge-triggered cell RAMB18E1 clocked by sys_clk_pin  {rise@0.000ns fall@10.000ns period=20.000ns})
  Path Group:             sys_clk_pin
  Path Type:              Hold (Min at Fast Process Corner)
  Requirement:            0.000ns  (sys_clk_pin rise@0.000ns - sys_clk_pin rise@0.000ns)
  Data Path Delay:        0.311ns  (logic 0.148ns (47.597%)  route 0.163ns (52.403%))
  Logic Levels:           0  
  Clock Path Skew:        0.054ns (DCD - SCD - CPR)
    Destination Clock Delay (DCD):    2.038ns
    Source Clock Delay      (SCD):    1.483ns
    Clock Pessimism Removal (CPR):    0.500ns

    Location             Delay type                Incr(ns)  Path(ns)    Netlist Resource(s)
  -------------------------------------------------------------------    -------------------
                         (clock sys_clk_pin rise edge)
                                                      0.000     0.000 r  
    E3                                                0.000     0.000 r  clk_top (IN)
                         net (fo=0)                   0.000     0.000    clk_top
    E3                   IBUF (Prop_ibuf_I_O)         0.250     0.250 r  clk_top_IBUF_inst/O
                         net (fo=2, routed)           0.644     0.894    clk_top_IBUF
    BUFGCTRL_X0Y16       BUFG (Prop_bufg_I_O)         0.026     0.920 r  clk_top_IBUF_BUFG_inst/O
                         net (fo=117, routed)         0.564     1.483    spi_ctrl/clk_top_IBUF_BUFG
    SLICE_X8Y116         FDRE                                         r  spi_ctrl/dummy_pc_reg[2]/C
  -------------------------------------------------------------------    -------------------
    SLICE_X8Y116         FDRE (Prop_fdre_C_Q)         0.148     1.631 r  spi_ctrl/dummy_pc_reg[2]/Q
                         net (fo=2, routed)           0.163     1.794    <hidden>
    RAMB18_X0Y46         RAMB18E1                                     r  <hidden>
  -------------------------------------------------------------------    -------------------

                         (clock sys_clk_pin rise edge)
                                                      0.000     0.000 r  
    E3                                                0.000     0.000 r  clk_top (IN)
                         net (fo=0)                   0.000     0.000    clk_top
    E3                   IBUF (Prop_ibuf_I_O)         0.438     0.438 r  clk_top_IBUF_inst/O
                         net (fo=2, routed)           0.699     1.136    clk_top_IBUF
    BUFGCTRL_X0Y16       BUFG (Prop_bufg_I_O)         0.029     1.165 r  clk_top_IBUF_BUFG_inst/O
                         net (fo=117, routed)         0.873     2.038    <hidden>
    RAMB18_X0Y46         RAMB18E1                                     r  <hidden>
                         clock pessimism             -0.500     1.538    
    RAMB18_X0Y46         RAMB18E1 (Hold_ramb18e1_CLKARDCLK_ADDRARDADDR[7])
                                                      0.130     1.668    <hidden>
  -------------------------------------------------------------------
                         required time                         -1.668    
                         arrival time                           1.794    
  -------------------------------------------------------------------
                         slack                                  0.126    

Slack (MET) :             0.163ns  (arrival time - required time)
  Source:                 spi_ctrl/dummy_data_reg[14]/C
                            (rising edge-triggered cell FDRE clocked by sys_clk_pin  {rise@0.000ns fall@10.000ns period=20.000ns})
  Destination:            <hidden>
                            (rising edge-triggered cell RAMB18E1 clocked by sys_clk_pin  {rise@0.000ns fall@10.000ns period=20.000ns})
  Path Group:             sys_clk_pin
  Path Type:              Hold (Min at Fast Process Corner)
  Requirement:            0.000ns  (sys_clk_pin rise@0.000ns - sys_clk_pin rise@0.000ns)
  Data Path Delay:        0.482ns  (logic 0.148ns (30.726%)  route 0.334ns (69.274%))
  Logic Levels:           0  
  Clock Path Skew:        0.075ns (DCD - SCD - CPR)
    Destination Clock Delay (DCD):    2.038ns
    Source Clock Delay      (SCD):    1.483ns
    Clock Pessimism Removal (CPR):    0.479ns

    Location             Delay type                Incr(ns)  Path(ns)    Netlist Resource(s)
  -------------------------------------------------------------------    -------------------
                         (clock sys_clk_pin rise edge)
                                                      0.000     0.000 r  
    E3                                                0.000     0.000 r  clk_top (IN)
                         net (fo=0)                   0.000     0.000    clk_top
    E3                   IBUF (Prop_ibuf_I_O)         0.250     0.250 r  clk_top_IBUF_inst/O
                         net (fo=2, routed)           0.644     0.894    clk_top_IBUF
    BUFGCTRL_X0Y16       BUFG (Prop_bufg_I_O)         0.026     0.920 r  clk_top_IBUF_BUFG_inst/O
                         net (fo=117, routed)         0.564     1.483    spi_ctrl/clk_top_IBUF_BUFG
    SLICE_X10Y116        FDRE                                         r  spi_ctrl/dummy_data_reg[14]/C
  -------------------------------------------------------------------    -------------------
    SLICE_X10Y116        FDRE (Prop_fdre_C_Q)         0.148     1.631 r  spi_ctrl/dummy_data_reg[14]/Q
                         net (fo=1, routed)           0.334     1.965    <hidden>
    RAMB18_X0Y46         RAMB18E1                                     r  <hidden>
  -------------------------------------------------------------------    -------------------

                         (clock sys_clk_pin rise edge)
                                                      0.000     0.000 r  
    E3                                                0.000     0.000 r  clk_top (IN)
                         net (fo=0)                   0.000     0.000    clk_top
    E3                   IBUF (Prop_ibuf_I_O)         0.438     0.438 r  clk_top_IBUF_inst/O
                         net (fo=2, routed)           0.699     1.136    clk_top_IBUF
    BUFGCTRL_X0Y16       BUFG (Prop_bufg_I_O)         0.029     1.165 r  clk_top_IBUF_BUFG_inst/O
                         net (fo=117, routed)         0.873     2.038    <hidden>
    RAMB18_X0Y46         RAMB18E1                                     r  <hidden>
                         clock pessimism             -0.479     1.559    
    RAMB18_X0Y46         RAMB18E1 (Hold_ramb18e1_CLKARDCLK_DIADI[14])
                                                      0.243     1.802    <hidden>
  -------------------------------------------------------------------
                         required time                         -1.802    
                         arrival time                           1.965    
  -------------------------------------------------------------------
                         slack                                  0.163    

Slack (MET) :             0.168ns  (arrival time - required time)
  Source:                 spi_ctrl/dummy_data_reg[9]/C
                            (rising edge-triggered cell FDRE clocked by sys_clk_pin  {rise@0.000ns fall@10.000ns period=20.000ns})
  Destination:            <hidden>
                            (rising edge-triggered cell RAMB18E1 clocked by sys_clk_pin  {rise@0.000ns fall@10.000ns period=20.000ns})
  Path Group:             sys_clk_pin
  Path Type:              Hold (Min at Fast Process Corner)
  Requirement:            0.000ns  (sys_clk_pin rise@0.000ns - sys_clk_pin rise@0.000ns)
  Data Path Delay:        0.464ns  (logic 0.128ns (27.576%)  route 0.336ns (72.424%))
  Logic Levels:           0  
  Clock Path Skew:        0.053ns (DCD - SCD - CPR)
    Destination Clock Delay (DCD):    2.038ns
    Source Clock Delay      (SCD):    1.484ns
    Clock Pessimism Removal (CPR):    0.500ns

    Location             Delay type                Incr(ns)  Path(ns)    Netlist Resource(s)
  -------------------------------------------------------------------    -------------------
                         (clock sys_clk_pin rise edge)
                                                      0.000     0.000 r  
    E3                                                0.000     0.000 r  clk_top (IN)
                         net (fo=0)                   0.000     0.000    clk_top
    E3                   IBUF (Prop_ibuf_I_O)         0.250     0.250 r  clk_top_IBUF_inst/O
                         net (fo=2, routed)           0.644     0.894    clk_top_IBUF
    BUFGCTRL_X0Y16       BUFG (Prop_bufg_I_O)         0.026     0.920 r  clk_top_IBUF_BUFG_inst/O
                         net (fo=117, routed)         0.565     1.484    spi_ctrl/clk_top_IBUF_BUFG
    SLICE_X9Y115         FDRE                                         r  spi_ctrl/dummy_data_reg[9]/C
  -------------------------------------------------------------------    -------------------
    SLICE_X9Y115         FDRE (Prop_fdre_C_Q)         0.128     1.612 r  spi_ctrl/dummy_data_reg[9]/Q
                         net (fo=1, routed)           0.336     1.949    <hidden>
    RAMB18_X0Y46         RAMB18E1                                     r  <hidden>
  -------------------------------------------------------------------    -------------------

                         (clock sys_clk_pin rise edge)
                                                      0.000     0.000 r  
    E3                                                0.000     0.000 r  clk_top (IN)
                         net (fo=0)                   0.000     0.000    clk_top
    E3                   IBUF (Prop_ibuf_I_O)         0.438     0.438 r  clk_top_IBUF_inst/O
                         net (fo=2, routed)           0.699     1.136    clk_top_IBUF
    BUFGCTRL_X0Y16       BUFG (Prop_bufg_I_O)         0.029     1.165 r  clk_top_IBUF_BUFG_inst/O
                         net (fo=117, routed)         0.873     2.038    <hidden>
    RAMB18_X0Y46         RAMB18E1                                     r  <hidden>
                         clock pessimism             -0.500     1.538    
    RAMB18_X0Y46         RAMB18E1 (Hold_ramb18e1_CLKARDCLK_DIADI[9])
                                                      0.243     1.781    <hidden>
  -------------------------------------------------------------------
                         required time                         -1.781    
                         arrival time                           1.949    
  -------------------------------------------------------------------
                         slack                                  0.168    

Slack (MET) :             0.170ns  (arrival time - required time)
  Source:                 spi_ctrl/dummy_data_reg[30]/C
                            (rising edge-triggered cell FDRE clocked by sys_clk_pin  {rise@0.000ns fall@10.000ns period=20.000ns})
  Destination:            <hidden>
                            (rising edge-triggered cell RAMB18E1 clocked by sys_clk_pin  {rise@0.000ns fall@10.000ns period=20.000ns})
  Path Group:             sys_clk_pin
  Path Type:              Hold (Min at Fast Process Corner)
  Requirement:            0.000ns  (sys_clk_pin rise@0.000ns - sys_clk_pin rise@0.000ns)
  Data Path Delay:        0.523ns  (logic 0.164ns (31.354%)  route 0.359ns (68.646%))
  Logic Levels:           0  
  Clock Path Skew:        0.057ns (DCD - SCD - CPR)
    Destination Clock Delay (DCD):    2.040ns
    Source Clock Delay      (SCD):    1.482ns
    Clock Pessimism Removal (CPR):    0.500ns

    Location             Delay type                Incr(ns)  Path(ns)    Netlist Resource(s)
  -------------------------------------------------------------------    -------------------
                         (clock sys_clk_pin rise edge)
                                                      0.000     0.000 r  
    E3                                                0.000     0.000 r  clk_top (IN)
                         net (fo=0)                   0.000     0.000    clk_top
    E3                   IBUF (Prop_ibuf_I_O)         0.250     0.250 r  clk_top_IBUF_inst/O
                         net (fo=2, routed)           0.644     0.894    clk_top_IBUF
    BUFGCTRL_X0Y16       BUFG (Prop_bufg_I_O)         0.026     0.920 r  clk_top_IBUF_BUFG_inst/O
                         net (fo=117, routed)         0.563     1.482    spi_ctrl/clk_top_IBUF_BUFG
    SLICE_X8Y117         FDRE                                         r  spi_ctrl/dummy_data_reg[30]/C
  -------------------------------------------------------------------    -------------------
    SLICE_X8Y117         FDRE (Prop_fdre_C_Q)         0.164     1.646 r  spi_ctrl/dummy_data_reg[30]/Q
                         net (fo=1, routed)           0.359     2.005    <hidden>
    RAMB18_X0Y46         RAMB18E1                                     r  <hidden>
  -------------------------------------------------------------------    -------------------

                         (clock sys_clk_pin rise edge)
                                                      0.000     0.000 r  
    E3                                                0.000     0.000 r  clk_top (IN)
                         net (fo=0)                   0.000     0.000    clk_top
    E3                   IBUF (Prop_ibuf_I_O)         0.438     0.438 r  clk_top_IBUF_inst/O
                         net (fo=2, routed)           0.699     1.136    clk_top_IBUF
    BUFGCTRL_X0Y16       BUFG (Prop_bufg_I_O)         0.029     1.165 r  clk_top_IBUF_BUFG_inst/O
                         net (fo=117, routed)         0.875     2.040    <hidden>
    RAMB18_X0Y46         RAMB18E1                                     r  <hidden>
                         clock pessimism             -0.500     1.540    
    RAMB18_X0Y46         RAMB18E1 (Hold_ramb18e1_CLKBWRCLK_DIBDI[14])
                                                      0.296     1.836    <hidden>
  -------------------------------------------------------------------
                         required time                         -1.836    
                         arrival time                           2.005    
  -------------------------------------------------------------------
                         slack                                  0.170    

Slack (MET) :             0.176ns  (arrival time - required time)
  Source:                 spi_ctrl/dummy_pc_reg[3]/C
                            (rising edge-triggered cell FDRE clocked by sys_clk_pin  {rise@0.000ns fall@10.000ns period=20.000ns})
  Destination:            <hidden>
                            (rising edge-triggered cell RAMB18E1 clocked by sys_clk_pin  {rise@0.000ns fall@10.000ns period=20.000ns})
  Path Group:             sys_clk_pin
  Path Type:              Hold (Min at Fast Process Corner)
  Requirement:            0.000ns  (sys_clk_pin rise@0.000ns - sys_clk_pin rise@0.000ns)
  Data Path Delay:        0.363ns  (logic 0.148ns (40.817%)  route 0.215ns (59.183%))
  Logic Levels:           0  
  Clock Path Skew:        0.057ns (DCD - SCD - CPR)
    Destination Clock Delay (DCD):    2.040ns
    Source Clock Delay      (SCD):    1.482ns
    Clock Pessimism Removal (CPR):    0.500ns

    Location             Delay type                Incr(ns)  Path(ns)    Netlist Resource(s)
  -------------------------------------------------------------------    -------------------
                         (clock sys_clk_pin rise edge)
                                                      0.000     0.000 r  
    E3                                                0.000     0.000 r  clk_top (IN)
                         net (fo=0)                   0.000     0.000    clk_top
    E3                   IBUF (Prop_ibuf_I_O)         0.250     0.250 r  clk_top_IBUF_inst/O
                         net (fo=2, routed)           0.644     0.894    clk_top_IBUF
    BUFGCTRL_X0Y16       BUFG (Prop_bufg_I_O)         0.026     0.920 r  clk_top_IBUF_BUFG_inst/O
                         net (fo=117, routed)         0.563     1.482    spi_ctrl/clk_top_IBUF_BUFG
    SLICE_X8Y117         FDRE                                         r  spi_ctrl/dummy_pc_reg[3]/C
  -------------------------------------------------------------------    -------------------
    SLICE_X8Y117         FDRE (Prop_fdre_C_Q)         0.148     1.630 r  spi_ctrl/dummy_pc_reg[3]/Q
                         net (fo=2, routed)           0.215     1.845    <hidden>
    RAMB18_X0Y46         RAMB18E1                                     r  <hidden>
  -------------------------------------------------------------------    -------------------

                         (clock sys_clk_pin rise edge)
                                                      0.000     0.000 r  
    E3                                                0.000     0.000 r  clk_top (IN)
                         net (fo=0)                   0.000     0.000    clk_top
    E3                   IBUF (Prop_ibuf_I_O)         0.438     0.438 r  clk_top_IBUF_inst/O
                         net (fo=2, routed)           0.699     1.136    clk_top_IBUF
    BUFGCTRL_X0Y16       BUFG (Prop_bufg_I_O)         0.029     1.165 r  clk_top_IBUF_BUFG_inst/O
                         net (fo=117, routed)         0.875     2.040    <hidden>
    RAMB18_X0Y46         RAMB18E1                                     r  <hidden>
                         clock pessimism             -0.500     1.540    
    RAMB18_X0Y46         RAMB18E1 (Hold_ramb18e1_CLKBWRCLK_ADDRBWRADDR[8])
                                                      0.129     1.669    <hidden>
  -------------------------------------------------------------------
                         required time                         -1.669    
                         arrival time                           1.845    
  -------------------------------------------------------------------
                         slack                                  0.176    

Slack (MET) :             0.179ns  (arrival time - required time)
  Source:                 spi_ctrl/dummy_data_reg[15]/C
                            (rising edge-triggered cell FDRE clocked by sys_clk_pin  {rise@0.000ns fall@10.000ns period=20.000ns})
  Destination:            <hidden>
                            (rising edge-triggered cell RAMB18E1 clocked by sys_clk_pin  {rise@0.000ns fall@10.000ns period=20.000ns})
  Path Group:             sys_clk_pin
  Path Type:              Hold (Min at Fast Process Corner)
  Requirement:            0.000ns  (sys_clk_pin rise@0.000ns - sys_clk_pin rise@0.000ns)
  Data Path Delay:        0.530ns  (logic 0.164ns (30.942%)  route 0.366ns (69.058%))
  Logic Levels:           0  
  Clock Path Skew:        0.055ns (DCD - SCD - CPR)
    Destination Clock Delay (DCD):    2.038ns
    Source Clock Delay      (SCD):    1.482ns
    Clock Pessimism Removal (CPR):    0.500ns

    Location             Delay type                Incr(ns)  Path(ns)    Netlist Resource(s)
  -------------------------------------------------------------------    -------------------
                         (clock sys_clk_pin rise edge)
                                                      0.000     0.000 r  
    E3                                                0.000     0.000 r  clk_top (IN)
                         net (fo=0)                   0.000     0.000    clk_top
    E3                   IBUF (Prop_ibuf_I_O)         0.250     0.250 r  clk_top_IBUF_inst/O
                         net (fo=2, routed)           0.644     0.894    clk_top_IBUF
    BUFGCTRL_X0Y16       BUFG (Prop_bufg_I_O)         0.026     0.920 r  clk_top_IBUF_BUFG_inst/O
                         net (fo=117, routed)         0.563     1.482    spi_ctrl/clk_top_IBUF_BUFG
    SLICE_X8Y117         FDRE                                         r  spi_ctrl/dummy_data_reg[15]/C
  -------------------------------------------------------------------    -------------------
    SLICE_X8Y117         FDRE (Prop_fdre_C_Q)         0.164     1.646 r  spi_ctrl/dummy_data_reg[15]/Q
                         net (fo=1, routed)           0.366     2.012    <hidden>
    RAMB18_X0Y46         RAMB18E1                                     r  <hidden>
  -------------------------------------------------------------------    -------------------

                         (clock sys_clk_pin rise edge)
                                                      0.000     0.000 r  
    E3                                                0.000     0.000 r  clk_top (IN)
                         net (fo=0)                   0.000     0.000    clk_top
    E3                   IBUF (Prop_ibuf_I_O)         0.438     0.438 r  clk_top_IBUF_inst/O
                         net (fo=2, routed)           0.699     1.136    clk_top_IBUF
    BUFGCTRL_X0Y16       BUFG (Prop_bufg_I_O)         0.029     1.165 r  clk_top_IBUF_BUFG_inst/O
                         net (fo=117, routed)         0.873     2.038    <hidden>
    RAMB18_X0Y46         RAMB18E1                                     r  <hidden>
                         clock pessimism             -0.500     1.538    
    RAMB18_X0Y46         RAMB18E1 (Hold_ramb18e1_CLKARDCLK_DIADI[15])
                                                      0.296     1.834    <hidden>
  -------------------------------------------------------------------
                         required time                         -1.834    
                         arrival time                           2.012    
  -------------------------------------------------------------------
                         slack                                  0.179    

Slack (MET) :             0.179ns  (arrival time - required time)
  Source:                 spi_ctrl/dummy_data_reg[5]/C
                            (rising edge-triggered cell FDRE clocked by sys_clk_pin  {rise@0.000ns fall@10.000ns period=20.000ns})
  Destination:            <hidden>
                            (rising edge-triggered cell RAMB18E1 clocked by sys_clk_pin  {rise@0.000ns fall@10.000ns period=20.000ns})
  Path Group:             sys_clk_pin
  Path Type:              Hold (Min at Fast Process Corner)
  Requirement:            0.000ns  (sys_clk_pin rise@0.000ns - sys_clk_pin rise@0.000ns)
  Data Path Delay:        0.530ns  (logic 0.164ns (30.945%)  route 0.366ns (69.055%))
  Logic Levels:           0  
  Clock Path Skew:        0.054ns (DCD - SCD - CPR)
    Destination Clock Delay (DCD):    2.038ns
    Source Clock Delay      (SCD):    1.483ns
    Clock Pessimism Removal (CPR):    0.500ns

    Location             Delay type                Incr(ns)  Path(ns)    Netlist Resource(s)
  -------------------------------------------------------------------    -------------------
                         (clock sys_clk_pin rise edge)
                                                      0.000     0.000 r  
    E3                                                0.000     0.000 r  clk_top (IN)
                         net (fo=0)                   0.000     0.000    clk_top
    E3                   IBUF (Prop_ibuf_I_O)         0.250     0.250 r  clk_top_IBUF_inst/O
                         net (fo=2, routed)           0.644     0.894    clk_top_IBUF
    BUFGCTRL_X0Y16       BUFG (Prop_bufg_I_O)         0.026     0.920 r  clk_top_IBUF_BUFG_inst/O
                         net (fo=117, routed)         0.564     1.483    spi_ctrl/clk_top_IBUF_BUFG
    SLICE_X8Y116         FDRE                                         r  spi_ctrl/dummy_data_reg[5]/C
  -------------------------------------------------------------------    -------------------
    SLICE_X8Y116         FDRE (Prop_fdre_C_Q)         0.164     1.647 r  spi_ctrl/dummy_data_reg[5]/Q
                         net (fo=1, routed)           0.366     2.013    <hidden>
    RAMB18_X0Y46         RAMB18E1                                     r  <hidden>
  -------------------------------------------------------------------    -------------------

                         (clock sys_clk_pin rise edge)
                                                      0.000     0.000 r  
    E3                                                0.000     0.000 r  clk_top (IN)
                         net (fo=0)                   0.000     0.000    clk_top
    E3                   IBUF (Prop_ibuf_I_O)         0.438     0.438 r  clk_top_IBUF_inst/O
                         net (fo=2, routed)           0.699     1.136    clk_top_IBUF
    BUFGCTRL_X0Y16       BUFG (Prop_bufg_I_O)         0.029     1.165 r  clk_top_IBUF_BUFG_inst/O
                         net (fo=117, routed)         0.873     2.038    <hidden>
    RAMB18_X0Y46         RAMB18E1                                     r  <hidden>
                         clock pessimism             -0.500     1.538    
    RAMB18_X0Y46         RAMB18E1 (Hold_ramb18e1_CLKARDCLK_DIADI[5])
                                                      0.296     1.834    <hidden>
  -------------------------------------------------------------------
                         required time                         -1.834    
                         arrival time                           2.013    
  -------------------------------------------------------------------
                         slack                                  0.179    

Slack (MET) :             0.180ns  (arrival time - required time)
  Source:                 spi_ctrl/dummy_pc_reg[3]/C
                            (rising edge-triggered cell FDRE clocked by sys_clk_pin  {rise@0.000ns fall@10.000ns period=20.000ns})
  Destination:            <hidden>
                            (rising edge-triggered cell RAMB18E1 clocked by sys_clk_pin  {rise@0.000ns fall@10.000ns period=20.000ns})
  Path Group:             sys_clk_pin
  Path Type:              Hold (Min at Fast Process Corner)
  Requirement:            0.000ns  (sys_clk_pin rise@0.000ns - sys_clk_pin rise@0.000ns)
  Data Path Delay:        0.364ns  (logic 0.148ns (40.642%)  route 0.216ns (59.358%))
  Logic Levels:           0  
  Clock Path Skew:        0.055ns (DCD - SCD - CPR)
    Destination Clock Delay (DCD):    2.038ns
    Source Clock Delay      (SCD):    1.482ns
    Clock Pessimism Removal (CPR):    0.500ns

    Location             Delay type                Incr(ns)  Path(ns)    Netlist Resource(s)
  -------------------------------------------------------------------    -------------------
                         (clock sys_clk_pin rise edge)
                                                      0.000     0.000 r  
    E3                                                0.000     0.000 r  clk_top (IN)
                         net (fo=0)                   0.000     0.000    clk_top
    E3                   IBUF (Prop_ibuf_I_O)         0.250     0.250 r  clk_top_IBUF_inst/O
                         net (fo=2, routed)           0.644     0.894    clk_top_IBUF
    BUFGCTRL_X0Y16       BUFG (Prop_bufg_I_O)         0.026     0.920 r  clk_top_IBUF_BUFG_inst/O
                         net (fo=117, routed)         0.563     1.482    spi_ctrl/clk_top_IBUF_BUFG
    SLICE_X8Y117         FDRE                                         r  spi_ctrl/dummy_pc_reg[3]/C
  -------------------------------------------------------------------    -------------------
    SLICE_X8Y117         FDRE (Prop_fdre_C_Q)         0.148     1.630 r  spi_ctrl/dummy_pc_reg[3]/Q
                         net (fo=2, routed)           0.216     1.847    <hidden>
    RAMB18_X0Y46         RAMB18E1                                     r  <hidden>
  -------------------------------------------------------------------    -------------------

                         (clock sys_clk_pin rise edge)
                                                      0.000     0.000 r  
    E3                                                0.000     0.000 r  clk_top (IN)
                         net (fo=0)                   0.000     0.000    clk_top
    E3                   IBUF (Prop_ibuf_I_O)         0.438     0.438 r  clk_top_IBUF_inst/O
                         net (fo=2, routed)           0.699     1.136    clk_top_IBUF
    BUFGCTRL_X0Y16       BUFG (Prop_bufg_I_O)         0.029     1.165 r  clk_top_IBUF_BUFG_inst/O
                         net (fo=117, routed)         0.873     2.038    <hidden>
    RAMB18_X0Y46         RAMB18E1                                     r  <hidden>
                         clock pessimism             -0.500     1.538    
    RAMB18_X0Y46         RAMB18E1 (Hold_ramb18e1_CLKARDCLK_ADDRARDADDR[8])
                                                      0.129     1.667    <hidden>
  -------------------------------------------------------------------
                         required time                         -1.667    
                         arrival time                           1.847    
  -------------------------------------------------------------------
                         slack                                  0.180    

Slack (MET) :             0.180ns  (arrival time - required time)
  Source:                 spi_ctrl/dummy_data_reg[18]/C
                            (rising edge-triggered cell FDRE clocked by sys_clk_pin  {rise@0.000ns fall@10.000ns period=20.000ns})
  Destination:            <hidden>
                            (rising edge-triggered cell RAMB18E1 clocked by sys_clk_pin  {rise@0.000ns fall@10.000ns period=20.000ns})
  Path Group:             sys_clk_pin
  Path Type:              Hold (Min at Fast Process Corner)
  Requirement:            0.000ns  (sys_clk_pin rise@0.000ns - sys_clk_pin rise@0.000ns)
  Data Path Delay:        0.532ns  (logic 0.141ns (26.506%)  route 0.391ns (73.494%))
  Logic Levels:           0  
  Clock Path Skew:        0.055ns (DCD - SCD - CPR)
    Destination Clock Delay (DCD):    2.040ns
    Source Clock Delay      (SCD):    1.484ns
    Clock Pessimism Removal (CPR):    0.500ns

    Location             Delay type                Incr(ns)  Path(ns)    Netlist Resource(s)
  -------------------------------------------------------------------    -------------------
                         (clock sys_clk_pin rise edge)
                                                      0.000     0.000 r  
    E3                                                0.000     0.000 r  clk_top (IN)
                         net (fo=0)                   0.000     0.000    clk_top
    E3                   IBUF (Prop_ibuf_I_O)         0.250     0.250 r  clk_top_IBUF_inst/O
                         net (fo=2, routed)           0.644     0.894    clk_top_IBUF
    BUFGCTRL_X0Y16       BUFG (Prop_bufg_I_O)         0.026     0.920 r  clk_top_IBUF_BUFG_inst/O
                         net (fo=117, routed)         0.565     1.484    spi_ctrl/clk_top_IBUF_BUFG
    SLICE_X9Y115         FDRE                                         r  spi_ctrl/dummy_data_reg[18]/C
  -------------------------------------------------------------------    -------------------
    SLICE_X9Y115         FDRE (Prop_fdre_C_Q)         0.141     1.625 r  spi_ctrl/dummy_data_reg[18]/Q
                         net (fo=1, routed)           0.391     2.016    <hidden>
    RAMB18_X0Y46         RAMB18E1                                     r  <hidden>
  -------------------------------------------------------------------    -------------------

                         (clock sys_clk_pin rise edge)
                                                      0.000     0.000 r  
    E3                                                0.000     0.000 r  clk_top (IN)
                         net (fo=0)                   0.000     0.000    clk_top
    E3                   IBUF (Prop_ibuf_I_O)         0.438     0.438 r  clk_top_IBUF_inst/O
                         net (fo=2, routed)           0.699     1.136    clk_top_IBUF
    BUFGCTRL_X0Y16       BUFG (Prop_bufg_I_O)         0.029     1.165 r  clk_top_IBUF_BUFG_inst/O
                         net (fo=117, routed)         0.875     2.040    <hidden>
    RAMB18_X0Y46         RAMB18E1                                     r  <hidden>
                         clock pessimism             -0.500     1.540    
    RAMB18_X0Y46         RAMB18E1 (Hold_ramb18e1_CLKBWRCLK_DIBDI[2])
                                                      0.296     1.836    <hidden>
  -------------------------------------------------------------------
                         required time                         -1.836    
                         arrival time                           2.016    
  -------------------------------------------------------------------
                         slack                                  0.180    





Pulse Width Checks
--------------------------------------------------------------------------------------
Clock Name:         sys_clk_pin
Waveform(ns):       { 0.000 10.000 }
Period(ns):         20.000
Sources:            { clk_top }

Check Type        Corner  Lib Pin             Reference Pin  Required(ns)  Actual(ns)  Slack(ns)  Location        Pin
Min Period        n/a     RAMB18E1/CLKARDCLK  n/a            2.576         20.000      17.424     RAMB18_X0Y46    <hidden>
Min Period        n/a     RAMB18E1/CLKBWRCLK  n/a            2.576         20.000      17.424     RAMB18_X0Y46    <hidden>
Min Period        n/a     BUFG/I              n/a            2.155         20.000      17.845     BUFGCTRL_X0Y16  clk_top_IBUF_BUFG_inst/I
Min Period        n/a     FDCE/C              n/a            1.000         20.000      19.000     SLICE_X8Y118    <hidden>
Min Period        n/a     FDCE/C              n/a            1.000         20.000      19.000     SLICE_X8Y118    <hidden>
Min Period        n/a     FDRE/C              n/a            1.000         20.000      19.000     SLICE_X5Y114    led/CA_reg/C
Min Period        n/a     FDRE/C              n/a            1.000         20.000      19.000     SLICE_X6Y114    led/CB_reg/C
Min Period        n/a     FDRE/C              n/a            1.000         20.000      19.000     SLICE_X5Y114    led/CC_reg/C
Min Period        n/a     FDRE/C              n/a            1.000         20.000      19.000     SLICE_X6Y115    led/CD_reg/C
Min Period        n/a     FDRE/C              n/a            1.000         20.000      19.000     SLICE_X5Y115    led/CE_reg/C
Low Pulse Width   Slow    FDCE/C              n/a            0.500         10.000      9.500      SLICE_X8Y118    <hidden>
Low Pulse Width   Fast    FDCE/C              n/a            0.500         10.000      9.500      SLICE_X8Y118    <hidden>
Low Pulse Width   Slow    FDCE/C              n/a            0.500         10.000      9.500      SLICE_X8Y118    <hidden>
Low Pulse Width   Fast    FDCE/C              n/a            0.500         10.000      9.500      SLICE_X8Y118    <hidden>
Low Pulse Width   Slow    FDRE/C              n/a            0.500         10.000      9.500      SLICE_X5Y114    led/CA_reg/C
Low Pulse Width   Fast    FDRE/C              n/a            0.500         10.000      9.500      SLICE_X5Y114    led/CA_reg/C
Low Pulse Width   Slow    FDRE/C              n/a            0.500         10.000      9.500      SLICE_X6Y114    led/CB_reg/C
Low Pulse Width   Fast    FDRE/C              n/a            0.500         10.000      9.500      SLICE_X6Y114    led/CB_reg/C
Low Pulse Width   Slow    FDRE/C              n/a            0.500         10.000      9.500      SLICE_X5Y114    led/CC_reg/C
Low Pulse Width   Fast    FDRE/C              n/a            0.500         10.000      9.500      SLICE_X5Y114    led/CC_reg/C
High Pulse Width  Slow    FDCE/C              n/a            0.500         10.000      9.500      SLICE_X8Y118    <hidden>
High Pulse Width  Fast    FDCE/C              n/a            0.500         10.000      9.500      SLICE_X8Y118    <hidden>
High Pulse Width  Slow    FDCE/C              n/a            0.500         10.000      9.500      SLICE_X8Y118    <hidden>
High Pulse Width  Fast    FDCE/C              n/a            0.500         10.000      9.500      SLICE_X8Y118    <hidden>
High Pulse Width  Slow    FDRE/C              n/a            0.500         10.000      9.500      SLICE_X5Y114    led/CA_reg/C
High Pulse Width  Fast    FDRE/C              n/a            0.500         10.000      9.500      SLICE_X5Y114    led/CA_reg/C
High Pulse Width  Slow    FDRE/C              n/a            0.500         10.000      9.500      SLICE_X6Y114    led/CB_reg/C
High Pulse Width  Fast    FDRE/C              n/a            0.500         10.000      9.500      SLICE_X6Y114    led/CB_reg/C
High Pulse Width  Slow    FDRE/C              n/a            0.500         10.000      9.500      SLICE_X5Y114    led/CC_reg/C
High Pulse Width  Fast    FDRE/C              n/a            0.500         10.000      9.500      SLICE_X5Y114    led/CC_reg/C



--------------------------------------------------------------------------------------
Path Group:  (none)
From Clock:  
  To Clock:  

Max Delay            11 Endpoints
Min Delay            11 Endpoints
--------------------------------------------------------------------------------------


Max Delay Paths
--------------------------------------------------------------------------------------
Slack:                    inf
  Source:                 led/counter_reg[0]/C
                            (rising edge-triggered cell FDRE)
  Destination:            AN[7]
                            (output port)
  Path Group:             (none)
  Path Type:              Max at Slow Process Corner
  Data Path Delay:        9.241ns  (logic 4.366ns (47.251%)  route 4.874ns (52.749%))
  Logic Levels:           3  (FDRE=1 LUT3=1 OBUF=1)

    Location             Delay type                Incr(ns)  Path(ns)    Netlist Resource(s)
  -------------------------------------------------------------------    -------------------
    SLICE_X4Y114         FDRE                         0.000     0.000 r  led/counter_reg[0]/C
    SLICE_X4Y114         FDRE (Prop_fdre_C_Q)         0.456     0.456 f  led/counter_reg[0]/Q
                         net (fo=39, routed)          1.335     1.791    led/counter_reg_n_0_[0]
    SLICE_X0Y105         LUT3 (Prop_lut3_I2_O)        0.149     1.940 r  led/AN_OBUF[7]_inst_i_1/O
                         net (fo=1, routed)           3.539     5.479    AN_OBUF[7]
    U13                  OBUF (Prop_obuf_I_O)         3.761     9.241 r  AN_OBUF[7]_inst/O
                         net (fo=0)                   0.000     9.241    AN[7]
    U13                                                               r  AN[7] (OUT)
  -------------------------------------------------------------------    -------------------

Slack:                    inf
  Source:                 led/counter_reg[0]/C
                            (rising edge-triggered cell FDRE)
  Destination:            AN[6]
                            (output port)
  Path Group:             (none)
  Path Type:              Max at Slow Process Corner
  Data Path Delay:        8.893ns  (logic 4.098ns (46.078%)  route 4.795ns (53.922%))
  Logic Levels:           3  (FDRE=1 LUT3=1 OBUF=1)

    Location             Delay type                Incr(ns)  Path(ns)    Netlist Resource(s)
  -------------------------------------------------------------------    -------------------
    SLICE_X4Y114         FDRE                         0.000     0.000 r  led/counter_reg[0]/C
    SLICE_X4Y114         FDRE (Prop_fdre_C_Q)         0.456     0.456 r  led/counter_reg[0]/Q
                         net (fo=39, routed)          1.335     1.791    led/counter_reg_n_0_[0]
    SLICE_X0Y105         LUT3 (Prop_lut3_I0_O)        0.124     1.915 r  led/AN_OBUF[6]_inst_i_1/O
                         net (fo=1, routed)           3.460     5.375    AN_OBUF[6]
    K2                   OBUF (Prop_obuf_I_O)         3.518     8.893 r  AN_OBUF[6]_inst/O
                         net (fo=0)                   0.000     8.893    AN[6]
    K2                                                                r  AN[6] (OUT)
  -------------------------------------------------------------------    -------------------

Slack:                    inf
  Source:                 led/counter_reg[2]/C
                            (rising edge-triggered cell FDRE)
  Destination:            AN[2]
                            (output port)
  Path Group:             (none)
  Path Type:              Max at Slow Process Corner
  Data Path Delay:        8.742ns  (logic 4.292ns (49.099%)  route 4.450ns (50.901%))
  Logic Levels:           3  (FDRE=1 LUT3=1 OBUF=1)

    Location             Delay type                Incr(ns)  Path(ns)    Netlist Resource(s)
  -------------------------------------------------------------------    -------------------
    SLICE_X4Y114         FDRE                         0.000     0.000 r  led/counter_reg[2]/C
    SLICE_X4Y114         FDRE (Prop_fdre_C_Q)         0.419     0.419 r  led/counter_reg[2]/Q
                         net (fo=16, routed)          1.066     1.485    led/p_0_in2_in
    SLICE_X0Y105         LUT3 (Prop_lut3_I1_O)        0.299     1.784 r  led/AN_OBUF[2]_inst_i_1/O
                         net (fo=1, routed)           3.384     5.168    AN_OBUF[2]
    T9                   OBUF (Prop_obuf_I_O)         3.574     8.742 r  AN_OBUF[2]_inst/O
                         net (fo=0)                   0.000     8.742    AN[2]
    T9                                                                r  AN[2] (OUT)
  -------------------------------------------------------------------    -------------------

Slack:                    inf
  Source:                 led/counter_reg[0]/C
                            (rising edge-triggered cell FDRE)
  Destination:            AN[5]
                            (output port)
  Path Group:             (none)
  Path Type:              Max at Slow Process Corner
  Data Path Delay:        8.499ns  (logic 4.364ns (51.346%)  route 4.135ns (48.654%))
  Logic Levels:           3  (FDRE=1 LUT3=1 OBUF=1)

    Location             Delay type                Incr(ns)  Path(ns)    Netlist Resource(s)
  -------------------------------------------------------------------    -------------------
    SLICE_X4Y114         FDRE                         0.000     0.000 r  led/counter_reg[0]/C
    SLICE_X4Y114         FDRE (Prop_fdre_C_Q)         0.456     0.456 f  led/counter_reg[0]/Q
                         net (fo=39, routed)          1.342     1.798    led/counter_reg_n_0_[0]
    SLICE_X0Y105         LUT3 (Prop_lut3_I2_O)        0.153     1.951 r  led/AN_OBUF[5]_inst_i_1/O
                         net (fo=1, routed)           2.793     4.744    AN_OBUF[5]
    T14                  OBUF (Prop_obuf_I_O)         3.755     8.499 r  AN_OBUF[5]_inst/O
                         net (fo=0)                   0.000     8.499    AN[5]
    T14                                                               r  AN[5] (OUT)
  -------------------------------------------------------------------    -------------------

Slack:                    inf
  Source:                 led/counter_reg[0]/C
                            (rising edge-triggered cell FDRE)
  Destination:            AN[4]
                            (output port)
  Path Group:             (none)
  Path Type:              Max at Slow Process Corner
  Data Path Delay:        7.803ns  (logic 4.130ns (52.927%)  route 3.673ns (47.073%))
  Logic Levels:           3  (FDRE=1 LUT3=1 OBUF=1)

    Location             Delay type                Incr(ns)  Path(ns)    Netlist Resource(s)
  -------------------------------------------------------------------    -------------------
    SLICE_X4Y114         FDRE                         0.000     0.000 r  led/counter_reg[0]/C
    SLICE_X4Y114         FDRE (Prop_fdre_C_Q)         0.456     0.456 r  led/counter_reg[0]/Q
                         net (fo=39, routed)          1.342     1.798    led/counter_reg_n_0_[0]
    SLICE_X0Y105         LUT3 (Prop_lut3_I0_O)        0.124     1.922 r  led/AN_OBUF[4]_inst_i_1/O
                         net (fo=1, routed)           2.331     4.253    AN_OBUF[4]
    P14                  OBUF (Prop_obuf_I_O)         3.550     7.803 r  AN_OBUF[4]_inst/O
                         net (fo=0)                   0.000     7.803    AN[4]
    P14                                                               r  AN[4] (OUT)
  -------------------------------------------------------------------    -------------------

Slack:                    inf
  Source:                 led/counter_reg[2]/C
                            (rising edge-triggered cell FDRE)
  Destination:            AN[3]
                            (output port)
  Path Group:             (none)
  Path Type:              Max at Slow Process Corner
  Data Path Delay:        7.442ns  (logic 4.504ns (60.519%)  route 2.938ns (39.481%))
  Logic Levels:           3  (FDRE=1 LUT3=1 OBUF=1)

    Location             Delay type                Incr(ns)  Path(ns)    Netlist Resource(s)
  -------------------------------------------------------------------    -------------------
    SLICE_X4Y114         FDRE                         0.000     0.000 r  led/counter_reg[2]/C
    SLICE_X4Y114         FDRE (Prop_fdre_C_Q)         0.419     0.419 r  led/counter_reg[2]/Q
                         net (fo=16, routed)          1.066     1.485    led/p_0_in2_in
    SLICE_X0Y105         LUT3 (Prop_lut3_I0_O)        0.325     1.810 r  led/AN_OBUF[3]_inst_i_1/O
                         net (fo=1, routed)           1.872     3.682    AN_OBUF[3]
    J14                  OBUF (Prop_obuf_I_O)         3.760     7.442 r  AN_OBUF[3]_inst/O
                         net (fo=0)                   0.000     7.442    AN[3]
    J14                                                               r  AN[3] (OUT)
  -------------------------------------------------------------------    -------------------

Slack:                    inf
  Source:                 led/counter_reg[0]/C
                            (rising edge-triggered cell FDRE)
  Destination:            AN[0]
                            (output port)
  Path Group:             (none)
  Path Type:              Max at Slow Process Corner
  Data Path Delay:        7.314ns  (logic 4.346ns (59.417%)  route 2.968ns (40.583%))
  Logic Levels:           3  (FDRE=1 LUT3=1 OBUF=1)

    Location             Delay type                Incr(ns)  Path(ns)    Netlist Resource(s)
  -------------------------------------------------------------------    -------------------
    SLICE_X4Y114         FDRE                         0.000     0.000 r  led/counter_reg[0]/C
    SLICE_X4Y114         FDRE (Prop_fdre_C_Q)         0.456     0.456 r  led/counter_reg[0]/Q
                         net (fo=39, routed)          1.295     1.751    led/counter_reg_n_0_[0]
    SLICE_X0Y105         LUT3 (Prop_lut3_I0_O)        0.152     1.903 r  led/AN_OBUF[0]_inst_i_1/O
                         net (fo=1, routed)           1.673     3.576    AN_OBUF[0]
    J17                  OBUF (Prop_obuf_I_O)         3.738     7.314 r  AN_OBUF[0]_inst/O
                         net (fo=0)                   0.000     7.314    AN[0]
    J17                                                               r  AN[0] (OUT)
  -------------------------------------------------------------------    -------------------

Slack:                    inf
  Source:                 led/counter_reg[0]/C
                            (rising edge-triggered cell FDRE)
  Destination:            AN[1]
                            (output port)
  Path Group:             (none)
  Path Type:              Max at Slow Process Corner
  Data Path Delay:        7.084ns  (logic 4.116ns (58.098%)  route 2.968ns (41.902%))
  Logic Levels:           3  (FDRE=1 LUT3=1 OBUF=1)

    Location             Delay type                Incr(ns)  Path(ns)    Netlist Resource(s)
  -------------------------------------------------------------------    -------------------
    SLICE_X4Y114         FDRE                         0.000     0.000 r  led/counter_reg[0]/C
    SLICE_X4Y114         FDRE (Prop_fdre_C_Q)         0.456     0.456 f  led/counter_reg[0]/Q
                         net (fo=39, routed)          1.295     1.751    led/counter_reg_n_0_[0]
    SLICE_X0Y105         LUT3 (Prop_lut3_I2_O)        0.124     1.875 r  led/AN_OBUF[1]_inst_i_1/O
                         net (fo=1, routed)           1.673     3.548    AN_OBUF[1]
    J18                  OBUF (Prop_obuf_I_O)         3.536     7.084 r  AN_OBUF[1]_inst/O
                         net (fo=0)                   0.000     7.084    AN[1]
    J18                                                               r  AN[1] (OUT)
  -------------------------------------------------------------------    -------------------

Slack:                    inf
  Source:                 led/counter_reg[0]/C
                            (rising edge-triggered cell FDRE)
  Destination:            led/counter_reg[2]/D
  Path Group:             (none)
  Path Type:              Max at Slow Process Corner
  Data Path Delay:        1.351ns  (logic 0.608ns (45.000%)  route 0.743ns (55.000%))
  Logic Levels:           2  (FDRE=1 LUT3=1)

    Location             Delay type                Incr(ns)  Path(ns)    Netlist Resource(s)
  -------------------------------------------------------------------    -------------------
    SLICE_X4Y114         FDRE                         0.000     0.000 r  led/counter_reg[0]/C
    SLICE_X4Y114         FDRE (Prop_fdre_C_Q)         0.456     0.456 r  led/counter_reg[0]/Q
                         net (fo=39, routed)          0.743     1.199    led/counter_reg_n_0_[0]
    SLICE_X4Y114         LUT3 (Prop_lut3_I0_O)        0.152     1.351 r  led/counter[2]_i_1/O
                         net (fo=1, routed)           0.000     1.351    led/p_1_in[2]
    SLICE_X4Y114         FDRE                                         r  led/counter_reg[2]/D
  -------------------------------------------------------------------    -------------------

Slack:                    inf
  Source:                 led/counter_reg[0]/C
                            (rising edge-triggered cell FDRE)
  Destination:            led/counter_reg[0]/D
  Path Group:             (none)
  Path Type:              Max at Slow Process Corner
  Data Path Delay:        1.326ns  (logic 0.580ns (43.747%)  route 0.746ns (56.253%))
  Logic Levels:           2  (FDRE=1 LUT1=1)

    Location             Delay type                Incr(ns)  Path(ns)    Netlist Resource(s)
  -------------------------------------------------------------------    -------------------
    SLICE_X4Y114         FDRE                         0.000     0.000 r  led/counter_reg[0]/C
    SLICE_X4Y114         FDRE (Prop_fdre_C_Q)         0.456     0.456 f  led/counter_reg[0]/Q
                         net (fo=39, routed)          0.746     1.202    led/counter_reg_n_0_[0]
    SLICE_X4Y114         LUT1 (Prop_lut1_I0_O)        0.124     1.326 r  led/counter[0]_i_1/O
                         net (fo=1, routed)           0.000     1.326    led/p_1_in[0]
    SLICE_X4Y114         FDRE                                         r  led/counter_reg[0]/D
  -------------------------------------------------------------------    -------------------





Min Delay Paths
--------------------------------------------------------------------------------------
Slack:                    inf
  Source:                 led/counter_reg[1]/C
                            (rising edge-triggered cell FDRE)
  Destination:            led/counter_reg[2]/D
  Path Group:             (none)
  Path Type:              Min at Fast Process Corner
  Data Path Delay:        0.417ns  (logic 0.183ns (43.937%)  route 0.234ns (56.063%))
  Logic Levels:           2  (FDRE=1 LUT3=1)

    Location             Delay type                Incr(ns)  Path(ns)    Netlist Resource(s)
  -------------------------------------------------------------------    -------------------
    SLICE_X4Y114         FDRE                         0.000     0.000 r  led/counter_reg[1]/C
    SLICE_X4Y114         FDRE (Prop_fdre_C_Q)         0.141     0.141 r  led/counter_reg[1]/Q
                         net (fo=17, routed)          0.234     0.375    led/p_0_in_0
    SLICE_X4Y114         LUT3 (Prop_lut3_I1_O)        0.042     0.417 r  led/counter[2]_i_1/O
                         net (fo=1, routed)           0.000     0.417    led/p_1_in[2]
    SLICE_X4Y114         FDRE                                         r  led/counter_reg[2]/D
  -------------------------------------------------------------------    -------------------

Slack:                    inf
  Source:                 led/counter_reg[1]/C
                            (rising edge-triggered cell FDRE)
  Destination:            led/counter_reg[1]/D
  Path Group:             (none)
  Path Type:              Min at Fast Process Corner
  Data Path Delay:        0.420ns  (logic 0.186ns (44.338%)  route 0.234ns (55.662%))
  Logic Levels:           2  (FDRE=1 LUT2=1)

    Location             Delay type                Incr(ns)  Path(ns)    Netlist Resource(s)
  -------------------------------------------------------------------    -------------------
    SLICE_X4Y114         FDRE                         0.000     0.000 r  led/counter_reg[1]/C
    SLICE_X4Y114         FDRE (Prop_fdre_C_Q)         0.141     0.141 r  led/counter_reg[1]/Q
                         net (fo=17, routed)          0.234     0.375    led/p_0_in_0
    SLICE_X4Y114         LUT2 (Prop_lut2_I1_O)        0.045     0.420 r  led/counter[1]_i_1/O
                         net (fo=1, routed)           0.000     0.420    led/p_1_in[1]
    SLICE_X4Y114         FDRE                                         r  led/counter_reg[1]/D
  -------------------------------------------------------------------    -------------------

Slack:                    inf
  Source:                 led/counter_reg[0]/C
                            (rising edge-triggered cell FDRE)
  Destination:            led/counter_reg[0]/D
  Path Group:             (none)
  Path Type:              Min at Fast Process Corner
  Data Path Delay:        0.496ns  (logic 0.186ns (37.515%)  route 0.310ns (62.485%))
  Logic Levels:           2  (FDRE=1 LUT1=1)

    Location             Delay type                Incr(ns)  Path(ns)    Netlist Resource(s)
  -------------------------------------------------------------------    -------------------
    SLICE_X4Y114         FDRE                         0.000     0.000 r  led/counter_reg[0]/C
    SLICE_X4Y114         FDRE (Prop_fdre_C_Q)         0.141     0.141 f  led/counter_reg[0]/Q
                         net (fo=39, routed)          0.310     0.451    led/counter_reg_n_0_[0]
    SLICE_X4Y114         LUT1 (Prop_lut1_I0_O)        0.045     0.496 r  led/counter[0]_i_1/O
                         net (fo=1, routed)           0.000     0.496    led/p_1_in[0]
    SLICE_X4Y114         FDRE                                         r  led/counter_reg[0]/D
  -------------------------------------------------------------------    -------------------

Slack:                    inf
  Source:                 led/counter_reg[1]/C
                            (rising edge-triggered cell FDRE)
  Destination:            AN[1]
                            (output port)
  Path Group:             (none)
  Path Type:              Min at Fast Process Corner
  Data Path Delay:        2.169ns  (logic 1.422ns (65.576%)  route 0.747ns (34.424%))
  Logic Levels:           3  (FDRE=1 LUT3=1 OBUF=1)

    Location             Delay type                Incr(ns)  Path(ns)    Netlist Resource(s)
  -------------------------------------------------------------------    -------------------
    SLICE_X4Y114         FDRE                         0.000     0.000 r  led/counter_reg[1]/C
    SLICE_X4Y114         FDRE (Prop_fdre_C_Q)         0.141     0.141 r  led/counter_reg[1]/Q
                         net (fo=17, routed)          0.405     0.546    led/p_0_in_0
    SLICE_X0Y105         LUT3 (Prop_lut3_I0_O)        0.045     0.591 r  led/AN_OBUF[1]_inst_i_1/O
                         net (fo=1, routed)           0.342     0.933    AN_OBUF[1]
    J18                  OBUF (Prop_obuf_I_O)         1.236     2.169 r  AN_OBUF[1]_inst/O
                         net (fo=0)                   0.000     2.169    AN[1]
    J18                                                               r  AN[1] (OUT)
  -------------------------------------------------------------------    -------------------

Slack:                    inf
  Source:                 led/counter_reg[1]/C
                            (rising edge-triggered cell FDRE)
  Destination:            AN[0]
                            (output port)
  Path Group:             (none)
  Path Type:              Min at Fast Process Corner
  Data Path Delay:        2.221ns  (logic 1.487ns (66.972%)  route 0.734ns (33.028%))
  Logic Levels:           3  (FDRE=1 LUT3=1 OBUF=1)

    Location             Delay type                Incr(ns)  Path(ns)    Netlist Resource(s)
  -------------------------------------------------------------------    -------------------
    SLICE_X4Y114         FDRE                         0.000     0.000 r  led/counter_reg[1]/C
    SLICE_X4Y114         FDRE (Prop_fdre_C_Q)         0.141     0.141 r  led/counter_reg[1]/Q
                         net (fo=17, routed)          0.405     0.546    led/p_0_in_0
    SLICE_X0Y105         LUT3 (Prop_lut3_I1_O)        0.048     0.594 r  led/AN_OBUF[0]_inst_i_1/O
                         net (fo=1, routed)           0.329     0.923    AN_OBUF[0]
    J17                  OBUF (Prop_obuf_I_O)         1.298     2.221 r  AN_OBUF[0]_inst/O
                         net (fo=0)                   0.000     2.221    AN[0]
    J17                                                               r  AN[0] (OUT)
  -------------------------------------------------------------------    -------------------

Slack:                    inf
  Source:                 led/counter_reg[1]/C
                            (rising edge-triggered cell FDRE)
  Destination:            AN[3]
                            (output port)
  Path Group:             (none)
  Path Type:              Min at Fast Process Corner
  Data Path Delay:        2.338ns  (logic 1.510ns (64.572%)  route 0.828ns (35.428%))
  Logic Levels:           3  (FDRE=1 LUT3=1 OBUF=1)

    Location             Delay type                Incr(ns)  Path(ns)    Netlist Resource(s)
  -------------------------------------------------------------------    -------------------
    SLICE_X4Y114         FDRE                         0.000     0.000 r  led/counter_reg[1]/C
    SLICE_X4Y114         FDRE (Prop_fdre_C_Q)         0.141     0.141 f  led/counter_reg[1]/Q
                         net (fo=17, routed)          0.406     0.547    led/p_0_in_0
    SLICE_X0Y105         LUT3 (Prop_lut3_I1_O)        0.049     0.596 r  led/AN_OBUF[3]_inst_i_1/O
                         net (fo=1, routed)           0.422     1.018    AN_OBUF[3]
    J14                  OBUF (Prop_obuf_I_O)         1.320     2.338 r  AN_OBUF[3]_inst/O
                         net (fo=0)                   0.000     2.338    AN[3]
    J14                                                               r  AN[3] (OUT)
  -------------------------------------------------------------------    -------------------

Slack:                    inf
  Source:                 led/counter_reg[2]/C
                            (rising edge-triggered cell FDRE)
  Destination:            AN[4]
                            (output port)
  Path Group:             (none)
  Path Type:              Min at Fast Process Corner
  Data Path Delay:        2.551ns  (logic 1.478ns (57.925%)  route 1.073ns (42.075%))
  Logic Levels:           3  (FDRE=1 LUT3=1 OBUF=1)

    Location             Delay type                Incr(ns)  Path(ns)    Netlist Resource(s)
  -------------------------------------------------------------------    -------------------
    SLICE_X4Y114         FDRE                         0.000     0.000 r  led/counter_reg[2]/C
    SLICE_X4Y114         FDRE (Prop_fdre_C_Q)         0.128     0.128 f  led/counter_reg[2]/Q
                         net (fo=16, routed)          0.456     0.584    led/p_0_in2_in
    SLICE_X0Y105         LUT3 (Prop_lut3_I2_O)        0.099     0.683 r  led/AN_OBUF[4]_inst_i_1/O
                         net (fo=1, routed)           0.617     1.300    AN_OBUF[4]
    P14                  OBUF (Prop_obuf_I_O)         1.251     2.551 r  AN_OBUF[4]_inst/O
                         net (fo=0)                   0.000     2.551    AN[4]
    P14                                                               r  AN[4] (OUT)
  -------------------------------------------------------------------    -------------------

Slack:                    inf
  Source:                 led/counter_reg[2]/C
                            (rising edge-triggered cell FDRE)
  Destination:            AN[5]
                            (output port)
  Path Group:             (none)
  Path Type:              Min at Fast Process Corner
  Data Path Delay:        2.825ns  (logic 1.544ns (54.658%)  route 1.281ns (45.342%))
  Logic Levels:           3  (FDRE=1 LUT3=1 OBUF=1)

    Location             Delay type                Incr(ns)  Path(ns)    Netlist Resource(s)
  -------------------------------------------------------------------    -------------------
    SLICE_X4Y114         FDRE                         0.000     0.000 r  led/counter_reg[2]/C
    SLICE_X4Y114         FDRE (Prop_fdre_C_Q)         0.128     0.128 f  led/counter_reg[2]/Q
                         net (fo=16, routed)          0.456     0.584    led/p_0_in2_in
    SLICE_X0Y105         LUT3 (Prop_lut3_I1_O)        0.099     0.683 r  led/AN_OBUF[5]_inst_i_1/O
                         net (fo=1, routed)           0.825     1.508    AN_OBUF[5]
    T14                  OBUF (Prop_obuf_I_O)         1.317     2.825 r  AN_OBUF[5]_inst/O
                         net (fo=0)                   0.000     2.825    AN[5]
    T14                                                               r  AN[5] (OUT)
  -------------------------------------------------------------------    -------------------

Slack:                    inf
  Source:                 led/counter_reg[1]/C
                            (rising edge-triggered cell FDRE)
  Destination:            AN[2]
                            (output port)
  Path Group:             (none)
  Path Type:              Min at Fast Process Corner
  Data Path Delay:        2.943ns  (logic 1.461ns (49.641%)  route 1.482ns (50.359%))
  Logic Levels:           3  (FDRE=1 LUT3=1 OBUF=1)

    Location             Delay type                Incr(ns)  Path(ns)    Netlist Resource(s)
  -------------------------------------------------------------------    -------------------
    SLICE_X4Y114         FDRE                         0.000     0.000 r  led/counter_reg[1]/C
    SLICE_X4Y114         FDRE (Prop_fdre_C_Q)         0.141     0.141 f  led/counter_reg[1]/Q
                         net (fo=17, routed)          0.406     0.547    led/p_0_in_0
    SLICE_X0Y105         LUT3 (Prop_lut3_I2_O)        0.045     0.592 r  led/AN_OBUF[2]_inst_i_1/O
                         net (fo=1, routed)           1.076     1.668    AN_OBUF[2]
    T9                   OBUF (Prop_obuf_I_O)         1.275     2.943 r  AN_OBUF[2]_inst/O
                         net (fo=0)                   0.000     2.943    AN[2]
    T9                                                                r  AN[2] (OUT)
  -------------------------------------------------------------------    -------------------

Slack:                    inf
  Source:                 led/counter_reg[2]/C
                            (rising edge-triggered cell FDRE)
  Destination:            AN[6]
                            (output port)
  Path Group:             (none)
  Path Type:              Min at Fast Process Corner
  Data Path Delay:        3.063ns  (logic 1.446ns (47.190%)  route 1.618ns (52.810%))
  Logic Levels:           3  (FDRE=1 LUT3=1 OBUF=1)

    Location             Delay type                Incr(ns)  Path(ns)    Netlist Resource(s)
  -------------------------------------------------------------------    -------------------
    SLICE_X4Y114         FDRE                         0.000     0.000 r  led/counter_reg[2]/C
    SLICE_X4Y114         FDRE (Prop_fdre_C_Q)         0.128     0.128 f  led/counter_reg[2]/Q
                         net (fo=16, routed)          0.450     0.578    led/p_0_in2_in
    SLICE_X0Y105         LUT3 (Prop_lut3_I2_O)        0.099     0.677 r  led/AN_OBUF[6]_inst_i_1/O
                         net (fo=1, routed)           1.168     1.845    AN_OBUF[6]
    K2                   OBUF (Prop_obuf_I_O)         1.219     3.063 r  AN_OBUF[6]_inst/O
                         net (fo=0)                   0.000     3.063    AN[6]
    K2                                                                r  AN[6] (OUT)
  -------------------------------------------------------------------    -------------------





--------------------------------------------------------------------------------------
Path Group:  (none)
From Clock:  sys_clk_pin
  To Clock:  

Max Delay            10 Endpoints
Min Delay            10 Endpoints
--------------------------------------------------------------------------------------


Max Delay Paths
--------------------------------------------------------------------------------------
Slack:                    inf
  Source:                 spi_ctrl/mosi_reg/C
                            (falling edge-triggered cell FDRE clocked by sys_clk_pin  {rise@0.000ns fall@10.000ns period=20.000ns})
  Destination:            mosi_spi
                            (output port)
  Path Group:             (none)
  Path Type:              Max at Slow Process Corner
  Data Path Delay:        5.849ns  (logic 3.980ns (68.042%)  route 1.869ns (31.958%))
  Logic Levels:           1  (OBUF=1)
  Clock Uncertainty:      0.025ns  ((TSJ^2 + TIJ^2)^1/2 + DJ) / 2 + PE
    Total System Jitter     (TSJ):    0.050ns
    Total Input Jitter      (TIJ):    0.000ns
    Discrete Jitter          (DJ):    0.000ns
    Phase Error              (PE):    0.000ns

    Location             Delay type                Incr(ns)  Path(ns)    Netlist Resource(s)
  -------------------------------------------------------------------    -------------------
                         (clock sys_clk_pin fall edge)
                                                     10.000    10.000 f  
    E3                                                0.000    10.000 f  clk_top (IN)
                         net (fo=0)                   0.000    10.000    clk_top
    E3                   IBUF (Prop_ibuf_I_O)         1.482    11.482 f  clk_top_IBUF_inst/O
                         net (fo=2, routed)           2.025    13.506    clk_top_IBUF
    BUFGCTRL_X0Y16       BUFG (Prop_bufg_I_O)         0.096    13.602 f  clk_top_IBUF_BUFG_inst/O
                         net (fo=117, routed)         1.700    15.302    spi_ctrl/clk_top_IBUF_BUFG
    SLICE_X7Y116         FDRE                                         r  spi_ctrl/mosi_reg/C  (IS_INVERTED)
  -------------------------------------------------------------------    -------------------
    SLICE_X7Y116         FDRE (Prop_fdre_C_Q)         0.459    15.761 r  spi_ctrl/mosi_reg/Q
                         net (fo=1, routed)           1.869    17.631    mosi_spi_OBUF
    G17                  OBUF (Prop_obuf_I_O)         3.521    21.152 r  mosi_spi_OBUF_inst/O
                         net (fo=0)                   0.000    21.152    mosi_spi
    G17                                                               r  mosi_spi (OUT)
  -------------------------------------------------------------------    -------------------

Slack:                    inf
  Source:                 clk_top
                            (clock source 'sys_clk_pin'  {rise@0.000ns fall@10.000ns period=20.000ns})
  Destination:            sclk_spi
                            (output port)
  Path Group:             (none)
  Path Type:              Max at Slow Process Corner
  Data Path Delay:        10.357ns  (logic 5.143ns (49.662%)  route 5.214ns (50.338%))
  Logic Levels:           3  (IBUF=1 LUT2=1 OBUF=1)
  Clock Uncertainty:      0.025ns  ((TSJ^2 + TIJ^2)^1/2 + DJ) / 2 + PE
    Total System Jitter     (TSJ):    0.050ns
    Total Input Jitter      (TIJ):    0.000ns
    Discrete Jitter          (DJ):    0.000ns
    Phase Error              (PE):    0.000ns

    Location             Delay type                Incr(ns)  Path(ns)    Netlist Resource(s)
  -------------------------------------------------------------------    -------------------
                         (clock sys_clk_pin fall edge)
                                                     10.000    10.000 f  
    E3                                                0.000    10.000 f  clk_top (IN)
                         net (fo=0)                   0.000    10.000    clk_top
    E3                   IBUF (Prop_ibuf_I_O)         1.482    11.482 f  clk_top_IBUF_inst/O
                         net (fo=2, routed)           3.128    14.610    spi_ctrl/clk_top_IBUF
    SLICE_X4Y116         LUT2 (Prop_lut2_I0_O)        0.124    14.734 f  spi_ctrl/sclk_spi_OBUF_inst_i_1/O
                         net (fo=1, routed)           2.086    16.819    sclk_spi_OBUF
    F18                  OBUF (Prop_obuf_I_O)         3.538    20.357 f  sclk_spi_OBUF_inst/O
                         net (fo=0)                   0.000    20.357    sclk_spi
    F18                                                               f  sclk_spi (OUT)
  -------------------------------------------------------------------    -------------------

Slack:                    inf
  Source:                 led/CB_reg/C
                            (rising edge-triggered cell FDRE clocked by sys_clk_pin  {rise@0.000ns fall@10.000ns period=20.000ns})
  Destination:            CB
                            (output port)
  Path Group:             (none)
  Path Type:              Max at Slow Process Corner
  Data Path Delay:        8.177ns  (logic 4.073ns (49.818%)  route 4.103ns (50.182%))
  Logic Levels:           1  (OBUF=1)
  Clock Uncertainty:      0.025ns  ((TSJ^2 + TIJ^2)^1/2 + DJ) / 2 + PE
    Total System Jitter     (TSJ):    0.050ns
    Total Input Jitter      (TIJ):    0.000ns
    Discrete Jitter          (DJ):    0.000ns
    Phase Error              (PE):    0.000ns

    Location             Delay type                Incr(ns)  Path(ns)    Netlist Resource(s)
  -------------------------------------------------------------------    -------------------
                         (clock sys_clk_pin rise edge)
                                                      0.000     0.000 r  
    E3                                                0.000     0.000 r  clk_top (IN)
                         net (fo=0)                   0.000     0.000    clk_top
    E3                   IBUF (Prop_ibuf_I_O)         1.482     1.482 r  clk_top_IBUF_inst/O
                         net (fo=2, routed)           2.025     3.506    clk_top_IBUF
    BUFGCTRL_X0Y16       BUFG (Prop_bufg_I_O)         0.096     3.602 r  clk_top_IBUF_BUFG_inst/O
                         net (fo=117, routed)         1.703     5.305    led/clk_top_IBUF_BUFG
    SLICE_X6Y114         FDRE                                         r  led/CB_reg/C
  -------------------------------------------------------------------    -------------------
    SLICE_X6Y114         FDRE (Prop_fdre_C_Q)         0.518     5.823 r  led/CB_reg/Q
                         net (fo=1, routed)           4.103     9.926    CB_OBUF
    R10                  OBUF (Prop_obuf_I_O)         3.555    13.482 r  CB_OBUF_inst/O
                         net (fo=0)                   0.000    13.482    CB
    R10                                                               r  CB (OUT)
  -------------------------------------------------------------------    -------------------

Slack:                    inf
  Source:                 led/CF_reg/C
                            (rising edge-triggered cell FDRE clocked by sys_clk_pin  {rise@0.000ns fall@10.000ns period=20.000ns})
  Destination:            CF
                            (output port)
  Path Group:             (none)
  Path Type:              Max at Slow Process Corner
  Data Path Delay:        7.633ns  (logic 4.079ns (53.437%)  route 3.554ns (46.563%))
  Logic Levels:           1  (OBUF=1)
  Clock Uncertainty:      0.025ns  ((TSJ^2 + TIJ^2)^1/2 + DJ) / 2 + PE
    Total System Jitter     (TSJ):    0.050ns
    Total Input Jitter      (TIJ):    0.000ns
    Discrete Jitter          (DJ):    0.000ns
    Phase Error              (PE):    0.000ns

    Location             Delay type                Incr(ns)  Path(ns)    Netlist Resource(s)
  -------------------------------------------------------------------    -------------------
                         (clock sys_clk_pin rise edge)
                                                      0.000     0.000 r  
    E3                                                0.000     0.000 r  clk_top (IN)
                         net (fo=0)                   0.000     0.000    clk_top
    E3                   IBUF (Prop_ibuf_I_O)         1.482     1.482 r  clk_top_IBUF_inst/O
                         net (fo=2, routed)           2.025     3.506    clk_top_IBUF
    BUFGCTRL_X0Y16       BUFG (Prop_bufg_I_O)         0.096     3.602 r  clk_top_IBUF_BUFG_inst/O
                         net (fo=117, routed)         1.703     5.305    led/clk_top_IBUF_BUFG
    SLICE_X6Y114         FDRE                                         r  led/CF_reg/C
  -------------------------------------------------------------------    -------------------
    SLICE_X6Y114         FDRE (Prop_fdre_C_Q)         0.518     5.823 r  led/CF_reg/Q
                         net (fo=1, routed)           3.554     9.377    CF_OBUF
    T11                  OBUF (Prop_obuf_I_O)         3.561    12.938 r  CF_OBUF_inst/O
                         net (fo=0)                   0.000    12.938    CF
    T11                                                               r  CF (OUT)
  -------------------------------------------------------------------    -------------------

Slack:                    inf
  Source:                 led/CE_reg/C
                            (rising edge-triggered cell FDRE clocked by sys_clk_pin  {rise@0.000ns fall@10.000ns period=20.000ns})
  Destination:            CE
                            (output port)
  Path Group:             (none)
  Path Type:              Max at Slow Process Corner
  Data Path Delay:        7.288ns  (logic 3.990ns (54.739%)  route 3.299ns (45.261%))
  Logic Levels:           1  (OBUF=1)
  Clock Uncertainty:      0.025ns  ((TSJ^2 + TIJ^2)^1/2 + DJ) / 2 + PE
    Total System Jitter     (TSJ):    0.050ns
    Total Input Jitter      (TIJ):    0.000ns
    Discrete Jitter          (DJ):    0.000ns
    Phase Error              (PE):    0.000ns

    Location             Delay type                Incr(ns)  Path(ns)    Netlist Resource(s)
  -------------------------------------------------------------------    -------------------
                         (clock sys_clk_pin rise edge)
                                                      0.000     0.000 r  
    E3                                                0.000     0.000 r  clk_top (IN)
                         net (fo=0)                   0.000     0.000    clk_top
    E3                   IBUF (Prop_ibuf_I_O)         1.482     1.482 r  clk_top_IBUF_inst/O
                         net (fo=2, routed)           2.025     3.506    clk_top_IBUF
    BUFGCTRL_X0Y16       BUFG (Prop_bufg_I_O)         0.096     3.602 r  clk_top_IBUF_BUFG_inst/O
                         net (fo=117, routed)         1.701     5.303    led/clk_top_IBUF_BUFG
    SLICE_X5Y115         FDRE                                         r  led/CE_reg/C
  -------------------------------------------------------------------    -------------------
    SLICE_X5Y115         FDRE (Prop_fdre_C_Q)         0.456     5.759 r  led/CE_reg/Q
                         net (fo=1, routed)           3.299     9.058    CE_OBUF
    P15                  OBUF (Prop_obuf_I_O)         3.534    12.592 r  CE_OBUF_inst/O
                         net (fo=0)                   0.000    12.592    CE
    P15                                                               r  CE (OUT)
  -------------------------------------------------------------------    -------------------

Slack:                    inf
  Source:                 led/CA_reg/C
                            (rising edge-triggered cell FDRE clocked by sys_clk_pin  {rise@0.000ns fall@10.000ns period=20.000ns})
  Destination:            CA
                            (output port)
  Path Group:             (none)
  Path Type:              Max at Slow Process Corner
  Data Path Delay:        7.197ns  (logic 4.033ns (56.038%)  route 3.164ns (43.962%))
  Logic Levels:           1  (OBUF=1)
  Clock Uncertainty:      0.025ns  ((TSJ^2 + TIJ^2)^1/2 + DJ) / 2 + PE
    Total System Jitter     (TSJ):    0.050ns
    Total Input Jitter      (TIJ):    0.000ns
    Discrete Jitter          (DJ):    0.000ns
    Phase Error              (PE):    0.000ns

    Location             Delay type                Incr(ns)  Path(ns)    Netlist Resource(s)
  -------------------------------------------------------------------    -------------------
                         (clock sys_clk_pin rise edge)
                                                      0.000     0.000 r  
    E3                                                0.000     0.000 r  clk_top (IN)
                         net (fo=0)                   0.000     0.000    clk_top
    E3                   IBUF (Prop_ibuf_I_O)         1.482     1.482 r  clk_top_IBUF_inst/O
                         net (fo=2, routed)           2.025     3.506    clk_top_IBUF
    BUFGCTRL_X0Y16       BUFG (Prop_bufg_I_O)         0.096     3.602 r  clk_top_IBUF_BUFG_inst/O
                         net (fo=117, routed)         1.703     5.305    led/clk_top_IBUF_BUFG
    SLICE_X5Y114         FDRE                                         r  led/CA_reg/C
  -------------------------------------------------------------------    -------------------
    SLICE_X5Y114         FDRE (Prop_fdre_C_Q)         0.456     5.761 r  led/CA_reg/Q
                         net (fo=1, routed)           3.164     8.925    CA_OBUF
    T10                  OBUF (Prop_obuf_I_O)         3.577    12.502 r  CA_OBUF_inst/O
                         net (fo=0)                   0.000    12.502    CA
    T10                                                               r  CA (OUT)
  -------------------------------------------------------------------    -------------------

Slack:                    inf
  Source:                 led/CG_reg/C
                            (rising edge-triggered cell FDRE clocked by sys_clk_pin  {rise@0.000ns fall@10.000ns period=20.000ns})
  Destination:            CG
                            (output port)
  Path Group:             (none)
  Path Type:              Max at Slow Process Corner
  Data Path Delay:        6.508ns  (logic 4.055ns (62.310%)  route 2.453ns (37.690%))
  Logic Levels:           1  (OBUF=1)
  Clock Uncertainty:      0.025ns  ((TSJ^2 + TIJ^2)^1/2 + DJ) / 2 + PE
    Total System Jitter     (TSJ):    0.050ns
    Total Input Jitter      (TIJ):    0.000ns
    Discrete Jitter          (DJ):    0.000ns
    Phase Error              (PE):    0.000ns

    Location             Delay type                Incr(ns)  Path(ns)    Netlist Resource(s)
  -------------------------------------------------------------------    -------------------
                         (clock sys_clk_pin rise edge)
                                                      0.000     0.000 r  
    E3                                                0.000     0.000 r  clk_top (IN)
                         net (fo=0)                   0.000     0.000    clk_top
    E3                   IBUF (Prop_ibuf_I_O)         1.482     1.482 r  clk_top_IBUF_inst/O
                         net (fo=2, routed)           2.025     3.506    clk_top_IBUF
    BUFGCTRL_X0Y16       BUFG (Prop_bufg_I_O)         0.096     3.602 r  clk_top_IBUF_BUFG_inst/O
                         net (fo=117, routed)         1.703     5.305    led/clk_top_IBUF_BUFG
    SLICE_X6Y113         FDRE                                         r  led/CG_reg/C
  -------------------------------------------------------------------    -------------------
    SLICE_X6Y113         FDRE (Prop_fdre_C_Q)         0.518     5.823 r  led/CG_reg/Q
                         net (fo=1, routed)           2.453     8.276    CG_OBUF
    L18                  OBUF (Prop_obuf_I_O)         3.537    11.814 r  CG_OBUF_inst/O
                         net (fo=0)                   0.000    11.814    CG
    L18                                                               r  CG (OUT)
  -------------------------------------------------------------------    -------------------

Slack:                    inf
  Source:                 led/CC_reg/C
                            (rising edge-triggered cell FDRE clocked by sys_clk_pin  {rise@0.000ns fall@10.000ns period=20.000ns})
  Destination:            CC
                            (output port)
  Path Group:             (none)
  Path Type:              Max at Slow Process Corner
  Data Path Delay:        6.189ns  (logic 3.949ns (63.812%)  route 2.240ns (36.188%))
  Logic Levels:           1  (OBUF=1)
  Clock Uncertainty:      0.025ns  ((TSJ^2 + TIJ^2)^1/2 + DJ) / 2 + PE
    Total System Jitter     (TSJ):    0.050ns
    Total Input Jitter      (TIJ):    0.000ns
    Discrete Jitter          (DJ):    0.000ns
    Phase Error              (PE):    0.000ns

    Location             Delay type                Incr(ns)  Path(ns)    Netlist Resource(s)
  -------------------------------------------------------------------    -------------------
                         (clock sys_clk_pin rise edge)
                                                      0.000     0.000 r  
    E3                                                0.000     0.000 r  clk_top (IN)
                         net (fo=0)                   0.000     0.000    clk_top
    E3                   IBUF (Prop_ibuf_I_O)         1.482     1.482 r  clk_top_IBUF_inst/O
                         net (fo=2, routed)           2.025     3.506    clk_top_IBUF
    BUFGCTRL_X0Y16       BUFG (Prop_bufg_I_O)         0.096     3.602 r  clk_top_IBUF_BUFG_inst/O
                         net (fo=117, routed)         1.703     5.305    led/clk_top_IBUF_BUFG
    SLICE_X5Y114         FDRE                                         r  led/CC_reg/C
  -------------------------------------------------------------------    -------------------
    SLICE_X5Y114         FDRE (Prop_fdre_C_Q)         0.456     5.761 r  led/CC_reg/Q
                         net (fo=1, routed)           2.240     8.001    CC_OBUF
    K16                  OBUF (Prop_obuf_I_O)         3.493    11.494 r  CC_OBUF_inst/O
                         net (fo=0)                   0.000    11.494    CC
    K16                                                               r  CC (OUT)
  -------------------------------------------------------------------    -------------------

Slack:                    inf
  Source:                 led/CD_reg/C
                            (rising edge-triggered cell FDRE clocked by sys_clk_pin  {rise@0.000ns fall@10.000ns period=20.000ns})
  Destination:            CD
                            (output port)
  Path Group:             (none)
  Path Type:              Max at Slow Process Corner
  Data Path Delay:        5.902ns  (logic 4.068ns (68.935%)  route 1.833ns (31.065%))
  Logic Levels:           1  (OBUF=1)
  Clock Uncertainty:      0.025ns  ((TSJ^2 + TIJ^2)^1/2 + DJ) / 2 + PE
    Total System Jitter     (TSJ):    0.050ns
    Total Input Jitter      (TIJ):    0.000ns
    Discrete Jitter          (DJ):    0.000ns
    Phase Error              (PE):    0.000ns

    Location             Delay type                Incr(ns)  Path(ns)    Netlist Resource(s)
  -------------------------------------------------------------------    -------------------
                         (clock sys_clk_pin rise edge)
                                                      0.000     0.000 r  
    E3                                                0.000     0.000 r  clk_top (IN)
                         net (fo=0)                   0.000     0.000    clk_top
    E3                   IBUF (Prop_ibuf_I_O)         1.482     1.482 r  clk_top_IBUF_inst/O
                         net (fo=2, routed)           2.025     3.506    clk_top_IBUF
    BUFGCTRL_X0Y16       BUFG (Prop_bufg_I_O)         0.096     3.602 r  clk_top_IBUF_BUFG_inst/O
                         net (fo=117, routed)         1.701     5.303    led/clk_top_IBUF_BUFG
    SLICE_X6Y115         FDRE                                         r  led/CD_reg/C
  -------------------------------------------------------------------    -------------------
    SLICE_X6Y115         FDRE (Prop_fdre_C_Q)         0.518     5.821 r  led/CD_reg/Q
                         net (fo=1, routed)           1.833     7.655    CD_OBUF
    K13                  OBUF (Prop_obuf_I_O)         3.550    11.205 r  CD_OBUF_inst/O
                         net (fo=0)                   0.000    11.205    CD
    K13                                                               r  CD (OUT)
  -------------------------------------------------------------------    -------------------

Slack:                    inf
  Source:                 spi_ctrl/cs_reg/C
                            (rising edge-triggered cell FDPE clocked by sys_clk_pin  {rise@0.000ns fall@10.000ns period=20.000ns})
  Destination:            cs_spi
                            (output port)
  Path Group:             (none)
  Path Type:              Max at Slow Process Corner
  Data Path Delay:        5.854ns  (logic 3.992ns (68.195%)  route 1.862ns (31.805%))
  Logic Levels:           1  (OBUF=1)
  Clock Uncertainty:      0.025ns  ((TSJ^2 + TIJ^2)^1/2 + DJ) / 2 + PE
    Total System Jitter     (TSJ):    0.050ns
    Total Input Jitter      (TIJ):    0.000ns
    Discrete Jitter          (DJ):    0.000ns
    Phase Error              (PE):    0.000ns

    Location             Delay type                Incr(ns)  Path(ns)    Netlist Resource(s)
  -------------------------------------------------------------------    -------------------
                         (clock sys_clk_pin rise edge)
                                                      0.000     0.000 r  
    E3                                                0.000     0.000 r  clk_top (IN)
                         net (fo=0)                   0.000     0.000    clk_top
    E3                   IBUF (Prop_ibuf_I_O)         1.482     1.482 r  clk_top_IBUF_inst/O
                         net (fo=2, routed)           2.025     3.506    clk_top_IBUF
    BUFGCTRL_X0Y16       BUFG (Prop_bufg_I_O)         0.096     3.602 r  clk_top_IBUF_BUFG_inst/O
                         net (fo=117, routed)         1.700     5.302    spi_ctrl/clk_top_IBUF_BUFG
    SLICE_X5Y116         FDPE                                         r  spi_ctrl/cs_reg/C
  -------------------------------------------------------------------    -------------------
    SLICE_X5Y116         FDPE (Prop_fdpe_C_Q)         0.456     5.758 r  spi_ctrl/cs_reg/Q
                         net (fo=4, routed)           1.862     7.620    cs_spi_OBUF
    D17                  OBUF (Prop_obuf_I_O)         3.536    11.156 r  cs_spi_OBUF_inst/O
                         net (fo=0)                   0.000    11.156    cs_spi
    D17                                                               r  cs_spi (OUT)
  -------------------------------------------------------------------    -------------------





Min Delay Paths
--------------------------------------------------------------------------------------
Slack:                    inf
  Source:                 clk_top
                            (clock source 'sys_clk_pin'  {rise@0.000ns fall@10.000ns period=20.000ns})
  Destination:            sclk_spi
                            (output port)
  Path Group:             (none)
  Path Type:              Min at Fast Process Corner
  Data Path Delay:        3.052ns  (logic 1.533ns (50.237%)  route 1.519ns (49.763%))
  Logic Levels:           3  (IBUF=1 LUT2=1 OBUF=1)
  Clock Uncertainty:      0.025ns  ((TSJ^2 + TIJ^2)^1/2 + DJ) / 2 + PE
    Total System Jitter     (TSJ):    0.050ns
    Total Input Jitter      (TIJ):    0.000ns
    Discrete Jitter          (DJ):    0.000ns
    Phase Error              (PE):    0.000ns

    Location             Delay type                Incr(ns)  Path(ns)    Netlist Resource(s)
  -------------------------------------------------------------------    -------------------
                         (clock sys_clk_pin rise edge)
                                                      0.000     0.000 r  
    E3                                                0.000     0.000 r  clk_top (IN)
                         net (fo=0)                   0.000     0.000    clk_top
    E3                   IBUF (Prop_ibuf_I_O)         0.250     0.250 r  clk_top_IBUF_inst/O
                         net (fo=2, routed)           1.011     1.261    spi_ctrl/clk_top_IBUF
    SLICE_X4Y116         LUT2 (Prop_lut2_I0_O)        0.045     1.306 r  spi_ctrl/sclk_spi_OBUF_inst_i_1/O
                         net (fo=1, routed)           0.508     1.813    sclk_spi_OBUF
    F18                  OBUF (Prop_obuf_I_O)         1.239     3.052 r  sclk_spi_OBUF_inst/O
                         net (fo=0)                   0.000     3.052    sclk_spi
    F18                                                               r  sclk_spi (OUT)
  -------------------------------------------------------------------    -------------------

Slack:                    inf
  Source:                 spi_ctrl/cs_reg/C
                            (rising edge-triggered cell FDPE clocked by sys_clk_pin  {rise@0.000ns fall@10.000ns period=20.000ns})
  Destination:            cs_spi
                            (output port)
  Path Group:             (none)
  Path Type:              Min at Fast Process Corner
  Data Path Delay:        1.782ns  (logic 1.378ns (77.334%)  route 0.404ns (22.666%))
  Logic Levels:           1  (OBUF=1)
  Clock Uncertainty:      0.025ns  ((TSJ^2 + TIJ^2)^1/2 + DJ) / 2 + PE
    Total System Jitter     (TSJ):    0.050ns
    Total Input Jitter      (TIJ):    0.000ns
    Discrete Jitter          (DJ):    0.000ns
    Phase Error              (PE):    0.000ns

    Location             Delay type                Incr(ns)  Path(ns)    Netlist Resource(s)
  -------------------------------------------------------------------    -------------------
                         (clock sys_clk_pin rise edge)
                                                      0.000     0.000 r  
    E3                                                0.000     0.000 r  clk_top (IN)
                         net (fo=0)                   0.000     0.000    clk_top
    E3                   IBUF (Prop_ibuf_I_O)         0.250     0.250 r  clk_top_IBUF_inst/O
                         net (fo=2, routed)           0.644     0.894    clk_top_IBUF
    BUFGCTRL_X0Y16       BUFG (Prop_bufg_I_O)         0.026     0.920 r  clk_top_IBUF_BUFG_inst/O
                         net (fo=117, routed)         0.592     1.511    spi_ctrl/clk_top_IBUF_BUFG
    SLICE_X5Y116         FDPE                                         r  spi_ctrl/cs_reg/C
  -------------------------------------------------------------------    -------------------
    SLICE_X5Y116         FDPE (Prop_fdpe_C_Q)         0.141     1.652 r  spi_ctrl/cs_reg/Q
                         net (fo=4, routed)           0.404     2.056    cs_spi_OBUF
    D17                  OBUF (Prop_obuf_I_O)         1.237     3.293 r  cs_spi_OBUF_inst/O
                         net (fo=0)                   0.000     3.293    cs_spi
    D17                                                               r  cs_spi (OUT)
  -------------------------------------------------------------------    -------------------

Slack:                    inf
  Source:                 led/CD_reg/C
                            (rising edge-triggered cell FDRE clocked by sys_clk_pin  {rise@0.000ns fall@10.000ns period=20.000ns})
  Destination:            CD
                            (output port)
  Path Group:             (none)
  Path Type:              Min at Fast Process Corner
  Data Path Delay:        1.790ns  (logic 1.415ns (79.036%)  route 0.375ns (20.964%))
  Logic Levels:           1  (OBUF=1)
  Clock Uncertainty:      0.025ns  ((TSJ^2 + TIJ^2)^1/2 + DJ) / 2 + PE
    Total System Jitter     (TSJ):    0.050ns
    Total Input Jitter      (TIJ):    0.000ns
    Discrete Jitter          (DJ):    0.000ns
    Phase Error              (PE):    0.000ns

    Location             Delay type                Incr(ns)  Path(ns)    Netlist Resource(s)
  -------------------------------------------------------------------    -------------------
                         (clock sys_clk_pin rise edge)
                                                      0.000     0.000 r  
    E3                                                0.000     0.000 r  clk_top (IN)
                         net (fo=0)                   0.000     0.000    clk_top
    E3                   IBUF (Prop_ibuf_I_O)         0.250     0.250 r  clk_top_IBUF_inst/O
                         net (fo=2, routed)           0.644     0.894    clk_top_IBUF
    BUFGCTRL_X0Y16       BUFG (Prop_bufg_I_O)         0.026     0.920 r  clk_top_IBUF_BUFG_inst/O
                         net (fo=117, routed)         0.593     1.512    led/clk_top_IBUF_BUFG
    SLICE_X6Y115         FDRE                                         r  led/CD_reg/C
  -------------------------------------------------------------------    -------------------
    SLICE_X6Y115         FDRE (Prop_fdre_C_Q)         0.164     1.676 r  led/CD_reg/Q
                         net (fo=1, routed)           0.375     2.052    CD_OBUF
    K13                  OBUF (Prop_obuf_I_O)         1.251     3.303 r  CD_OBUF_inst/O
                         net (fo=0)                   0.000     3.303    CD
    K13                                                               r  CD (OUT)
  -------------------------------------------------------------------    -------------------

Slack:                    inf
  Source:                 led/CC_reg/C
                            (rising edge-triggered cell FDRE clocked by sys_clk_pin  {rise@0.000ns fall@10.000ns period=20.000ns})
  Destination:            CC
                            (output port)
  Path Group:             (none)
  Path Type:              Min at Fast Process Corner
  Data Path Delay:        1.899ns  (logic 1.335ns (70.322%)  route 0.564ns (29.678%))
  Logic Levels:           1  (OBUF=1)
  Clock Uncertainty:      0.025ns  ((TSJ^2 + TIJ^2)^1/2 + DJ) / 2 + PE
    Total System Jitter     (TSJ):    0.050ns
    Total Input Jitter      (TIJ):    0.000ns
    Discrete Jitter          (DJ):    0.000ns
    Phase Error              (PE):    0.000ns

    Location             Delay type                Incr(ns)  Path(ns)    Netlist Resource(s)
  -------------------------------------------------------------------    -------------------
                         (clock sys_clk_pin rise edge)
                                                      0.000     0.000 r  
    E3                                                0.000     0.000 r  clk_top (IN)
                         net (fo=0)                   0.000     0.000    clk_top
    E3                   IBUF (Prop_ibuf_I_O)         0.250     0.250 r  clk_top_IBUF_inst/O
                         net (fo=2, routed)           0.644     0.894    clk_top_IBUF
    BUFGCTRL_X0Y16       BUFG (Prop_bufg_I_O)         0.026     0.920 r  clk_top_IBUF_BUFG_inst/O
                         net (fo=117, routed)         0.593     1.512    led/clk_top_IBUF_BUFG
    SLICE_X5Y114         FDRE                                         r  led/CC_reg/C
  -------------------------------------------------------------------    -------------------
    SLICE_X5Y114         FDRE (Prop_fdre_C_Q)         0.141     1.653 r  led/CC_reg/Q
                         net (fo=1, routed)           0.564     2.217    CC_OBUF
    K16                  OBUF (Prop_obuf_I_O)         1.194     3.411 r  CC_OBUF_inst/O
                         net (fo=0)                   0.000     3.411    CC
    K16                                                               r  CC (OUT)
  -------------------------------------------------------------------    -------------------

Slack:                    inf
  Source:                 led/CG_reg/C
                            (rising edge-triggered cell FDRE clocked by sys_clk_pin  {rise@0.000ns fall@10.000ns period=20.000ns})
  Destination:            CG
                            (output port)
  Path Group:             (none)
  Path Type:              Min at Fast Process Corner
  Data Path Delay:        2.059ns  (logic 1.402ns (68.095%)  route 0.657ns (31.905%))
  Logic Levels:           1  (OBUF=1)
  Clock Uncertainty:      0.025ns  ((TSJ^2 + TIJ^2)^1/2 + DJ) / 2 + PE
    Total System Jitter     (TSJ):    0.050ns
    Total Input Jitter      (TIJ):    0.000ns
    Discrete Jitter          (DJ):    0.000ns
    Phase Error              (PE):    0.000ns

    Location             Delay type                Incr(ns)  Path(ns)    Netlist Resource(s)
  -------------------------------------------------------------------    -------------------
                         (clock sys_clk_pin rise edge)
                                                      0.000     0.000 r  
    E3                                                0.000     0.000 r  clk_top (IN)
                         net (fo=0)                   0.000     0.000    clk_top
    E3                   IBUF (Prop_ibuf_I_O)         0.250     0.250 r  clk_top_IBUF_inst/O
                         net (fo=2, routed)           0.644     0.894    clk_top_IBUF
    BUFGCTRL_X0Y16       BUFG (Prop_bufg_I_O)         0.026     0.920 r  clk_top_IBUF_BUFG_inst/O
                         net (fo=117, routed)         0.593     1.512    led/clk_top_IBUF_BUFG
    SLICE_X6Y113         FDRE                                         r  led/CG_reg/C
  -------------------------------------------------------------------    -------------------
    SLICE_X6Y113         FDRE (Prop_fdre_C_Q)         0.164     1.676 r  led/CG_reg/Q
                         net (fo=1, routed)           0.657     2.333    CG_OBUF
    L18                  OBUF (Prop_obuf_I_O)         1.238     3.572 r  CG_OBUF_inst/O
                         net (fo=0)                   0.000     3.572    CG
    L18                                                               r  CG (OUT)
  -------------------------------------------------------------------    -------------------

Slack:                    inf
  Source:                 led/CA_reg/C
                            (rising edge-triggered cell FDRE clocked by sys_clk_pin  {rise@0.000ns fall@10.000ns period=20.000ns})
  Destination:            CA
                            (output port)
  Path Group:             (none)
  Path Type:              Min at Fast Process Corner
  Data Path Delay:        2.312ns  (logic 1.418ns (61.343%)  route 0.894ns (38.657%))
  Logic Levels:           1  (OBUF=1)
  Clock Uncertainty:      0.025ns  ((TSJ^2 + TIJ^2)^1/2 + DJ) / 2 + PE
    Total System Jitter     (TSJ):    0.050ns
    Total Input Jitter      (TIJ):    0.000ns
    Discrete Jitter          (DJ):    0.000ns
    Phase Error              (PE):    0.000ns

    Location             Delay type                Incr(ns)  Path(ns)    Netlist Resource(s)
  -------------------------------------------------------------------    -------------------
                         (clock sys_clk_pin rise edge)
                                                      0.000     0.000 r  
    E3                                                0.000     0.000 r  clk_top (IN)
                         net (fo=0)                   0.000     0.000    clk_top
    E3                   IBUF (Prop_ibuf_I_O)         0.250     0.250 r  clk_top_IBUF_inst/O
                         net (fo=2, routed)           0.644     0.894    clk_top_IBUF
    BUFGCTRL_X0Y16       BUFG (Prop_bufg_I_O)         0.026     0.920 r  clk_top_IBUF_BUFG_inst/O
                         net (fo=117, routed)         0.593     1.512    led/clk_top_IBUF_BUFG
    SLICE_X5Y114         FDRE                                         r  led/CA_reg/C
  -------------------------------------------------------------------    -------------------
    SLICE_X5Y114         FDRE (Prop_fdre_C_Q)         0.141     1.653 r  led/CA_reg/Q
                         net (fo=1, routed)           0.894     2.547    CA_OBUF
    T10                  OBUF (Prop_obuf_I_O)         1.277     3.825 r  CA_OBUF_inst/O
                         net (fo=0)                   0.000     3.825    CA
    T10                                                               r  CA (OUT)
  -------------------------------------------------------------------    -------------------

Slack:                    inf
  Source:                 led/CE_reg/C
                            (rising edge-triggered cell FDRE clocked by sys_clk_pin  {rise@0.000ns fall@10.000ns period=20.000ns})
  Destination:            CE
                            (output port)
  Path Group:             (none)
  Path Type:              Min at Fast Process Corner
  Data Path Delay:        2.407ns  (logic 1.375ns (57.137%)  route 1.032ns (42.863%))
  Logic Levels:           1  (OBUF=1)
  Clock Uncertainty:      0.025ns  ((TSJ^2 + TIJ^2)^1/2 + DJ) / 2 + PE
    Total System Jitter     (TSJ):    0.050ns
    Total Input Jitter      (TIJ):    0.000ns
    Discrete Jitter          (DJ):    0.000ns
    Phase Error              (PE):    0.000ns

    Location             Delay type                Incr(ns)  Path(ns)    Netlist Resource(s)
  -------------------------------------------------------------------    -------------------
                         (clock sys_clk_pin rise edge)
                                                      0.000     0.000 r  
    E3                                                0.000     0.000 r  clk_top (IN)
                         net (fo=0)                   0.000     0.000    clk_top
    E3                   IBUF (Prop_ibuf_I_O)         0.250     0.250 r  clk_top_IBUF_inst/O
                         net (fo=2, routed)           0.644     0.894    clk_top_IBUF
    BUFGCTRL_X0Y16       BUFG (Prop_bufg_I_O)         0.026     0.920 r  clk_top_IBUF_BUFG_inst/O
                         net (fo=117, routed)         0.593     1.512    led/clk_top_IBUF_BUFG
    SLICE_X5Y115         FDRE                                         r  led/CE_reg/C
  -------------------------------------------------------------------    -------------------
    SLICE_X5Y115         FDRE (Prop_fdre_C_Q)         0.141     1.653 r  led/CE_reg/Q
                         net (fo=1, routed)           1.032     2.685    CE_OBUF
    P15                  OBUF (Prop_obuf_I_O)         1.234     3.920 r  CE_OBUF_inst/O
                         net (fo=0)                   0.000     3.920    CE
    P15                                                               r  CE (OUT)
  -------------------------------------------------------------------    -------------------

Slack:                    inf
  Source:                 led/CF_reg/C
                            (rising edge-triggered cell FDRE clocked by sys_clk_pin  {rise@0.000ns fall@10.000ns period=20.000ns})
  Destination:            CF
                            (output port)
  Path Group:             (none)
  Path Type:              Min at Fast Process Corner
  Data Path Delay:        2.576ns  (logic 1.425ns (55.323%)  route 1.151ns (44.677%))
  Logic Levels:           1  (OBUF=1)
  Clock Uncertainty:      0.025ns  ((TSJ^2 + TIJ^2)^1/2 + DJ) / 2 + PE
    Total System Jitter     (TSJ):    0.050ns
    Total Input Jitter      (TIJ):    0.000ns
    Discrete Jitter          (DJ):    0.000ns
    Phase Error              (PE):    0.000ns

    Location             Delay type                Incr(ns)  Path(ns)    Netlist Resource(s)
  -------------------------------------------------------------------    -------------------
                         (clock sys_clk_pin rise edge)
                                                      0.000     0.000 r  
    E3                                                0.000     0.000 r  clk_top (IN)
                         net (fo=0)                   0.000     0.000    clk_top
    E3                   IBUF (Prop_ibuf_I_O)         0.250     0.250 r  clk_top_IBUF_inst/O
                         net (fo=2, routed)           0.644     0.894    clk_top_IBUF
    BUFGCTRL_X0Y16       BUFG (Prop_bufg_I_O)         0.026     0.920 r  clk_top_IBUF_BUFG_inst/O
                         net (fo=117, routed)         0.593     1.512    led/clk_top_IBUF_BUFG
    SLICE_X6Y114         FDRE                                         r  led/CF_reg/C
  -------------------------------------------------------------------    -------------------
    SLICE_X6Y114         FDRE (Prop_fdre_C_Q)         0.164     1.676 r  led/CF_reg/Q
                         net (fo=1, routed)           1.151     2.827    CF_OBUF
    T11                  OBUF (Prop_obuf_I_O)         1.261     4.089 r  CF_OBUF_inst/O
                         net (fo=0)                   0.000     4.089    CF
    T11                                                               r  CF (OUT)
  -------------------------------------------------------------------    -------------------

Slack:                    inf
  Source:                 led/CB_reg/C
                            (rising edge-triggered cell FDRE clocked by sys_clk_pin  {rise@0.000ns fall@10.000ns period=20.000ns})
  Destination:            CB
                            (output port)
  Path Group:             (none)
  Path Type:              Min at Fast Process Corner
  Data Path Delay:        2.793ns  (logic 1.420ns (50.840%)  route 1.373ns (49.160%))
  Logic Levels:           1  (OBUF=1)
  Clock Uncertainty:      0.025ns  ((TSJ^2 + TIJ^2)^1/2 + DJ) / 2 + PE
    Total System Jitter     (TSJ):    0.050ns
    Total Input Jitter      (TIJ):    0.000ns
    Discrete Jitter          (DJ):    0.000ns
    Phase Error              (PE):    0.000ns

    Location             Delay type                Incr(ns)  Path(ns)    Netlist Resource(s)
  -------------------------------------------------------------------    -------------------
                         (clock sys_clk_pin rise edge)
                                                      0.000     0.000 r  
    E3                                                0.000     0.000 r  clk_top (IN)
                         net (fo=0)                   0.000     0.000    clk_top
    E3                   IBUF (Prop_ibuf_I_O)         0.250     0.250 r  clk_top_IBUF_inst/O
                         net (fo=2, routed)           0.644     0.894    clk_top_IBUF
    BUFGCTRL_X0Y16       BUFG (Prop_bufg_I_O)         0.026     0.920 r  clk_top_IBUF_BUFG_inst/O
                         net (fo=117, routed)         0.593     1.512    led/clk_top_IBUF_BUFG
    SLICE_X6Y114         FDRE                                         r  led/CB_reg/C
  -------------------------------------------------------------------    -------------------
    SLICE_X6Y114         FDRE (Prop_fdre_C_Q)         0.164     1.676 r  led/CB_reg/Q
                         net (fo=1, routed)           1.373     3.050    CB_OBUF
    R10                  OBUF (Prop_obuf_I_O)         1.256     4.306 r  CB_OBUF_inst/O
                         net (fo=0)                   0.000     4.306    CB
    R10                                                               r  CB (OUT)
  -------------------------------------------------------------------    -------------------

Slack:                    inf
  Source:                 spi_ctrl/mosi_reg/C
                            (falling edge-triggered cell FDRE clocked by sys_clk_pin  {rise@0.000ns fall@10.000ns period=20.000ns})
  Destination:            mosi_spi
                            (output port)
  Path Group:             (none)
  Path Type:              Min at Fast Process Corner
  Data Path Delay:        1.773ns  (logic 1.368ns (77.142%)  route 0.405ns (22.858%))
  Logic Levels:           1  (OBUF=1)
  Clock Uncertainty:      0.025ns  ((TSJ^2 + TIJ^2)^1/2 + DJ) / 2 + PE
    Total System Jitter     (TSJ):    0.050ns
    Total Input Jitter      (TIJ):    0.000ns
    Discrete Jitter          (DJ):    0.000ns
    Phase Error              (PE):    0.000ns

    Location             Delay type                Incr(ns)  Path(ns)    Netlist Resource(s)
  -------------------------------------------------------------------    -------------------
                         (clock sys_clk_pin fall edge)
                                                     10.000    10.000 f  
    E3                                                0.000    10.000 f  clk_top (IN)
                         net (fo=0)                   0.000    10.000    clk_top
    E3                   IBUF (Prop_ibuf_I_O)         0.250    10.250 f  clk_top_IBUF_inst/O
                         net (fo=2, routed)           0.644    10.894    clk_top_IBUF
    BUFGCTRL_X0Y16       BUFG (Prop_bufg_I_O)         0.026    10.920 f  clk_top_IBUF_BUFG_inst/O
                         net (fo=117, routed)         0.592    11.511    spi_ctrl/clk_top_IBUF_BUFG
    SLICE_X7Y116         FDRE                                         r  spi_ctrl/mosi_reg/C  (IS_INVERTED)
  -------------------------------------------------------------------    -------------------
    SLICE_X7Y116         FDRE (Prop_fdre_C_Q)         0.146    11.657 r  spi_ctrl/mosi_reg/Q
                         net (fo=1, routed)           0.405    12.063    mosi_spi_OBUF
    G17                  OBUF (Prop_obuf_I_O)         1.222    13.285 r  mosi_spi_OBUF_inst/O
                         net (fo=0)                   0.000    13.285    mosi_spi
    G17                                                               r  mosi_spi (OUT)
  -------------------------------------------------------------------    -------------------





--------------------------------------------------------------------------------------
Path Group:  (none)
From Clock:  
  To Clock:  sys_clk_pin

Max Delay            96 Endpoints
Min Delay            96 Endpoints
--------------------------------------------------------------------------------------


Max Delay Paths
--------------------------------------------------------------------------------------
Slack:                    inf
  Source:                 rst
                            (input port)
  Destination:            spi_ctrl/dummy_data_reg[10]/CE
                            (rising edge-triggered cell FDRE clocked by sys_clk_pin  {rise@0.000ns fall@10.000ns period=20.000ns})
  Path Group:             (none)
  Path Type:              Setup (Max at Slow Process Corner)
  Data Path Delay:        4.722ns  (logic 1.602ns (33.914%)  route 3.121ns (66.086%))
  Logic Levels:           2  (IBUF=1 LUT2=1)
  Clock Path Skew:        4.926ns (DCD - SCD + CPR)
    Destination Clock Delay (DCD):    4.926ns
    Source Clock Delay      (SCD):    0.000ns
    Clock Pessimism Removal (CPR):    0.000ns
  Clock Uncertainty:      0.025ns  ((TSJ^2 + TIJ^2)^1/2 + DJ) / 2 + PE
    Total System Jitter     (TSJ):    0.050ns
    Total Input Jitter      (TIJ):    0.000ns
    Discrete Jitter          (DJ):    0.000ns
    Phase Error              (PE):    0.000ns

    Location             Delay type                Incr(ns)  Path(ns)    Netlist Resource(s)
  -------------------------------------------------------------------    -------------------
    J15                                               0.000     0.000 f  rst (IN)
                         net (fo=0)                   0.000     0.000    rst
    J15                  IBUF (Prop_ibuf_I_O)         1.478     1.478 f  rst_IBUF_inst/O
                         net (fo=52, routed)          2.194     3.672    spi_ctrl/rst_IBUF
    SLICE_X7Y117         LUT2 (Prop_lut2_I1_O)        0.124     3.796 r  spi_ctrl/dummy_data[31]_i_1/O
                         net (fo=37, routed)          0.927     4.722    spi_ctrl/dummy_data[31]_i_1_n_0
    SLICE_X10Y116        FDRE                                         r  spi_ctrl/dummy_data_reg[10]/CE
  -------------------------------------------------------------------    -------------------

                         (clock sys_clk_pin rise edge)
                                                      0.000     0.000 r  
    E3                                                0.000     0.000 r  clk_top (IN)
                         net (fo=0)                   0.000     0.000    clk_top
    E3                   IBUF (Prop_ibuf_I_O)         1.411     1.411 r  clk_top_IBUF_inst/O
                         net (fo=2, routed)           1.920     3.331    clk_top_IBUF
    BUFGCTRL_X0Y16       BUFG (Prop_bufg_I_O)         0.091     3.422 r  clk_top_IBUF_BUFG_inst/O
                         net (fo=117, routed)         1.504     4.926    spi_ctrl/clk_top_IBUF_BUFG
    SLICE_X10Y116        FDRE                                         r  spi_ctrl/dummy_data_reg[10]/C

Slack:                    inf
  Source:                 rst
                            (input port)
  Destination:            spi_ctrl/dummy_data_reg[12]/CE
                            (rising edge-triggered cell FDRE clocked by sys_clk_pin  {rise@0.000ns fall@10.000ns period=20.000ns})
  Path Group:             (none)
  Path Type:              Setup (Max at Slow Process Corner)
  Data Path Delay:        4.722ns  (logic 1.602ns (33.914%)  route 3.121ns (66.086%))
  Logic Levels:           2  (IBUF=1 LUT2=1)
  Clock Path Skew:        4.926ns (DCD - SCD + CPR)
    Destination Clock Delay (DCD):    4.926ns
    Source Clock Delay      (SCD):    0.000ns
    Clock Pessimism Removal (CPR):    0.000ns
  Clock Uncertainty:      0.025ns  ((TSJ^2 + TIJ^2)^1/2 + DJ) / 2 + PE
    Total System Jitter     (TSJ):    0.050ns
    Total Input Jitter      (TIJ):    0.000ns
    Discrete Jitter          (DJ):    0.000ns
    Phase Error              (PE):    0.000ns

    Location             Delay type                Incr(ns)  Path(ns)    Netlist Resource(s)
  -------------------------------------------------------------------    -------------------
    J15                                               0.000     0.000 f  rst (IN)
                         net (fo=0)                   0.000     0.000    rst
    J15                  IBUF (Prop_ibuf_I_O)         1.478     1.478 f  rst_IBUF_inst/O
                         net (fo=52, routed)          2.194     3.672    spi_ctrl/rst_IBUF
    SLICE_X7Y117         LUT2 (Prop_lut2_I1_O)        0.124     3.796 r  spi_ctrl/dummy_data[31]_i_1/O
                         net (fo=37, routed)          0.927     4.722    spi_ctrl/dummy_data[31]_i_1_n_0
    SLICE_X10Y116        FDRE                                         r  spi_ctrl/dummy_data_reg[12]/CE
  -------------------------------------------------------------------    -------------------

                         (clock sys_clk_pin rise edge)
                                                      0.000     0.000 r  
    E3                                                0.000     0.000 r  clk_top (IN)
                         net (fo=0)                   0.000     0.000    clk_top
    E3                   IBUF (Prop_ibuf_I_O)         1.411     1.411 r  clk_top_IBUF_inst/O
                         net (fo=2, routed)           1.920     3.331    clk_top_IBUF
    BUFGCTRL_X0Y16       BUFG (Prop_bufg_I_O)         0.091     3.422 r  clk_top_IBUF_BUFG_inst/O
                         net (fo=117, routed)         1.504     4.926    spi_ctrl/clk_top_IBUF_BUFG
    SLICE_X10Y116        FDRE                                         r  spi_ctrl/dummy_data_reg[12]/C

Slack:                    inf
  Source:                 rst
                            (input port)
  Destination:            spi_ctrl/dummy_data_reg[13]/CE
                            (rising edge-triggered cell FDRE clocked by sys_clk_pin  {rise@0.000ns fall@10.000ns period=20.000ns})
  Path Group:             (none)
  Path Type:              Setup (Max at Slow Process Corner)
  Data Path Delay:        4.722ns  (logic 1.602ns (33.914%)  route 3.121ns (66.086%))
  Logic Levels:           2  (IBUF=1 LUT2=1)
  Clock Path Skew:        4.926ns (DCD - SCD + CPR)
    Destination Clock Delay (DCD):    4.926ns
    Source Clock Delay      (SCD):    0.000ns
    Clock Pessimism Removal (CPR):    0.000ns
  Clock Uncertainty:      0.025ns  ((TSJ^2 + TIJ^2)^1/2 + DJ) / 2 + PE
    Total System Jitter     (TSJ):    0.050ns
    Total Input Jitter      (TIJ):    0.000ns
    Discrete Jitter          (DJ):    0.000ns
    Phase Error              (PE):    0.000ns

    Location             Delay type                Incr(ns)  Path(ns)    Netlist Resource(s)
  -------------------------------------------------------------------    -------------------
    J15                                               0.000     0.000 f  rst (IN)
                         net (fo=0)                   0.000     0.000    rst
    J15                  IBUF (Prop_ibuf_I_O)         1.478     1.478 f  rst_IBUF_inst/O
                         net (fo=52, routed)          2.194     3.672    spi_ctrl/rst_IBUF
    SLICE_X7Y117         LUT2 (Prop_lut2_I1_O)        0.124     3.796 r  spi_ctrl/dummy_data[31]_i_1/O
                         net (fo=37, routed)          0.927     4.722    spi_ctrl/dummy_data[31]_i_1_n_0
    SLICE_X10Y116        FDRE                                         r  spi_ctrl/dummy_data_reg[13]/CE
  -------------------------------------------------------------------    -------------------

                         (clock sys_clk_pin rise edge)
                                                      0.000     0.000 r  
    E3                                                0.000     0.000 r  clk_top (IN)
                         net (fo=0)                   0.000     0.000    clk_top
    E3                   IBUF (Prop_ibuf_I_O)         1.411     1.411 r  clk_top_IBUF_inst/O
                         net (fo=2, routed)           1.920     3.331    clk_top_IBUF
    BUFGCTRL_X0Y16       BUFG (Prop_bufg_I_O)         0.091     3.422 r  clk_top_IBUF_BUFG_inst/O
                         net (fo=117, routed)         1.504     4.926    spi_ctrl/clk_top_IBUF_BUFG
    SLICE_X10Y116        FDRE                                         r  spi_ctrl/dummy_data_reg[13]/C

Slack:                    inf
  Source:                 rst
                            (input port)
  Destination:            spi_ctrl/dummy_data_reg[14]/CE
                            (rising edge-triggered cell FDRE clocked by sys_clk_pin  {rise@0.000ns fall@10.000ns period=20.000ns})
  Path Group:             (none)
  Path Type:              Setup (Max at Slow Process Corner)
  Data Path Delay:        4.722ns  (logic 1.602ns (33.914%)  route 3.121ns (66.086%))
  Logic Levels:           2  (IBUF=1 LUT2=1)
  Clock Path Skew:        4.926ns (DCD - SCD + CPR)
    Destination Clock Delay (DCD):    4.926ns
    Source Clock Delay      (SCD):    0.000ns
    Clock Pessimism Removal (CPR):    0.000ns
  Clock Uncertainty:      0.025ns  ((TSJ^2 + TIJ^2)^1/2 + DJ) / 2 + PE
    Total System Jitter     (TSJ):    0.050ns
    Total Input Jitter      (TIJ):    0.000ns
    Discrete Jitter          (DJ):    0.000ns
    Phase Error              (PE):    0.000ns

    Location             Delay type                Incr(ns)  Path(ns)    Netlist Resource(s)
  -------------------------------------------------------------------    -------------------
    J15                                               0.000     0.000 f  rst (IN)
                         net (fo=0)                   0.000     0.000    rst
    J15                  IBUF (Prop_ibuf_I_O)         1.478     1.478 f  rst_IBUF_inst/O
                         net (fo=52, routed)          2.194     3.672    spi_ctrl/rst_IBUF
    SLICE_X7Y117         LUT2 (Prop_lut2_I1_O)        0.124     3.796 r  spi_ctrl/dummy_data[31]_i_1/O
                         net (fo=37, routed)          0.927     4.722    spi_ctrl/dummy_data[31]_i_1_n_0
    SLICE_X10Y116        FDRE                                         r  spi_ctrl/dummy_data_reg[14]/CE
  -------------------------------------------------------------------    -------------------

                         (clock sys_clk_pin rise edge)
                                                      0.000     0.000 r  
    E3                                                0.000     0.000 r  clk_top (IN)
                         net (fo=0)                   0.000     0.000    clk_top
    E3                   IBUF (Prop_ibuf_I_O)         1.411     1.411 r  clk_top_IBUF_inst/O
                         net (fo=2, routed)           1.920     3.331    clk_top_IBUF
    BUFGCTRL_X0Y16       BUFG (Prop_bufg_I_O)         0.091     3.422 r  clk_top_IBUF_BUFG_inst/O
                         net (fo=117, routed)         1.504     4.926    spi_ctrl/clk_top_IBUF_BUFG
    SLICE_X10Y116        FDRE                                         r  spi_ctrl/dummy_data_reg[14]/C

Slack:                    inf
  Source:                 rst
                            (input port)
  Destination:            spi_ctrl/dummy_data_reg[0]/CE
                            (rising edge-triggered cell FDRE clocked by sys_clk_pin  {rise@0.000ns fall@10.000ns period=20.000ns})
  Path Group:             (none)
  Path Type:              Setup (Max at Slow Process Corner)
  Data Path Delay:        4.608ns  (logic 1.602ns (34.759%)  route 3.006ns (65.241%))
  Logic Levels:           2  (IBUF=1 LUT2=1)
  Clock Path Skew:        4.923ns (DCD - SCD + CPR)
    Destination Clock Delay (DCD):    4.923ns
    Source Clock Delay      (SCD):    0.000ns
    Clock Pessimism Removal (CPR):    0.000ns
  Clock Uncertainty:      0.025ns  ((TSJ^2 + TIJ^2)^1/2 + DJ) / 2 + PE
    Total System Jitter     (TSJ):    0.050ns
    Total Input Jitter      (TIJ):    0.000ns
    Discrete Jitter          (DJ):    0.000ns
    Phase Error              (PE):    0.000ns

    Location             Delay type                Incr(ns)  Path(ns)    Netlist Resource(s)
  -------------------------------------------------------------------    -------------------
    J15                                               0.000     0.000 f  rst (IN)
                         net (fo=0)                   0.000     0.000    rst
    J15                  IBUF (Prop_ibuf_I_O)         1.478     1.478 f  rst_IBUF_inst/O
                         net (fo=52, routed)          2.194     3.672    spi_ctrl/rst_IBUF
    SLICE_X7Y117         LUT2 (Prop_lut2_I1_O)        0.124     3.796 r  spi_ctrl/dummy_data[31]_i_1/O
                         net (fo=37, routed)          0.812     4.608    spi_ctrl/dummy_data[31]_i_1_n_0
    SLICE_X9Y116         FDRE                                         r  spi_ctrl/dummy_data_reg[0]/CE
  -------------------------------------------------------------------    -------------------

                         (clock sys_clk_pin rise edge)
                                                      0.000     0.000 r  
    E3                                                0.000     0.000 r  clk_top (IN)
                         net (fo=0)                   0.000     0.000    clk_top
    E3                   IBUF (Prop_ibuf_I_O)         1.411     1.411 r  clk_top_IBUF_inst/O
                         net (fo=2, routed)           1.920     3.331    clk_top_IBUF
    BUFGCTRL_X0Y16       BUFG (Prop_bufg_I_O)         0.091     3.422 r  clk_top_IBUF_BUFG_inst/O
                         net (fo=117, routed)         1.501     4.923    spi_ctrl/clk_top_IBUF_BUFG
    SLICE_X9Y116         FDRE                                         r  spi_ctrl/dummy_data_reg[0]/C

Slack:                    inf
  Source:                 rst
                            (input port)
  Destination:            spi_ctrl/dummy_data_reg[20]/CE
                            (rising edge-triggered cell FDRE clocked by sys_clk_pin  {rise@0.000ns fall@10.000ns period=20.000ns})
  Path Group:             (none)
  Path Type:              Setup (Max at Slow Process Corner)
  Data Path Delay:        4.608ns  (logic 1.602ns (34.759%)  route 3.006ns (65.241%))
  Logic Levels:           2  (IBUF=1 LUT2=1)
  Clock Path Skew:        4.923ns (DCD - SCD + CPR)
    Destination Clock Delay (DCD):    4.923ns
    Source Clock Delay      (SCD):    0.000ns
    Clock Pessimism Removal (CPR):    0.000ns
  Clock Uncertainty:      0.025ns  ((TSJ^2 + TIJ^2)^1/2 + DJ) / 2 + PE
    Total System Jitter     (TSJ):    0.050ns
    Total Input Jitter      (TIJ):    0.000ns
    Discrete Jitter          (DJ):    0.000ns
    Phase Error              (PE):    0.000ns

    Location             Delay type                Incr(ns)  Path(ns)    Netlist Resource(s)
  -------------------------------------------------------------------    -------------------
    J15                                               0.000     0.000 f  rst (IN)
                         net (fo=0)                   0.000     0.000    rst
    J15                  IBUF (Prop_ibuf_I_O)         1.478     1.478 f  rst_IBUF_inst/O
                         net (fo=52, routed)          2.194     3.672    spi_ctrl/rst_IBUF
    SLICE_X7Y117         LUT2 (Prop_lut2_I1_O)        0.124     3.796 r  spi_ctrl/dummy_data[31]_i_1/O
                         net (fo=37, routed)          0.812     4.608    spi_ctrl/dummy_data[31]_i_1_n_0
    SLICE_X9Y116         FDRE                                         r  spi_ctrl/dummy_data_reg[20]/CE
  -------------------------------------------------------------------    -------------------

                         (clock sys_clk_pin rise edge)
                                                      0.000     0.000 r  
    E3                                                0.000     0.000 r  clk_top (IN)
                         net (fo=0)                   0.000     0.000    clk_top
    E3                   IBUF (Prop_ibuf_I_O)         1.411     1.411 r  clk_top_IBUF_inst/O
                         net (fo=2, routed)           1.920     3.331    clk_top_IBUF
    BUFGCTRL_X0Y16       BUFG (Prop_bufg_I_O)         0.091     3.422 r  clk_top_IBUF_BUFG_inst/O
                         net (fo=117, routed)         1.501     4.923    spi_ctrl/clk_top_IBUF_BUFG
    SLICE_X9Y116         FDRE                                         r  spi_ctrl/dummy_data_reg[20]/C

Slack:                    inf
  Source:                 rst
                            (input port)
  Destination:            spi_ctrl/dummy_data_reg[21]/CE
                            (rising edge-triggered cell FDRE clocked by sys_clk_pin  {rise@0.000ns fall@10.000ns period=20.000ns})
  Path Group:             (none)
  Path Type:              Setup (Max at Slow Process Corner)
  Data Path Delay:        4.608ns  (logic 1.602ns (34.759%)  route 3.006ns (65.241%))
  Logic Levels:           2  (IBUF=1 LUT2=1)
  Clock Path Skew:        4.923ns (DCD - SCD + CPR)
    Destination Clock Delay (DCD):    4.923ns
    Source Clock Delay      (SCD):    0.000ns
    Clock Pessimism Removal (CPR):    0.000ns
  Clock Uncertainty:      0.025ns  ((TSJ^2 + TIJ^2)^1/2 + DJ) / 2 + PE
    Total System Jitter     (TSJ):    0.050ns
    Total Input Jitter      (TIJ):    0.000ns
    Discrete Jitter          (DJ):    0.000ns
    Phase Error              (PE):    0.000ns

    Location             Delay type                Incr(ns)  Path(ns)    Netlist Resource(s)
  -------------------------------------------------------------------    -------------------
    J15                                               0.000     0.000 f  rst (IN)
                         net (fo=0)                   0.000     0.000    rst
    J15                  IBUF (Prop_ibuf_I_O)         1.478     1.478 f  rst_IBUF_inst/O
                         net (fo=52, routed)          2.194     3.672    spi_ctrl/rst_IBUF
    SLICE_X7Y117         LUT2 (Prop_lut2_I1_O)        0.124     3.796 r  spi_ctrl/dummy_data[31]_i_1/O
                         net (fo=37, routed)          0.812     4.608    spi_ctrl/dummy_data[31]_i_1_n_0
    SLICE_X9Y116         FDRE                                         r  spi_ctrl/dummy_data_reg[21]/CE
  -------------------------------------------------------------------    -------------------

                         (clock sys_clk_pin rise edge)
                                                      0.000     0.000 r  
    E3                                                0.000     0.000 r  clk_top (IN)
                         net (fo=0)                   0.000     0.000    clk_top
    E3                   IBUF (Prop_ibuf_I_O)         1.411     1.411 r  clk_top_IBUF_inst/O
                         net (fo=2, routed)           1.920     3.331    clk_top_IBUF
    BUFGCTRL_X0Y16       BUFG (Prop_bufg_I_O)         0.091     3.422 r  clk_top_IBUF_BUFG_inst/O
                         net (fo=117, routed)         1.501     4.923    spi_ctrl/clk_top_IBUF_BUFG
    SLICE_X9Y116         FDRE                                         r  spi_ctrl/dummy_data_reg[21]/C

Slack:                    inf
  Source:                 rst
                            (input port)
  Destination:            spi_ctrl/dummy_data_reg[4]/CE
                            (rising edge-triggered cell FDRE clocked by sys_clk_pin  {rise@0.000ns fall@10.000ns period=20.000ns})
  Path Group:             (none)
  Path Type:              Setup (Max at Slow Process Corner)
  Data Path Delay:        4.608ns  (logic 1.602ns (34.759%)  route 3.006ns (65.241%))
  Logic Levels:           2  (IBUF=1 LUT2=1)
  Clock Path Skew:        4.923ns (DCD - SCD + CPR)
    Destination Clock Delay (DCD):    4.923ns
    Source Clock Delay      (SCD):    0.000ns
    Clock Pessimism Removal (CPR):    0.000ns
  Clock Uncertainty:      0.025ns  ((TSJ^2 + TIJ^2)^1/2 + DJ) / 2 + PE
    Total System Jitter     (TSJ):    0.050ns
    Total Input Jitter      (TIJ):    0.000ns
    Discrete Jitter          (DJ):    0.000ns
    Phase Error              (PE):    0.000ns

    Location             Delay type                Incr(ns)  Path(ns)    Netlist Resource(s)
  -------------------------------------------------------------------    -------------------
    J15                                               0.000     0.000 f  rst (IN)
                         net (fo=0)                   0.000     0.000    rst
    J15                  IBUF (Prop_ibuf_I_O)         1.478     1.478 f  rst_IBUF_inst/O
                         net (fo=52, routed)          2.194     3.672    spi_ctrl/rst_IBUF
    SLICE_X7Y117         LUT2 (Prop_lut2_I1_O)        0.124     3.796 r  spi_ctrl/dummy_data[31]_i_1/O
                         net (fo=37, routed)          0.812     4.608    spi_ctrl/dummy_data[31]_i_1_n_0
    SLICE_X9Y116         FDRE                                         r  spi_ctrl/dummy_data_reg[4]/CE
  -------------------------------------------------------------------    -------------------

                         (clock sys_clk_pin rise edge)
                                                      0.000     0.000 r  
    E3                                                0.000     0.000 r  clk_top (IN)
                         net (fo=0)                   0.000     0.000    clk_top
    E3                   IBUF (Prop_ibuf_I_O)         1.411     1.411 r  clk_top_IBUF_inst/O
                         net (fo=2, routed)           1.920     3.331    clk_top_IBUF
    BUFGCTRL_X0Y16       BUFG (Prop_bufg_I_O)         0.091     3.422 r  clk_top_IBUF_BUFG_inst/O
                         net (fo=117, routed)         1.501     4.923    spi_ctrl/clk_top_IBUF_BUFG
    SLICE_X9Y116         FDRE                                         r  spi_ctrl/dummy_data_reg[4]/C

Slack:                    inf
  Source:                 rst
                            (input port)
  Destination:            spi_ctrl/dummy_data_reg[6]/CE
                            (rising edge-triggered cell FDRE clocked by sys_clk_pin  {rise@0.000ns fall@10.000ns period=20.000ns})
  Path Group:             (none)
  Path Type:              Setup (Max at Slow Process Corner)
  Data Path Delay:        4.608ns  (logic 1.602ns (34.759%)  route 3.006ns (65.241%))
  Logic Levels:           2  (IBUF=1 LUT2=1)
  Clock Path Skew:        4.923ns (DCD - SCD + CPR)
    Destination Clock Delay (DCD):    4.923ns
    Source Clock Delay      (SCD):    0.000ns
    Clock Pessimism Removal (CPR):    0.000ns
  Clock Uncertainty:      0.025ns  ((TSJ^2 + TIJ^2)^1/2 + DJ) / 2 + PE
    Total System Jitter     (TSJ):    0.050ns
    Total Input Jitter      (TIJ):    0.000ns
    Discrete Jitter          (DJ):    0.000ns
    Phase Error              (PE):    0.000ns

    Location             Delay type                Incr(ns)  Path(ns)    Netlist Resource(s)
  -------------------------------------------------------------------    -------------------
    J15                                               0.000     0.000 f  rst (IN)
                         net (fo=0)                   0.000     0.000    rst
    J15                  IBUF (Prop_ibuf_I_O)         1.478     1.478 f  rst_IBUF_inst/O
                         net (fo=52, routed)          2.194     3.672    spi_ctrl/rst_IBUF
    SLICE_X7Y117         LUT2 (Prop_lut2_I1_O)        0.124     3.796 r  spi_ctrl/dummy_data[31]_i_1/O
                         net (fo=37, routed)          0.812     4.608    spi_ctrl/dummy_data[31]_i_1_n_0
    SLICE_X9Y116         FDRE                                         r  spi_ctrl/dummy_data_reg[6]/CE
  -------------------------------------------------------------------    -------------------

                         (clock sys_clk_pin rise edge)
                                                      0.000     0.000 r  
    E3                                                0.000     0.000 r  clk_top (IN)
                         net (fo=0)                   0.000     0.000    clk_top
    E3                   IBUF (Prop_ibuf_I_O)         1.411     1.411 r  clk_top_IBUF_inst/O
                         net (fo=2, routed)           1.920     3.331    clk_top_IBUF
    BUFGCTRL_X0Y16       BUFG (Prop_bufg_I_O)         0.091     3.422 r  clk_top_IBUF_BUFG_inst/O
                         net (fo=117, routed)         1.501     4.923    spi_ctrl/clk_top_IBUF_BUFG
    SLICE_X9Y116         FDRE                                         r  spi_ctrl/dummy_data_reg[6]/C

Slack:                    inf
  Source:                 rst
                            (input port)
  Destination:            spi_ctrl/dummy_data_reg[11]/CE
                            (rising edge-triggered cell FDRE clocked by sys_clk_pin  {rise@0.000ns fall@10.000ns period=20.000ns})
  Path Group:             (none)
  Path Type:              Setup (Max at Slow Process Corner)
  Data Path Delay:        4.558ns  (logic 1.602ns (35.136%)  route 2.957ns (64.864%))
  Logic Levels:           2  (IBUF=1 LUT2=1)
  Clock Path Skew:        4.924ns (DCD - SCD + CPR)
    Destination Clock Delay (DCD):    4.924ns
    Source Clock Delay      (SCD):    0.000ns
    Clock Pessimism Removal (CPR):    0.000ns
  Clock Uncertainty:      0.025ns  ((TSJ^2 + TIJ^2)^1/2 + DJ) / 2 + PE
    Total System Jitter     (TSJ):    0.050ns
    Total Input Jitter      (TIJ):    0.000ns
    Discrete Jitter          (DJ):    0.000ns
    Phase Error              (PE):    0.000ns

    Location             Delay type                Incr(ns)  Path(ns)    Netlist Resource(s)
  -------------------------------------------------------------------    -------------------
    J15                                               0.000     0.000 f  rst (IN)
                         net (fo=0)                   0.000     0.000    rst
    J15                  IBUF (Prop_ibuf_I_O)         1.478     1.478 f  rst_IBUF_inst/O
                         net (fo=52, routed)          2.194     3.672    spi_ctrl/rst_IBUF
    SLICE_X7Y117         LUT2 (Prop_lut2_I1_O)        0.124     3.796 r  spi_ctrl/dummy_data[31]_i_1/O
                         net (fo=37, routed)          0.762     4.558    spi_ctrl/dummy_data[31]_i_1_n_0
    SLICE_X8Y115         FDRE                                         r  spi_ctrl/dummy_data_reg[11]/CE
  -------------------------------------------------------------------    -------------------

                         (clock sys_clk_pin rise edge)
                                                      0.000     0.000 r  
    E3                                                0.000     0.000 r  clk_top (IN)
                         net (fo=0)                   0.000     0.000    clk_top
    E3                   IBUF (Prop_ibuf_I_O)         1.411     1.411 r  clk_top_IBUF_inst/O
                         net (fo=2, routed)           1.920     3.331    clk_top_IBUF
    BUFGCTRL_X0Y16       BUFG (Prop_bufg_I_O)         0.091     3.422 r  clk_top_IBUF_BUFG_inst/O
                         net (fo=117, routed)         1.502     4.924    spi_ctrl/clk_top_IBUF_BUFG
    SLICE_X8Y115         FDRE                                         r  spi_ctrl/dummy_data_reg[11]/C





Min Delay Paths
--------------------------------------------------------------------------------------
Slack:                    inf
  Source:                 led/counter_reg[1]/C
                            (rising edge-triggered cell FDRE)
  Destination:            led/CA_reg/D
                            (rising edge-triggered cell FDRE clocked by sys_clk_pin  {rise@0.000ns fall@10.000ns period=20.000ns})
  Path Group:             (none)
  Path Type:              Hold (Min at Fast Process Corner)
  Data Path Delay:        0.333ns  (logic 0.186ns (55.925%)  route 0.147ns (44.075%))
  Logic Levels:           2  (FDRE=1 LUT6=1)
  Clock Uncertainty:      0.025ns  ((TSJ^2 + TIJ^2)^1/2 + DJ) / 2 + PE
    Total System Jitter     (TSJ):    0.050ns
    Total Input Jitter      (TIJ):    0.000ns
    Discrete Jitter          (DJ):    0.000ns
    Phase Error              (PE):    0.000ns

    Location             Delay type                Incr(ns)  Path(ns)    Netlist Resource(s)
  -------------------------------------------------------------------    -------------------
    SLICE_X4Y114         FDRE                         0.000     0.000 r  led/counter_reg[1]/C
    SLICE_X4Y114         FDRE (Prop_fdre_C_Q)         0.141     0.141 r  led/counter_reg[1]/Q
                         net (fo=17, routed)          0.147     0.288    led/p_0_in_0
    SLICE_X5Y114         LUT6 (Prop_lut6_I4_O)        0.045     0.333 r  led/CA_i_1/O
                         net (fo=1, routed)           0.000     0.333    led/CA
    SLICE_X5Y114         FDRE                                         r  led/CA_reg/D
  -------------------------------------------------------------------    -------------------

                         (clock sys_clk_pin rise edge)
                                                      0.000     0.000 r  
    E3                                                0.000     0.000 r  clk_top (IN)
                         net (fo=0)                   0.000     0.000    clk_top
    E3                   IBUF (Prop_ibuf_I_O)         0.438     0.438 r  clk_top_IBUF_inst/O
                         net (fo=2, routed)           0.699     1.136    clk_top_IBUF
    BUFGCTRL_X0Y16       BUFG (Prop_bufg_I_O)         0.029     1.165 r  clk_top_IBUF_BUFG_inst/O
                         net (fo=117, routed)         0.862     2.028    led/clk_top_IBUF_BUFG
    SLICE_X5Y114         FDRE                                         r  led/CA_reg/C

Slack:                    inf
  Source:                 led/counter_reg[1]/C
                            (rising edge-triggered cell FDRE)
  Destination:            led/CC_reg/D
                            (rising edge-triggered cell FDRE clocked by sys_clk_pin  {rise@0.000ns fall@10.000ns period=20.000ns})
  Path Group:             (none)
  Path Type:              Hold (Min at Fast Process Corner)
  Data Path Delay:        0.334ns  (logic 0.186ns (55.758%)  route 0.148ns (44.242%))
  Logic Levels:           2  (FDRE=1 LUT6=1)
  Clock Uncertainty:      0.025ns  ((TSJ^2 + TIJ^2)^1/2 + DJ) / 2 + PE
    Total System Jitter     (TSJ):    0.050ns
    Total Input Jitter      (TIJ):    0.000ns
    Discrete Jitter          (DJ):    0.000ns
    Phase Error              (PE):    0.000ns

    Location             Delay type                Incr(ns)  Path(ns)    Netlist Resource(s)
  -------------------------------------------------------------------    -------------------
    SLICE_X4Y114         FDRE                         0.000     0.000 r  led/counter_reg[1]/C
    SLICE_X4Y114         FDRE (Prop_fdre_C_Q)         0.141     0.141 r  led/counter_reg[1]/Q
                         net (fo=17, routed)          0.148     0.289    led/p_0_in_0
    SLICE_X5Y114         LUT6 (Prop_lut6_I4_O)        0.045     0.334 r  led/CC_i_1/O
                         net (fo=1, routed)           0.000     0.334    led/CC
    SLICE_X5Y114         FDRE                                         r  led/CC_reg/D
  -------------------------------------------------------------------    -------------------

                         (clock sys_clk_pin rise edge)
                                                      0.000     0.000 r  
    E3                                                0.000     0.000 r  clk_top (IN)
                         net (fo=0)                   0.000     0.000    clk_top
    E3                   IBUF (Prop_ibuf_I_O)         0.438     0.438 r  clk_top_IBUF_inst/O
                         net (fo=2, routed)           0.699     1.136    clk_top_IBUF
    BUFGCTRL_X0Y16       BUFG (Prop_bufg_I_O)         0.029     1.165 r  clk_top_IBUF_BUFG_inst/O
                         net (fo=117, routed)         0.862     2.028    led/clk_top_IBUF_BUFG
    SLICE_X5Y114         FDRE                                         r  led/CC_reg/C

Slack:                    inf
  Source:                 led/counter_reg[1]/C
                            (rising edge-triggered cell FDRE)
  Destination:            led/CF_reg/D
                            (rising edge-triggered cell FDRE clocked by sys_clk_pin  {rise@0.000ns fall@10.000ns period=20.000ns})
  Path Group:             (none)
  Path Type:              Hold (Min at Fast Process Corner)
  Data Path Delay:        0.378ns  (logic 0.186ns (49.152%)  route 0.192ns (50.848%))
  Logic Levels:           2  (FDRE=1 LUT6=1)
  Clock Uncertainty:      0.025ns  ((TSJ^2 + TIJ^2)^1/2 + DJ) / 2 + PE
    Total System Jitter     (TSJ):    0.050ns
    Total Input Jitter      (TIJ):    0.000ns
    Discrete Jitter          (DJ):    0.000ns
    Phase Error              (PE):    0.000ns

    Location             Delay type                Incr(ns)  Path(ns)    Netlist Resource(s)
  -------------------------------------------------------------------    -------------------
    SLICE_X4Y114         FDRE                         0.000     0.000 r  led/counter_reg[1]/C
    SLICE_X4Y114         FDRE (Prop_fdre_C_Q)         0.141     0.141 r  led/counter_reg[1]/Q
                         net (fo=17, routed)          0.192     0.333    led/p_0_in_0
    SLICE_X6Y114         LUT6 (Prop_lut6_I4_O)        0.045     0.378 r  led/CF_i_1/O
                         net (fo=1, routed)           0.000     0.378    led/CF
    SLICE_X6Y114         FDRE                                         r  led/CF_reg/D
  -------------------------------------------------------------------    -------------------

                         (clock sys_clk_pin rise edge)
                                                      0.000     0.000 r  
    E3                                                0.000     0.000 r  clk_top (IN)
                         net (fo=0)                   0.000     0.000    clk_top
    E3                   IBUF (Prop_ibuf_I_O)         0.438     0.438 r  clk_top_IBUF_inst/O
                         net (fo=2, routed)           0.699     1.136    clk_top_IBUF
    BUFGCTRL_X0Y16       BUFG (Prop_bufg_I_O)         0.029     1.165 r  clk_top_IBUF_BUFG_inst/O
                         net (fo=117, routed)         0.862     2.028    led/clk_top_IBUF_BUFG
    SLICE_X6Y114         FDRE                                         r  led/CF_reg/C

Slack:                    inf
  Source:                 led/counter_reg[2]/C
                            (rising edge-triggered cell FDRE)
  Destination:            led/CG_reg/D
                            (rising edge-triggered cell FDRE clocked by sys_clk_pin  {rise@0.000ns fall@10.000ns period=20.000ns})
  Path Group:             (none)
  Path Type:              Hold (Min at Fast Process Corner)
  Data Path Delay:        0.394ns  (logic 0.227ns (57.656%)  route 0.167ns (42.344%))
  Logic Levels:           2  (FDRE=1 LUT6=1)
  Clock Uncertainty:      0.025ns  ((TSJ^2 + TIJ^2)^1/2 + DJ) / 2 + PE
    Total System Jitter     (TSJ):    0.050ns
    Total Input Jitter      (TIJ):    0.000ns
    Discrete Jitter          (DJ):    0.000ns
    Phase Error              (PE):    0.000ns

    Location             Delay type                Incr(ns)  Path(ns)    Netlist Resource(s)
  -------------------------------------------------------------------    -------------------
    SLICE_X4Y114         FDRE                         0.000     0.000 r  led/counter_reg[2]/C
    SLICE_X4Y114         FDRE (Prop_fdre_C_Q)         0.128     0.128 r  led/counter_reg[2]/Q
                         net (fo=16, routed)          0.167     0.295    led/p_0_in2_in
    SLICE_X6Y113         LUT6 (Prop_lut6_I2_O)        0.099     0.394 r  led/CG_i_1/O
                         net (fo=1, routed)           0.000     0.394    led/CG
    SLICE_X6Y113         FDRE                                         r  led/CG_reg/D
  -------------------------------------------------------------------    -------------------

                         (clock sys_clk_pin rise edge)
                                                      0.000     0.000 r  
    E3                                                0.000     0.000 r  clk_top (IN)
                         net (fo=0)                   0.000     0.000    clk_top
    E3                   IBUF (Prop_ibuf_I_O)         0.438     0.438 r  clk_top_IBUF_inst/O
                         net (fo=2, routed)           0.699     1.136    clk_top_IBUF
    BUFGCTRL_X0Y16       BUFG (Prop_bufg_I_O)         0.029     1.165 r  clk_top_IBUF_BUFG_inst/O
                         net (fo=117, routed)         0.862     2.028    led/clk_top_IBUF_BUFG
    SLICE_X6Y113         FDRE                                         r  led/CG_reg/C

Slack:                    inf
  Source:                 led/counter_reg[2]/C
                            (rising edge-triggered cell FDRE)
  Destination:            led/CD_reg/D
                            (rising edge-triggered cell FDRE clocked by sys_clk_pin  {rise@0.000ns fall@10.000ns period=20.000ns})
  Path Group:             (none)
  Path Type:              Hold (Min at Fast Process Corner)
  Data Path Delay:        0.445ns  (logic 0.227ns (51.055%)  route 0.218ns (48.945%))
  Logic Levels:           2  (FDRE=1 LUT6=1)
  Clock Uncertainty:      0.025ns  ((TSJ^2 + TIJ^2)^1/2 + DJ) / 2 + PE
    Total System Jitter     (TSJ):    0.050ns
    Total Input Jitter      (TIJ):    0.000ns
    Discrete Jitter          (DJ):    0.000ns
    Phase Error              (PE):    0.000ns

    Location             Delay type                Incr(ns)  Path(ns)    Netlist Resource(s)
  -------------------------------------------------------------------    -------------------
    SLICE_X4Y114         FDRE                         0.000     0.000 r  led/counter_reg[2]/C
    SLICE_X4Y114         FDRE (Prop_fdre_C_Q)         0.128     0.128 r  led/counter_reg[2]/Q
                         net (fo=16, routed)          0.218     0.346    led/p_0_in2_in
    SLICE_X6Y115         LUT6 (Prop_lut6_I2_O)        0.099     0.445 r  led/CD_i_1/O
                         net (fo=1, routed)           0.000     0.445    led/CD
    SLICE_X6Y115         FDRE                                         r  led/CD_reg/D
  -------------------------------------------------------------------    -------------------

                         (clock sys_clk_pin rise edge)
                                                      0.000     0.000 r  
    E3                                                0.000     0.000 r  clk_top (IN)
                         net (fo=0)                   0.000     0.000    clk_top
    E3                   IBUF (Prop_ibuf_I_O)         0.438     0.438 r  clk_top_IBUF_inst/O
                         net (fo=2, routed)           0.699     1.136    clk_top_IBUF
    BUFGCTRL_X0Y16       BUFG (Prop_bufg_I_O)         0.029     1.165 r  clk_top_IBUF_BUFG_inst/O
                         net (fo=117, routed)         0.861     2.027    led/clk_top_IBUF_BUFG
    SLICE_X6Y115         FDRE                                         r  led/CD_reg/C

Slack:                    inf
  Source:                 led/counter_reg[1]/C
                            (rising edge-triggered cell FDRE)
  Destination:            led/CB_reg/D
                            (rising edge-triggered cell FDRE clocked by sys_clk_pin  {rise@0.000ns fall@10.000ns period=20.000ns})
  Path Group:             (none)
  Path Type:              Hold (Min at Fast Process Corner)
  Data Path Delay:        0.464ns  (logic 0.186ns (40.050%)  route 0.278ns (59.950%))
  Logic Levels:           2  (FDRE=1 LUT6=1)
  Clock Uncertainty:      0.025ns  ((TSJ^2 + TIJ^2)^1/2 + DJ) / 2 + PE
    Total System Jitter     (TSJ):    0.050ns
    Total Input Jitter      (TIJ):    0.000ns
    Discrete Jitter          (DJ):    0.000ns
    Phase Error              (PE):    0.000ns

    Location             Delay type                Incr(ns)  Path(ns)    Netlist Resource(s)
  -------------------------------------------------------------------    -------------------
    SLICE_X4Y114         FDRE                         0.000     0.000 r  led/counter_reg[1]/C
    SLICE_X4Y114         FDRE (Prop_fdre_C_Q)         0.141     0.141 r  led/counter_reg[1]/Q
                         net (fo=17, routed)          0.278     0.419    led/p_0_in_0
    SLICE_X6Y114         LUT6 (Prop_lut6_I4_O)        0.045     0.464 r  led/CB_i_1/O
                         net (fo=1, routed)           0.000     0.464    led/CB
    SLICE_X6Y114         FDRE                                         r  led/CB_reg/D
  -------------------------------------------------------------------    -------------------

                         (clock sys_clk_pin rise edge)
                                                      0.000     0.000 r  
    E3                                                0.000     0.000 r  clk_top (IN)
                         net (fo=0)                   0.000     0.000    clk_top
    E3                   IBUF (Prop_ibuf_I_O)         0.438     0.438 r  clk_top_IBUF_inst/O
                         net (fo=2, routed)           0.699     1.136    clk_top_IBUF
    BUFGCTRL_X0Y16       BUFG (Prop_bufg_I_O)         0.029     1.165 r  clk_top_IBUF_BUFG_inst/O
                         net (fo=117, routed)         0.862     2.028    led/clk_top_IBUF_BUFG
    SLICE_X6Y114         FDRE                                         r  led/CB_reg/C

Slack:                    inf
  Source:                 led/counter_reg[1]/C
                            (rising edge-triggered cell FDRE)
  Destination:            led/CE_reg/D
                            (rising edge-triggered cell FDRE clocked by sys_clk_pin  {rise@0.000ns fall@10.000ns period=20.000ns})
  Path Group:             (none)
  Path Type:              Hold (Min at Fast Process Corner)
  Data Path Delay:        0.473ns  (logic 0.186ns (39.349%)  route 0.287ns (60.651%))
  Logic Levels:           2  (FDRE=1 LUT6=1)
  Clock Uncertainty:      0.025ns  ((TSJ^2 + TIJ^2)^1/2 + DJ) / 2 + PE
    Total System Jitter     (TSJ):    0.050ns
    Total Input Jitter      (TIJ):    0.000ns
    Discrete Jitter          (DJ):    0.000ns
    Phase Error              (PE):    0.000ns

    Location             Delay type                Incr(ns)  Path(ns)    Netlist Resource(s)
  -------------------------------------------------------------------    -------------------
    SLICE_X4Y114         FDRE                         0.000     0.000 r  led/counter_reg[1]/C
    SLICE_X4Y114         FDRE (Prop_fdre_C_Q)         0.141     0.141 r  led/counter_reg[1]/Q
                         net (fo=17, routed)          0.287     0.428    led/p_0_in_0
    SLICE_X5Y115         LUT6 (Prop_lut6_I4_O)        0.045     0.473 r  led/CE_i_1/O
                         net (fo=1, routed)           0.000     0.473    led/CE
    SLICE_X5Y115         FDRE                                         r  led/CE_reg/D
  -------------------------------------------------------------------    -------------------

                         (clock sys_clk_pin rise edge)
                                                      0.000     0.000 r  
    E3                                                0.000     0.000 r  clk_top (IN)
                         net (fo=0)                   0.000     0.000    clk_top
    E3                   IBUF (Prop_ibuf_I_O)         0.438     0.438 r  clk_top_IBUF_inst/O
                         net (fo=2, routed)           0.699     1.136    clk_top_IBUF
    BUFGCTRL_X0Y16       BUFG (Prop_bufg_I_O)         0.029     1.165 r  clk_top_IBUF_BUFG_inst/O
                         net (fo=117, routed)         0.861     2.027    led/clk_top_IBUF_BUFG
    SLICE_X5Y115         FDRE                                         r  led/CE_reg/C

Slack:                    inf
  Source:                 rst
                            (input port)
  Destination:            spi_ctrl/cs_reg/PRE
                            (removal check against rising-edge clock sys_clk_pin  {rise@0.000ns fall@10.000ns period=20.000ns})
  Path Group:             (none)
  Path Type:              Removal (Min at Fast Process Corner)
  Data Path Delay:        0.938ns  (logic 0.245ns (26.175%)  route 0.692ns (73.825%))
  Logic Levels:           1  (IBUF=1)
  Clock Path Skew:        2.026ns (DCD - SCD - CPR)
    Destination Clock Delay (DCD):    2.026ns
    Source Clock Delay      (SCD):    0.000ns
    Clock Pessimism Removal (CPR):    -0.000ns

    Location             Delay type                Incr(ns)  Path(ns)    Netlist Resource(s)
  -------------------------------------------------------------------    -------------------
    J15                                               0.000     0.000 f  rst (IN)
                         net (fo=0)                   0.000     0.000    rst
    J15                  IBUF (Prop_ibuf_I_O)         0.245     0.245 f  rst_IBUF_inst/O
                         net (fo=52, routed)          0.692     0.938    spi_ctrl/rst_IBUF
    SLICE_X5Y116         FDPE                                         f  spi_ctrl/cs_reg/PRE
  -------------------------------------------------------------------    -------------------

                         (clock sys_clk_pin rise edge)
                                                      0.000     0.000 r  
    E3                                                0.000     0.000 r  clk_top (IN)
                         net (fo=0)                   0.000     0.000    clk_top
    E3                   IBUF (Prop_ibuf_I_O)         0.438     0.438 r  clk_top_IBUF_inst/O
                         net (fo=2, routed)           0.699     1.136    clk_top_IBUF
    BUFGCTRL_X0Y16       BUFG (Prop_bufg_I_O)         0.029     1.165 r  clk_top_IBUF_BUFG_inst/O
                         net (fo=117, routed)         0.860     2.026    spi_ctrl/clk_top_IBUF_BUFG
    SLICE_X5Y116         FDPE                                         r  spi_ctrl/cs_reg/C

Slack:                    inf
  Source:                 rst
                            (input port)
  Destination:            spi_ctrl/wait_flag_reg/CLR
                            (removal check against rising-edge clock sys_clk_pin  {rise@0.000ns fall@10.000ns period=20.000ns})
  Path Group:             (none)
  Path Type:              Removal (Min at Fast Process Corner)
  Data Path Delay:        0.938ns  (logic 0.245ns (26.175%)  route 0.692ns (73.825%))
  Logic Levels:           1  (IBUF=1)
  Clock Path Skew:        2.026ns (DCD - SCD - CPR)
    Destination Clock Delay (DCD):    2.026ns
    Source Clock Delay      (SCD):    0.000ns
    Clock Pessimism Removal (CPR):    -0.000ns

    Location             Delay type                Incr(ns)  Path(ns)    Netlist Resource(s)
  -------------------------------------------------------------------    -------------------
    J15                                               0.000     0.000 f  rst (IN)
                         net (fo=0)                   0.000     0.000    rst
    J15                  IBUF (Prop_ibuf_I_O)         0.245     0.245 f  rst_IBUF_inst/O
                         net (fo=52, routed)          0.692     0.938    spi_ctrl/rst_IBUF
    SLICE_X5Y116         FDCE                                         f  spi_ctrl/wait_flag_reg/CLR
  -------------------------------------------------------------------    -------------------

                         (clock sys_clk_pin rise edge)
                                                      0.000     0.000 r  
    E3                                                0.000     0.000 r  clk_top (IN)
                         net (fo=0)                   0.000     0.000    clk_top
    E3                   IBUF (Prop_ibuf_I_O)         0.438     0.438 r  clk_top_IBUF_inst/O
                         net (fo=2, routed)           0.699     1.136    clk_top_IBUF
    BUFGCTRL_X0Y16       BUFG (Prop_bufg_I_O)         0.029     1.165 r  clk_top_IBUF_BUFG_inst/O
                         net (fo=117, routed)         0.860     2.026    spi_ctrl/clk_top_IBUF_BUFG
    SLICE_X5Y116         FDCE                                         r  spi_ctrl/wait_flag_reg/C

Slack:                    inf
  Source:                 rst
                            (input port)
  Destination:            spi_ctrl/bit_cnt_reg[0]/CLR
                            (removal check against rising-edge clock sys_clk_pin  {rise@0.000ns fall@10.000ns period=20.000ns})
  Path Group:             (none)
  Path Type:              Removal (Min at Fast Process Corner)
  Data Path Delay:        0.942ns  (logic 0.245ns (26.054%)  route 0.697ns (73.946%))
  Logic Levels:           1  (IBUF=1)
  Clock Path Skew:        2.026ns (DCD - SCD - CPR)
    Destination Clock Delay (DCD):    2.026ns
    Source Clock Delay      (SCD):    0.000ns
    Clock Pessimism Removal (CPR):    -0.000ns

    Location             Delay type                Incr(ns)  Path(ns)    Netlist Resource(s)
  -------------------------------------------------------------------    -------------------
    J15                                               0.000     0.000 f  rst (IN)
                         net (fo=0)                   0.000     0.000    rst
    J15                  IBUF (Prop_ibuf_I_O)         0.245     0.245 f  rst_IBUF_inst/O
                         net (fo=52, routed)          0.697     0.942    spi_ctrl/rst_IBUF
    SLICE_X4Y116         FDCE                                         f  spi_ctrl/bit_cnt_reg[0]/CLR
  -------------------------------------------------------------------    -------------------

                         (clock sys_clk_pin rise edge)
                                                      0.000     0.000 r  
    E3                                                0.000     0.000 r  clk_top (IN)
                         net (fo=0)                   0.000     0.000    clk_top
    E3                   IBUF (Prop_ibuf_I_O)         0.438     0.438 r  clk_top_IBUF_inst/O
                         net (fo=2, routed)           0.699     1.136    clk_top_IBUF
    BUFGCTRL_X0Y16       BUFG (Prop_bufg_I_O)         0.029     1.165 r  clk_top_IBUF_BUFG_inst/O
                         net (fo=117, routed)         0.860     2.026    spi_ctrl/clk_top_IBUF_BUFG
    SLICE_X4Y116         FDCE                                         r  spi_ctrl/bit_cnt_reg[0]/C





