#-----------------------------------------------------------
# Vivado v2024.2 (64-bit)
# SW Build 5239630 on Fri Nov 08 22:35:27 MST 2024
# IP Build 5239520 on Sun Nov 10 16:12:51 MST 2024
# SharedData Build 5239561 on Fri Nov 08 14:39:27 MST 2024
# Start of session at: Sat Jan 17 15:12:40 2026
# Process ID         : 32460
# Current directory  : C:/Users/SIVA DHANUSH REDDY/Downloads/SPI_Bootloader
# Command line       : vivado.exe -gui_launcher_event rodinguilauncherevent7868 C:\Users\SIVA DHANUSH REDDY\Downloads\SPI_Bootloader\Spi_Flashcontroller.xpr
# Log file           : C:/Users/SIVA DHANUSH REDDY/Downloads/SPI_Bootloader/vivado.log
# Journal file       : C:/Users/SIVA DHANUSH REDDY/Downloads/SPI_Bootloader\vivado.jou
# Running On         : Dhanush
# Platform           : Windows Server 2016 or Windows 10
# Operating System   : 26200
# Processor Detail   : 12th Gen Intel(R) Core(TM) i7-12650H
# CPU Frequency      : 2688 MHz
# CPU Physical cores : 10
# CPU Logical cores  : 16
# Host memory        : 16831 MB
# Swap memory        : 26960 MB
# Total Virtual      : 43791 MB
# Available Virtual  : 14409 MB
#-----------------------------------------------------------
start_gui
open_project {C:/Users/SIVA DHANUSH REDDY/Downloads/SPI_Bootloader/Spi_Flashcontroller.xpr}
WARNING: [Board 49-26] cannot add Board Part xilinx.com:zcu208ld:part0:2.0 available at C:/Xilinx/Vivado/2024.2/data/xhub/boards/XilinxBoardStore/boards/Xilinx/zcu208ld/production/2.0/board.xml as part xczu58dr-fsvg1517-2-i specified in board_part file is either invalid or not available
WARNING: [Board 49-26] cannot add Board Part xilinx.com:zcu216ld:part0:2.0 available at C:/Xilinx/Vivado/2024.2/data/xhub/boards/XilinxBoardStore/boards/Xilinx/zcu216ld/production/2.0/board.xml as part xczu59dr-ffvf1760-2-i specified in board_part file is either invalid or not available
WARNING: [Board 49-26] cannot add Board Part xilinx.com:zcu670ld:part0:1.0 available at C:/Xilinx/Vivado/2024.2/data/xhub/boards/XilinxBoardStore/boards/Xilinx/zcu670ld/1.0/board.xml as part xczu57dr-fsve1156-2-i specified in board_part file is either invalid or not available
Scanning sources...
Finished scanning sources
INFO: [IP_Flow 19-234] Refreshing IP repositories
INFO: [IP_Flow 19-1704] No user IP repositories specified
INFO: [IP_Flow 19-2313] Loaded Vivado IP repository 'C:/Xilinx/Vivado/2024.2/data/ip'.
open_project: Time (s): cpu = 00:00:18 ; elapsed = 00:00:09 . Memory (MB): peak = 1337.859 ; gain = 235.578
open_run impl_1
INFO: [Device 21-403] Loading part xc7a100tcsg324-1
Netlist sorting complete. Time (s): cpu = 00:00:00 ; elapsed = 00:00:00.004 . Memory (MB): peak = 1568.586 ; gain = 0.000
INFO: [Netlist 29-17] Analyzing 11 Unisim elements for replacement
INFO: [Netlist 29-28] Unisim Transformation completed in 0 CPU seconds
INFO: [Project 1-479] Netlist was created with Vivado 2024.2
INFO: [Project 1-570] Preparing netlist for logic optimization
Read ShapeDB Complete: Time (s): cpu = 00:00:00 ; elapsed = 00:00:00.004 . Memory (MB): peak = 1654.988 ; gain = 0.000
INFO: [Timing 38-478] Restoring timing data from binary archive.
INFO: [Timing 38-479] Binary timing data restore complete.
INFO: [Project 1-856] Restoring constraints from binary archive.
INFO: [Constraints 18-5170] The checkpoint was created with non-default parameter values which do not match the current Vivado settings.  Mismatching parameters are:
  tcl.statsThreshold
INFO: [Project 1-853] Binary constraint restore complete.
INFO: [Designutils 20-5722] Start Reading Physical Databases.
Reading placement.
Read Netlist Cache: Time (s): cpu = 00:00:00 ; elapsed = 00:00:00 . Memory (MB): peak = 2249.859 ; gain = 0.000
Reading placer database...
Read Device Cache: Time (s): cpu = 00:00:00 ; elapsed = 00:00:00.007 . Memory (MB): peak = 2249.859 ; gain = 0.000
Read PlaceDB: Time (s): cpu = 00:00:00 ; elapsed = 00:00:00.013 . Memory (MB): peak = 2249.859 ; gain = 0.000
Read PulsedLatchDB: Time (s): cpu = 00:00:00 ; elapsed = 00:00:00 . Memory (MB): peak = 2249.859 ; gain = 0.000
Reading routing.
Read RouteStorage: Time (s): cpu = 00:00:00 ; elapsed = 00:00:00.014 . Memory (MB): peak = 2249.859 ; gain = 0.000
Read Physdb Files: Time (s): cpu = 00:00:00 ; elapsed = 00:00:00.050 . Memory (MB): peak = 2249.859 ; gain = 0.000
Restored from archive | CPU: 0.000000 secs | Memory: 0.000000 MB |
Finished XDEF File Restore: Time (s): cpu = 00:00:00 ; elapsed = 00:00:00.051 . Memory (MB): peak = 2249.859 ; gain = 0.000
Netlist sorting complete. Time (s): cpu = 00:00:00 ; elapsed = 00:00:00 . Memory (MB): peak = 2249.859 ; gain = 0.000
INFO: [Project 1-111] Unisim Transformation Summary:
No Unisim elements were transformed.

open_run: Time (s): cpu = 00:00:25 ; elapsed = 00:00:25 . Memory (MB): peak = 2570.625 ; gain = 1206.641
WARNING: [filemgmt 56-199] Attempt to get parsing info during refresh. "On-the-fly" syntax checking information may be incorrect. [C:\Users\SIVA DHANUSH REDDY\Downloads\SPI_Bootloader\Spi_Flashcontroller.srcs\sources_1\new\top_module.v:]
WARNING: [filemgmt 56-199] Attempt to get parsing info during refresh. "On-the-fly" syntax checking information may be incorrect. [C:\Users\SIVA DHANUSH REDDY\Downloads\SPI_Bootloader\Spi_Flashcontroller.srcs\sim_1\new\flash_tb.v:]
WARNING: [filemgmt 56-199] Attempt to get parsing info during refresh. "On-the-fly" syntax checking information may be incorrect. [C:\Users\SIVA DHANUSH REDDY\Downloads\SPI_Bootloader\Spi_Flashcontroller.srcs\sources_1\new\Spi_flashcontroller.v:]
WARNING: [filemgmt 56-199] Attempt to get parsing info during refresh. "On-the-fly" syntax checking information may be incorrect. [C:\Users\SIVA DHANUSH REDDY\Downloads\SPI_Bootloader\Spi_Flashcontroller.srcs\sim_1\new\flash_tb.v:]
WARNING: [filemgmt 56-199] Attempt to get parsing info during refresh. "On-the-fly" syntax checking information may be incorrect. [C:\Users\SIVA DHANUSH REDDY\Downloads\SPI_Bootloader\Spi_Flashcontroller.srcs\sim_1\new\flash_tb.v:]
WARNING: [filemgmt 56-199] Attempt to get parsing info during refresh. "On-the-fly" syntax checking information may be incorrect. [C:\Users\SIVA DHANUSH REDDY\Downloads\SPI_Bootloader\Spi_Flashcontroller.srcs\sources_1\new\top_module.v:]
WARNING: [filemgmt 56-199] Attempt to get parsing info during refresh. "On-the-fly" syntax checking information may be incorrect. [C:\Users\SIVA DHANUSH REDDY\Downloads\SPI_Bootloader\Spi_Flashcontroller.srcs\sim_1\new\flash_tb.v:]
WARNING: [filemgmt 56-199] Attempt to get parsing info during refresh. "On-the-fly" syntax checking information may be incorrect. [C:\Users\SIVA DHANUSH REDDY\Downloads\SPI_Bootloader\Spi_Flashcontroller.srcs\sources_1\new\Spi_flashcontroller.v:]
WARNING: [filemgmt 56-199] Attempt to get parsing info during refresh. "On-the-fly" syntax checking information may be incorrect. [C:\Users\SIVA DHANUSH REDDY\Downloads\SPI_Bootloader\Spi_Flashcontroller.srcs\sources_1\new\top_module.v:]
WARNING: [filemgmt 56-199] Attempt to get parsing info during refresh. "On-the-fly" syntax checking information may be incorrect. [C:\Users\SIVA DHANUSH REDDY\Downloads\SPI_Bootloader\Spi_Flashcontroller.srcs\sources_1\new\top_module.v:]
ERROR: [Common 17-180] Spawn failed: No error
launch_simulation
Command: launch_simulation 
INFO: [Vivado 12-12493] Simulation top is 'tb_flash'
WARNING: [Vivado 12-13340] Unable to auto find GCC executables from simulator install path! (path not set)
INFO: [Vivado 12-12490] The selected simulation model for 'blk_mem_gen_0' IP changed to 'rtl' from '', the simulation run directory will be deleted.
INFO: [Vivado 12-5698] Checking validity of IPs in the design for the 'XSim' simulator...
INFO: [Vivado 12-5682] Launching behavioral simulation in 'C:/Users/SIVA DHANUSH REDDY/Downloads/SPI_Bootloader/Spi_Flashcontroller.sim/sim_1/behav/xsim'
INFO: [Vivado 12-4795] Using compiled simulation libraries for IPs
INFO: [SIM-utils-51] Simulation object is 'sim_1'
INFO: [SIM-utils-72] Using boost library from 'C:/Xilinx/Vivado/2024.2/tps/boost_1_72_0'
INFO: [USF-XSim-7] Finding pre-compiled libraries...
INFO: [USF-XSim-11] File 'C:/Xilinx/Vivado/2024.2/data/xsim/xsim.ini' copied to run dir:'C:/Users/SIVA DHANUSH REDDY/Downloads/SPI_Bootloader/Spi_Flashcontroller.sim/sim_1/behav/xsim'
INFO: [SIM-utils-54] Inspecting design source files for 'tb_flash' in fileset 'sim_1'...
INFO: [USF-XSim-97] Finding global include files...
INFO: [USF-XSim-100] Fetching design files from 'sources_1'...(this may take a while)...
INFO: [USF-XSim-101] Fetching design files from 'sim_1'...
INFO: [USF-XSim-2] XSim::Compile design
INFO: [USF-XSim-61] Executing 'COMPILE and ANALYZE' step in 'C:/Users/SIVA DHANUSH REDDY/Downloads/SPI_Bootloader/Spi_Flashcontroller.sim/sim_1/behav/xsim'
"xvlog --incr --relax -L uvm -prj tb_flash_vlog.prj"
INFO: [VRFC 10-2263] Analyzing Verilog file "C:/Users/SIVA DHANUSH REDDY/Downloads/SPI_Bootloader/Spi_Flashcontroller.gen/sources_1/ip/blk_mem_gen_0/sim/blk_mem_gen_0.v" into library xil_defaultlib
INFO: [VRFC 10-311] analyzing module blk_mem_gen_0
INFO: [VRFC 10-2263] Analyzing Verilog file "C:/Users/SIVA DHANUSH REDDY/Downloads/SPI_Bootloader/Spi_Flashcontroller.srcs/sources_1/new/SPI_Test.v" into library xil_defaultlib
INFO: [VRFC 10-311] analyzing module SPI_Driver
INFO: [VRFC 10-2263] Analyzing Verilog file "C:/Users/SIVA DHANUSH REDDY/Downloads/SPI_Bootloader/Spi_Flashcontroller.srcs/sources_1/new/Spi_flashcontroller.v" into library xil_defaultlib
INFO: [VRFC 10-311] analyzing module Spi_flash_controller
INFO: [VRFC 10-2263] Analyzing Verilog file "C:/Users/SIVA DHANUSH REDDY/Downloads/SPI_Bootloader/Spi_Flashcontroller.srcs/sources_1/new/Bulkerase.v" into library xil_defaultlib
INFO: [VRFC 10-311] analyzing module BULK_ERASE
INFO: [VRFC 10-2263] Analyzing Verilog file "C:/Users/SIVA DHANUSH REDDY/Downloads/SPI_Bootloader/Spi_Flashcontroller.srcs/sources_1/new/LED_DRIVER.v" into library xil_defaultlib
INFO: [VRFC 10-311] analyzing module led_driver
INFO: [VRFC 10-2263] Analyzing Verilog file "C:/Users/SIVA DHANUSH REDDY/Downloads/SPI_Bootloader/Spi_Flashcontroller.srcs/sources_1/new/pc_reader.v" into library xil_defaultlib
INFO: [VRFC 10-311] analyzing module pc_reader
INFO: [VRFC 10-2263] Analyzing Verilog file "C:/Users/SIVA DHANUSH REDDY/Downloads/SPI_Bootloader/Spi_Flashcontroller.srcs/sources_1/new/top_module.v" into library xil_defaultlib
INFO: [VRFC 10-311] analyzing module top_flash
INFO: [VRFC 10-2263] Analyzing Verilog file "C:/Users/SIVA DHANUSH REDDY/Downloads/Spi_Flashcontroller/Spi_Flashcontroller.srcs/sim_1/new/Tb_pi.v" into library xil_defaultlib
INFO: [VRFC 10-311] analyzing module tb_SPI_Driver
INFO: [VRFC 10-2263] Analyzing Verilog file "C:/Users/SIVA DHANUSH REDDY/Downloads/SPI_Bootloader/Spi_Flashcontroller.srcs/sim_1/new/flash_tb.v" into library xil_defaultlib
INFO: [VRFC 10-311] analyzing module tb_flash
INFO: [VRFC 10-2263] Analyzing Verilog file "C:/Users/SIVA DHANUSH REDDY/Downloads/SPI_Bootloader/Spi_Flashcontroller.srcs/sim_1/new/tb_practice.v" into library xil_defaultlib
INFO: [VRFC 10-2263] Analyzing SystemVerilog file "C:/Users/SIVA DHANUSH REDDY/Downloads/SPI_Bootloader/Spi_Flashcontroller.srcs/sim_1/new/tb_pct.sv" into library xil_defaultlib
INFO: [VRFC 10-311] analyzing module tb
INFO: [VRFC 10-2263] Analyzing Verilog file "C:/Users/SIVA DHANUSH REDDY/Downloads/SPI_Bootloader/Spi_Flashcontroller.sim/sim_1/behav/xsim/glbl.v" into library xil_defaultlib
INFO: [VRFC 10-311] analyzing module glbl
INFO: [USF-XSim-69] 'compile' step finished in '5' seconds
INFO: [USF-XSim-3] XSim::Elaborate design
INFO: [USF-XSim-61] Executing 'ELABORATE' step in 'C:/Users/SIVA DHANUSH REDDY/Downloads/SPI_Bootloader/Spi_Flashcontroller.sim/sim_1/behav/xsim'
"xelab --incr --debug typical --relax --mt 2 -L xil_defaultlib -L blk_mem_gen_v8_4_9 -L uvm -L unisims_ver -L unimacro_ver -L secureip -L xpm --snapshot tb_flash_behav xil_defaultlib.tb_flash xil_defaultlib.glbl -log elaborate.log"
Vivado Simulator v2024.2.0
Copyright 1986-2022 Xilinx, Inc. All Rights Reserved.
Copyright 2022-2024 Advanced Micro Devices, Inc. All Rights Reserved.
Running: C:/Xilinx/Vivado/2024.2/bin/unwrapped/win64.o/xelab.exe --incr --debug typical --relax --mt 2 -L xil_defaultlib -L blk_mem_gen_v8_4_9 -L uvm -L unisims_ver -L unimacro_ver -L secureip -L xpm --snapshot tb_flash_behav xil_defaultlib.tb_flash xil_defaultlib.glbl -log elaborate.log 
Using 2 slave threads.
Starting static elaboration
Pass Through NonSizing Optimizer
Completed static elaboration
Starting simulation data flow analysis
Completed simulation data flow analysis
Time Resolution for simulation is 1ps
Compiling module xil_defaultlib.Spi_flash_controller
Compiling module xil_defaultlib.tb_flash
Compiling module xil_defaultlib.glbl
Built simulation snapshot tb_flash_behav
INFO: [USF-XSim-69] 'elaborate' step finished in '3' seconds
INFO: [USF-XSim-4] XSim::Simulate design
INFO: [USF-XSim-61] Executing 'SIMULATE' step in 'C:/Users/SIVA DHANUSH REDDY/Downloads/SPI_Bootloader/Spi_Flashcontroller.sim/sim_1/behav/xsim'
INFO: [USF-XSim-98] *** Running xsim
   with args "tb_flash_behav -key {Behavioral:sim_1:Functional:tb_flash} -tclbatch {tb_flash.tcl} -view {{C:/Users/SIVA DHANUSH REDDY/Downloads/SPI_Bootloader/tb_flash_behav.wcfg}} -log {simulate.log}"
INFO: [USF-XSim-8] Loading simulator feature
Time resolution is 1 ps
open_wave_config {C:/Users/SIVA DHANUSH REDDY/Downloads/SPI_Bootloader/tb_flash_behav.wcfg}
source tb_flash.tcl
# set curr_wave [current_wave_config]
# if { [string length $curr_wave] == 0 } {
#   if { [llength [get_objects]] > 0} {
#     add_wave /
#     set_property needs_save false [current_wave_config]
#   } else {
#      send_msg_id Add_Wave-1 WARNING "No top level signals found. Simulator will start without a wave window. If you want to open a wave window go to 'File->New Waveform Configuration' or type 'create_wave_config' in the TCL console."
#   }
# }
# run 1000ns
INFO: [USF-XSim-96] XSim completed. Design snapshot 'tb_flash_behav' loaded.
INFO: [USF-XSim-97] XSim simulation ran for 1000ns
launch_simulation: Time (s): cpu = 00:00:11 ; elapsed = 00:00:13 . Memory (MB): peak = 2738.168 ; gain = 0.000
run 1000 us
[1305000] READ WORD = Z4ca900e
[1925000] READ WORD = 02620800
[2545000] READ WORD = 10111800
[3165000] READ WORD = 029901e1
[3785000] READ WORD = f07c8400
[4405000] READ WORD = 007fffff
[5025000] READ WORD = ffXxxxxx
[5645000] READ WORD = xxxxxxxx
[6265000] READ WORD = xxxxxxxx
[6885000] READ WORD = xxxxxxxx
[7505000] READ WORD = xxxxxxxx
[8125000] READ WORD = xxxxxxxx
[8745000] READ WORD = xxxxxxxx
[9365000] READ WORD = xxxxxxxx
[9985000] READ WORD = xxxxxxxx
[10605000] READ WORD = xxxxxxxx
[11225000] READ WORD = xxxxxxxx
[11845000] READ WORD = xxxxxxxx
[12465000] READ WORD = xxxxxxxx
[13085000] READ WORD = xxxxxxxx
[13705000] READ WORD = xxxxxxxx
[14325000] READ WORD = xxxxxxxx
[14945000] READ WORD = xxxxxxxx
[15565000] READ WORD = xxxxxxxx
[16185000] READ WORD = xxxxxxxx
[16805000] READ WORD = xxxxxxxx
[17425000] READ WORD = xxxxxxxx
[18045000] READ WORD = xxxxxxxx
[18665000] READ WORD = xxxxxxxx
[19285000] READ WORD = xxxxxxxx
[19905000] READ WORD = xxxxxxxx
[20525000] READ WORD = xxxxxxxx
[21145000] READ WORD = xxxxxxxx
[21765000] READ WORD = xxxxxxxx
[22385000] READ WORD = xxxxxxxx
[23005000] READ WORD = xxxxxxxx
[23625000] READ WORD = xxxxxxxx
[24245000] READ WORD = xxxxxxxx
[24865000] READ WORD = xxxxxxxx
[25485000] READ WORD = xxxxxxxx
[26105000] READ WORD = xxxxxxxx
[26725000] READ WORD = xxxxxxxx
[27345000] READ WORD = xxxxxxxx
[27965000] READ WORD = xxxxxxxx
[28585000] READ WORD = xxxxxxxx
[29205000] READ WORD = xxxxxxxx
[29825000] READ WORD = xxxxxxxx
[30445000] READ WORD = xxxxxxxx
[31065000] READ WORD = xxxxxxxx
[31685000] READ WORD = xxxxxxxx
[32305000] READ WORD = xxxxxxxx
[32925000] READ WORD = xxxxxxxx
[33545000] READ WORD = xxxxxxxx
[34165000] READ WORD = xxxxxxxx
[34785000] READ WORD = xxxxxxxx
[35405000] READ WORD = xxxxxxxx
[36025000] READ WORD = xxxxxxxx
[36645000] READ WORD = xxxxxxxx
[37265000] READ WORD = xxxxxxxx
[37885000] READ WORD = xxxxxxxx
[38505000] READ WORD = xxxxxxxx
[39125000] READ WORD = xxxxxxxx
[39745000] READ WORD = xxxxxxxx
[40365000] READ WORD = xxxxxxxx
[40985000] READ WORD = xxxxxxxx
[41605000] READ WORD = xxxxxxxx
[42225000] READ WORD = xxxxxxxx
[42845000] READ WORD = xxxxxxxx
[43465000] READ WORD = xxxxxxxx
[44085000] READ WORD = xxxxxxxx
[44705000] READ WORD = xxxxxxxx
[45325000] READ WORD = xxxxxxxx
[45945000] READ WORD = xxxxxxxx
[46565000] READ WORD = xxxxxxxx
[47185000] READ WORD = xxxxxxxx
[47805000] READ WORD = xxxxxxxx
[48425000] READ WORD = xxxxxxxx
[49045000] READ WORD = xxxxxxxx
[49665000] READ WORD = xxxxxxxx
[50285000] READ WORD = xxxxxxxx
[50905000] READ WORD = xxxxxxxx
[51525000] READ WORD = xxxxxxxx
[52145000] READ WORD = xxxxxxxx
[52765000] READ WORD = xxxxxxxx
[53385000] READ WORD = xxxxxxxx
[54005000] READ WORD = xxxxxxxx
[54625000] READ WORD = xxxxxxxx
[55245000] READ WORD = xxxxxxxx
[55865000] READ WORD = xxxxxxxx
[56485000] READ WORD = xxxxxxxx
[57105000] READ WORD = xxxxxxxx
[57725000] READ WORD = xxxxxxxx
[58345000] READ WORD = xxxxxxxx
[58965000] READ WORD = xxxxxxxx
[59585000] READ WORD = xxxxxxxx
[60205000] READ WORD = xxxxxxxx
[60825000] READ WORD = xxxxxxxx
[61445000] READ WORD = xxxxxxxx
[62065000] READ WORD = xxxxxxxx
[62685000] READ WORD = xxxxxxxx
[63305000] READ WORD = xxxxxxxx
[63925000] READ WORD = xxxxxxxx
[64545000] READ WORD = xxxxxxxx
[65165000] READ WORD = xxxxxxxx
[65785000] READ WORD = xxxxxxxx
[66405000] READ WORD = xxxxxxxx
[67025000] READ WORD = xxxxxxxx
[67645000] READ WORD = xxxxxxxx
[68265000] READ WORD = xxxxxxxx
[68885000] READ WORD = xxxxxxxx
[69505000] READ WORD = xxxxxxxx
[70125000] READ WORD = xxxxxxxx
[70745000] READ WORD = xxxxxxxx
[71365000] READ WORD = xxxxxxxx
[71985000] READ WORD = xxxxxxxx
[72605000] READ WORD = xxxxxxxx
[73225000] READ WORD = xxxxxxxx
[73845000] READ WORD = xxxxxxxx
[74465000] READ WORD = xxxxxxxx
[75085000] READ WORD = xxxxxxxx
[75705000] READ WORD = xxxxxxxx
[76325000] READ WORD = xxxxxxxx
[76945000] READ WORD = xxxxxxxx
[77565000] READ WORD = xxxxxxxx
[78185000] READ WORD = xxxxxxxx
[78805000] READ WORD = xxxxxxxx
[79425000] READ WORD = xxxxxxxx
[80045000] READ WORD = xxxxxxxx
[80665000] READ WORD = xxxxxxxx
[81285000] READ WORD = xxxxxxxx
[81905000] READ WORD = xxxxxxxx
[82525000] READ WORD = xxxxxxxx
[83145000] READ WORD = xxxxxxxx
[83765000] READ WORD = xxxxxxxx
[84385000] READ WORD = xxxxxxxx
[85005000] READ WORD = xxxxxxxx
[85625000] READ WORD = xxxxxxxx
[86245000] READ WORD = xxxxxxxx
[86865000] READ WORD = xxxxxxxx
[87485000] READ WORD = xxxxxxxx
[88105000] READ WORD = xxxxxxxx
[88725000] READ WORD = xxxxxxxx
[89345000] READ WORD = xxxxxxxx
[89965000] READ WORD = xxxxxxxx
[90585000] READ WORD = xxxxxxxx
[91205000] READ WORD = xxxxxxxx
[91825000] READ WORD = xxxxxxxx
[92445000] READ WORD = xxxxxxxx
[93065000] READ WORD = xxxxxxxx
[93685000] READ WORD = xxxxxxxx
[94305000] READ WORD = xxxxxxxx
[94925000] READ WORD = xxxxxxxx
[95545000] READ WORD = xxxxxxxx
[96165000] READ WORD = xxxxxxxx
[96785000] READ WORD = xxxxxxxx
[97405000] READ WORD = xxxxxxxx
[98025000] READ WORD = xxxxxxxx
[98645000] READ WORD = xxxxxxxx
[99265000] READ WORD = xxxxxxxx
[99885000] READ WORD = xxxxxxxx
[100505000] READ WORD = xxxxxxxx
[101125000] READ WORD = xxxxxxxx
[101745000] READ WORD = xxxxxxxx
[102365000] READ WORD = xxxxxxxx
[102985000] READ WORD = xxxxxxxx
[103605000] READ WORD = xxxxxxxx
[104225000] READ WORD = xxxxxxxx
[104845000] READ WORD = xxxxxxxx
[105465000] READ WORD = xxxxxxxx
[106085000] READ WORD = xxxxxxxx
[106705000] READ WORD = xxxxxxxx
[107325000] READ WORD = xxxxxxxx
[107945000] READ WORD = xxxxxxxx
[108565000] READ WORD = xxxxxxxx
[109185000] READ WORD = xxxxxxxx
[109805000] READ WORD = xxxxxxxx
[110425000] READ WORD = xxxxxxxx
[111045000] READ WORD = xxxxxxxx
[111665000] READ WORD = xxxxxxxx
[112285000] READ WORD = xxxxxxxx
[112905000] READ WORD = xxxxxxxx
[113525000] READ WORD = xxxxxxxx
[114145000] READ WORD = xxxxxxxx
[114765000] READ WORD = xxxxxxxx
[115385000] READ WORD = xxxxxxxx
[116005000] READ WORD = xxxxxxxx
[116625000] READ WORD = xxxxxxxx
[117245000] READ WORD = xxxxxxxx
[117865000] READ WORD = xxxxxxxx
[118485000] READ WORD = xxxxxxxx
[119105000] READ WORD = xxxxxxxx
[119725000] READ WORD = xxxxxxxx
[120345000] READ WORD = xxxxxxxx
[120965000] READ WORD = xxxxxxxx
[121585000] READ WORD = xxxxxxxx
[122205000] READ WORD = xxxxxxxx
[122825000] READ WORD = xxxxxxxx
[123445000] READ WORD = xxxxxxxx
[124065000] READ WORD = xxxxxxxx
[124685000] READ WORD = xxxxxxxx
[125305000] READ WORD = xxxxxxxx
[125925000] READ WORD = xxxxxxxx
[126545000] READ WORD = xxxxxxxx
[127165000] READ WORD = xxxxxxxx
[127785000] READ WORD = xxxxxxxx
[128405000] READ WORD = xxxxxxxx
[129025000] READ WORD = xxxxxxxx
[129645000] READ WORD = xxxxxxxx
[130265000] READ WORD = xxxxxxxx
[130885000] READ WORD = xxxxxxxx
[131505000] READ WORD = xxxxxxxx
[132125000] READ WORD = xxxxxxxx
[132745000] READ WORD = xxxxxxxx
[133365000] READ WORD = xxxxxxxx
[133985000] READ WORD = xxxxxxxx
[134605000] READ WORD = xxxxxxxx
[135225000] READ WORD = xxxxxxxx
[135845000] READ WORD = xxxxxxxx
[136465000] READ WORD = xxxxxxxx
[137085000] READ WORD = xxxxxxxx
[137705000] READ WORD = xxxxxxxx
[138325000] READ WORD = xxxxxxxx
[138945000] READ WORD = xxxxxxxx
[139565000] READ WORD = xxxxxxxx
[140185000] READ WORD = xxxxxxxx
[140805000] READ WORD = xxxxxxxx
[141425000] READ WORD = xxxxxxxx
[142045000] READ WORD = xxxxxxxx
[142665000] READ WORD = xxxxxxxx
[143285000] READ WORD = xxxxxxxx
[143905000] READ WORD = xxxxxxxx
[144525000] READ WORD = xxxxxxxx
[145145000] READ WORD = xxxxxxxx
[145765000] READ WORD = xxxxxxxx
[146385000] READ WORD = xxxxxxxx
[147005000] READ WORD = xxxxxxxx
[147625000] READ WORD = xxxxxxxx
[148245000] READ WORD = xxxxxxxx
[148865000] READ WORD = xxxxxxxx
[149485000] READ WORD = xxxxxxxx
[150105000] READ WORD = xxxxxxxx
[150725000] READ WORD = xxxxxxxx
[151345000] READ WORD = xxxxxxxx
[151965000] READ WORD = xxxxxxxx
[152585000] READ WORD = xxxxxxxx
[153205000] READ WORD = xxxxxxxx
[153825000] READ WORD = xxxxxxxx
[154445000] READ WORD = xxxxxxxx
[155065000] READ WORD = xxxxxxxx
[155685000] READ WORD = xxxxxxxx
[156305000] READ WORD = xxxxxxxx
[156925000] READ WORD = xxxxxxxx
[157545000] READ WORD = xxxxxxxx
[158165000] READ WORD = xxxxxxxx
[158785000] READ WORD = xxxxxxxx
[159405000] READ WORD = xxxxxxxx
[160025000] READ WORD = xxxxxxxx
[160645000] READ WORD = xxxxxxxx
[161265000] READ WORD = xxxxxxxx
[161885000] READ WORD = xxxxxxxx
[162505000] READ WORD = xxxxxxxx
[163125000] READ WORD = xxxxxxxx
[163745000] READ WORD = xxxxxxxx
[164365000] READ WORD = xxxxxxxx
[164985000] READ WORD = xxxxxxxx
[165605000] READ WORD = xxxxxxxx
[166225000] READ WORD = xxxxxxxx
[166845000] READ WORD = xxxxxxxx
[167465000] READ WORD = xxxxxxxx
[168085000] READ WORD = xxxxxxxx
[168705000] READ WORD = xxxxxxxx
[169325000] READ WORD = xxxxxxxx
[169945000] READ WORD = xxxxxxxx
[170565000] READ WORD = xxxxxxxx
[171185000] READ WORD = xxxxxxxx
[171805000] READ WORD = xxxxxxxx
[172425000] READ WORD = xxxxxxxx
[173045000] READ WORD = xxxxxxxx
[173665000] READ WORD = xxxxxxxx
[174285000] READ WORD = xxxxxxxx
[174905000] READ WORD = xxxxxxxx
[175525000] READ WORD = xxxxxxxx
[176145000] READ WORD = xxxxxxxx
[176765000] READ WORD = xxxxxxxx
[177385000] READ WORD = xxxxxxxx
[178005000] READ WORD = xxxxxxxx
[178625000] READ WORD = xxxxxxxx
[179245000] READ WORD = xxxxxxxx
[179865000] READ WORD = xxxxxxxx
[180485000] READ WORD = xxxxxxxx
[181105000] READ WORD = xxxxxxxx
[181725000] READ WORD = xxxxxxxx
[182345000] READ WORD = xxxxxxxx
[182965000] READ WORD = xxxxxxxx
[183585000] READ WORD = xxxxxxxx
[184205000] READ WORD = xxxxxxxx
[184825000] READ WORD = xxxxxxxx
[185445000] READ WORD = xxxxxxxx
[186065000] READ WORD = xxxxxxxx
[186685000] READ WORD = xxxxxxxx
[187305000] READ WORD = xxxxxxxx
[187925000] READ WORD = xxxxxxxx
[188545000] READ WORD = xxxxxxxx
[189165000] READ WORD = xxxxxxxx
[189785000] READ WORD = xxxxxxxx
[190405000] READ WORD = xxxxxxxx
[191025000] READ WORD = xxxxxxxx
[191645000] READ WORD = xxxxxxxx
[192265000] READ WORD = xxxxxxxx
[192885000] READ WORD = xxxxxxxx
[193505000] READ WORD = xxxxxxxx
[194125000] READ WORD = xxxxxxxx
[194745000] READ WORD = xxxxxxxx
[195365000] READ WORD = xxxxxxxx
[195985000] READ WORD = xxxxxxxx
[196605000] READ WORD = xxxxxxxx
[197225000] READ WORD = xxxxxxxx
[197845000] READ WORD = xxxxxxxx
[198465000] READ WORD = xxxxxxxx
[199085000] READ WORD = xxxxxxxx
[199705000] READ WORD = xxxxxxxx
[200325000] READ WORD = xxxxxxxx
[200945000] READ WORD = xxxxxxxx
[201565000] READ WORD = xxxxxxxx
[202185000] READ WORD = xxxxxxxx
[202805000] READ WORD = xxxxxxxx
[203425000] READ WORD = xxxxxxxx
[204045000] READ WORD = xxxxxxxx
[204665000] READ WORD = xxxxxxxx
[205285000] READ WORD = xxxxxxxx
[205905000] READ WORD = xxxxxxxx
[206525000] READ WORD = xxxxxxxx
[207145000] READ WORD = xxxxxxxx
[207765000] READ WORD = xxxxxxxx
[208385000] READ WORD = xxxxxxxx
[209005000] READ WORD = xxxxxxxx
[209625000] READ WORD = xxxxxxxx
[210245000] READ WORD = xxxxxxxx
[210865000] READ WORD = xxxxxxxx
[211485000] READ WORD = xxxxxxxx
[212105000] READ WORD = xxxxxxxx
[212725000] READ WORD = xxxxxxxx
[213345000] READ WORD = xxxxxxxx
[213965000] READ WORD = xxxxxxxx
[214585000] READ WORD = xxxxxxxx
[215205000] READ WORD = xxxxxxxx
[215825000] READ WORD = xxxxxxxx
[216445000] READ WORD = xxxxxxxx
[217065000] READ WORD = xxxxxxxx
[217685000] READ WORD = xxxxxxxx
[218305000] READ WORD = xxxxxxxx
[218925000] READ WORD = xxxxxxxx
[219545000] READ WORD = xxxxxxxx
[220165000] READ WORD = xxxxxxxx
[220785000] READ WORD = xxxxxxxx
[221405000] READ WORD = xxxxxxxx
[222025000] READ WORD = xxxxxxxx
[222645000] READ WORD = xxxxxxxx
[223265000] READ WORD = xxxxxxxx
[223885000] READ WORD = xxxxxxxx
[224505000] READ WORD = xxxxxxxx
[225125000] READ WORD = xxxxxxxx
[225745000] READ WORD = xxxxxxxx
[226365000] READ WORD = xxxxxxxx
[226985000] READ WORD = xxxxxxxx
[227605000] READ WORD = xxxxxxxx
[228225000] READ WORD = xxxxxxxx
[228845000] READ WORD = xxxxxxxx
[229465000] READ WORD = xxxxxxxx
[230085000] READ WORD = xxxxxxxx
[230705000] READ WORD = xxxxxxxx
[231325000] READ WORD = xxxxxxxx
[231945000] READ WORD = xxxxxxxx
[232565000] READ WORD = xxxxxxxx
[233185000] READ WORD = xxxxxxxx
[233805000] READ WORD = xxxxxxxx
[234425000] READ WORD = xxxxxxxx
[235045000] READ WORD = xxxxxxxx
[235665000] READ WORD = xxxxxxxx
[236285000] READ WORD = xxxxxxxx
[236905000] READ WORD = xxxxxxxx
[237525000] READ WORD = xxxxxxxx
[238145000] READ WORD = xxxxxxxx
[238765000] READ WORD = xxxxxxxx
[239385000] READ WORD = xxxxxxxx
[240005000] READ WORD = xxxxxxxx
[240625000] READ WORD = xxxxxxxx
[241245000] READ WORD = xxxxxxxx
[241865000] READ WORD = xxxxxxxx
[242485000] READ WORD = xxxxxxxx
[243105000] READ WORD = xxxxxxxx
[243725000] READ WORD = xxxxxxxx
[244345000] READ WORD = xxxxxxxx
[244965000] READ WORD = xxxxxxxx
[245585000] READ WORD = xxxxxxxx
[246205000] READ WORD = xxxxxxxx
[246825000] READ WORD = xxxxxxxx
[247445000] READ WORD = xxxxxxxx
[248065000] READ WORD = xxxxxxxx
[248685000] READ WORD = xxxxxxxx
[249305000] READ WORD = xxxxxxxx
[249925000] READ WORD = xxxxxxxx
[250545000] READ WORD = xxxxxxxx
[251165000] READ WORD = xxxxxxxx
[251785000] READ WORD = xxxxxxxx
[252405000] READ WORD = xxxxxxxx
[253025000] READ WORD = xxxxxxxx
[253645000] READ WORD = xxxxxxxx
[254265000] READ WORD = xxxxxxxx
[254885000] READ WORD = xxxxxxxx
[255505000] READ WORD = xxxxxxxx
[256125000] READ WORD = xxxxxxxx
[256745000] READ WORD = xxxxxxxx
[257365000] READ WORD = xxxxxxxx
[257985000] READ WORD = xxxxxxxx
[258605000] READ WORD = xxxxxxxx
[259225000] READ WORD = xxxxxxxx
[259845000] READ WORD = xxxxxxxx
[260465000] READ WORD = xxxxxxxx
[261085000] READ WORD = xxxxxxxx
[261705000] READ WORD = xxxxxxxx
[262325000] READ WORD = xxxxxxxx
[262945000] READ WORD = xxxxxxxx
[263565000] READ WORD = xxxxxxxx
[264185000] READ WORD = xxxxxxxx
[264805000] READ WORD = xxxxxxxx
[265425000] READ WORD = xxxxxxxx
[266045000] READ WORD = xxxxxxxx
[266665000] READ WORD = xxxxxxxx
[267285000] READ WORD = xxxxxxxx
[267905000] READ WORD = xxxxxxxx
[268525000] READ WORD = xxxxxxxx
[269145000] READ WORD = xxxxxxxx
[269765000] READ WORD = xxxxxxxx
[270385000] READ WORD = xxxxxxxx
[271005000] READ WORD = xxxxxxxx
[271625000] READ WORD = xxxxxxxx
[272245000] READ WORD = xxxxxxxx
[272865000] READ WORD = xxxxxxxx
[273485000] READ WORD = xxxxxxxx
[274105000] READ WORD = xxxxxxxx
[274725000] READ WORD = xxxxxxxx
[275345000] READ WORD = xxxxxxxx
[275965000] READ WORD = xxxxxxxx
[276585000] READ WORD = xxxxxxxx
[277205000] READ WORD = xxxxxxxx
[277825000] READ WORD = xxxxxxxx
[278445000] READ WORD = xxxxxxxx
[279065000] READ WORD = xxxxxxxx
[279685000] READ WORD = xxxxxxxx
[280305000] READ WORD = xxxxxxxx
[280925000] READ WORD = xxxxxxxx
[281545000] READ WORD = xxxxxxxx
[282165000] READ WORD = xxxxxxxx
[282785000] READ WORD = xxxxxxxx
[283405000] READ WORD = xxxxxxxx
[284025000] READ WORD = xxxxxxxx
[284645000] READ WORD = xxxxxxxx
[285265000] READ WORD = xxxxxxxx
[285885000] READ WORD = xxxxxxxx
[286505000] READ WORD = xxxxxxxx
[287125000] READ WORD = xxxxxxxx
[287745000] READ WORD = xxxxxxxx
[288365000] READ WORD = xxxxxxxx
[288985000] READ WORD = xxxxxxxx
[289605000] READ WORD = xxxxxxxx
[290225000] READ WORD = xxxxxxxx
[290845000] READ WORD = xxxxxxxx
[291465000] READ WORD = xxxxxxxx
[292085000] READ WORD = xxxxxxxx
[292705000] READ WORD = xxxxxxxx
[293325000] READ WORD = xxxxxxxx
[293945000] READ WORD = xxxxxxxx
[294565000] READ WORD = xxxxxxxx
[295185000] READ WORD = xxxxxxxx
[295805000] READ WORD = xxxxxxxx
[296425000] READ WORD = xxxxxxxx
[297045000] READ WORD = xxxxxxxx
[297665000] READ WORD = xxxxxxxx
[298285000] READ WORD = xxxxxxxx
[298905000] READ WORD = xxxxxxxx
[299525000] READ WORD = xxxxxxxx
[300145000] READ WORD = xxxxxxxx
[300765000] READ WORD = xxxxxxxx
[301385000] READ WORD = xxxxxxxx
[302005000] READ WORD = xxxxxxxx
[302625000] READ WORD = xxxxxxxx
[303245000] READ WORD = xxxxxxxx
[303865000] READ WORD = xxxxxxxx
[304485000] READ WORD = xxxxxxxx
[305105000] READ WORD = xxxxxxxx
[305725000] READ WORD = xxxxxxxx
[306345000] READ WORD = xxxxxxxx
[306965000] READ WORD = xxxxxxxx
[307585000] READ WORD = xxxxxxxx
[308205000] READ WORD = xxxxxxxx
[308825000] READ WORD = xxxxxxxx
[309445000] READ WORD = xxxxxxxx
[310065000] READ WORD = xxxxxxxx
[310685000] READ WORD = xxxxxxxx
[311305000] READ WORD = xxxxxxxx
[311925000] READ WORD = xxxxxxxx
[312545000] READ WORD = xxxxxxxx
[313165000] READ WORD = xxxxxxxx
[313785000] READ WORD = xxxxxxxx
[314405000] READ WORD = xxxxxxxx
[315025000] READ WORD = xxxxxxxx
[315645000] READ WORD = xxxxxxxx
[316265000] READ WORD = xxxxxxxx
[316885000] READ WORD = xxxxxxxx
[317505000] READ WORD = xxxxxxxx
[318125000] READ WORD = xxxxxxxx
[318745000] READ WORD = xxxxxxxx
[319365000] READ WORD = xxxxxxxx
[319985000] READ WORD = xxxxxxxx
[320605000] READ WORD = xxxxxxxx
[321225000] READ WORD = xxxxxxxx
[321845000] READ WORD = xxxxxxxx
[322465000] READ WORD = xxxxxxxx
[323085000] READ WORD = xxxxxxxx
[323705000] READ WORD = xxxxxxxx
[324325000] READ WORD = xxxxxxxx
[324945000] READ WORD = xxxxxxxx
[325565000] READ WORD = xxxxxxxx
[326185000] READ WORD = xxxxxxxx
[326805000] READ WORD = xxxxxxxx
[327425000] READ WORD = xxxxxxxx
[328045000] READ WORD = xxxxxxxx
[328665000] READ WORD = xxxxxxxx
[329285000] READ WORD = xxxxxxxx
[329905000] READ WORD = xxxxxxxx
[330525000] READ WORD = xxxxxxxx
[331145000] READ WORD = xxxxxxxx
[331765000] READ WORD = xxxxxxxx
[332385000] READ WORD = xxxxxxxx
[333005000] READ WORD = xxxxxxxx
[333625000] READ WORD = xxxxxxxx
[334245000] READ WORD = xxxxxxxx
[334865000] READ WORD = xxxxxxxx
[335485000] READ WORD = xxxxxxxx
[336105000] READ WORD = xxxxxxxx
[336725000] READ WORD = xxxxxxxx
[337345000] READ WORD = xxxxxxxx
[337965000] READ WORD = xxxxxxxx
[338585000] READ WORD = xxxxxxxx
[339205000] READ WORD = xxxxxxxx
[339825000] READ WORD = xxxxxxxx
[340445000] READ WORD = xxxxxxxx
[341065000] READ WORD = xxxxxxxx
[341685000] READ WORD = xxxxxxxx
[342305000] READ WORD = xxxxxxxx
[342925000] READ WORD = xxxxxxxx
[343545000] READ WORD = xxxxxxxx
[344165000] READ WORD = xxxxxxxx
[344785000] READ WORD = xxxxxxxx
[345405000] READ WORD = xxxxxxxx
[346025000] READ WORD = xxxxxxxx
[346645000] READ WORD = xxxxxxxx
[347265000] READ WORD = xxxxxxxx
[347885000] READ WORD = xxxxxxxx
[348505000] READ WORD = xxxxxxxx
[349125000] READ WORD = xxxxxxxx
[349745000] READ WORD = xxxxxxxx
[350365000] READ WORD = xxxxxxxx
[350985000] READ WORD = xxxxxxxx
[351605000] READ WORD = xxxxxxxx
[352225000] READ WORD = xxxxxxxx
[352845000] READ WORD = xxxxxxxx
[353465000] READ WORD = xxxxxxxx
[354085000] READ WORD = xxxxxxxx
[354705000] READ WORD = xxxxxxxx
[355325000] READ WORD = xxxxxxxx
[355945000] READ WORD = xxxxxxxx
[356565000] READ WORD = xxxxxxxx
[357185000] READ WORD = xxxxxxxx
[357805000] READ WORD = xxxxxxxx
[358425000] READ WORD = xxxxxxxx
[359045000] READ WORD = xxxxxxxx
[359665000] READ WORD = xxxxxxxx
[360285000] READ WORD = xxxxxxxx
[360905000] READ WORD = xxxxxxxx
[361525000] READ WORD = xxxxxxxx
[362145000] READ WORD = xxxxxxxx
[362765000] READ WORD = xxxxxxxx
[363385000] READ WORD = xxxxxxxx
[364005000] READ WORD = xxxxxxxx
[364625000] READ WORD = xxxxxxxx
[365245000] READ WORD = xxxxxxxx
[365865000] READ WORD = xxxxxxxx
[366485000] READ WORD = xxxxxxxx
[367105000] READ WORD = xxxxxxxx
[367725000] READ WORD = xxxxxxxx
[368345000] READ WORD = xxxxxxxx
[368965000] READ WORD = xxxxxxxx
[369585000] READ WORD = xxxxxxxx
[370205000] READ WORD = xxxxxxxx
[370825000] READ WORD = xxxxxxxx
[371445000] READ WORD = xxxxxxxx
[372065000] READ WORD = xxxxxxxx
[372685000] READ WORD = xxxxxxxx
[373305000] READ WORD = xxxxxxxx
[373925000] READ WORD = xxxxxxxx
[374545000] READ WORD = xxxxxxxx
[375165000] READ WORD = xxxxxxxx
[375785000] READ WORD = xxxxxxxx
[376405000] READ WORD = xxxxxxxx
[377025000] READ WORD = xxxxxxxx
[377645000] READ WORD = xxxxxxxx
[378265000] READ WORD = xxxxxxxx
[378885000] READ WORD = xxxxxxxx
[379505000] READ WORD = xxxxxxxx
[380125000] READ WORD = xxxxxxxx
[380745000] READ WORD = xxxxxxxx
[381365000] READ WORD = xxxxxxxx
[381985000] READ WORD = xxxxxxxx
[382605000] READ WORD = xxxxxxxx
[383225000] READ WORD = xxxxxxxx
[383845000] READ WORD = xxxxxxxx
[384465000] READ WORD = xxxxxxxx
[385085000] READ WORD = xxxxxxxx
[385705000] READ WORD = xxxxxxxx
[386325000] READ WORD = xxxxxxxx
[386945000] READ WORD = xxxxxxxx
[387565000] READ WORD = xxxxxxxx
[388185000] READ WORD = xxxxxxxx
[388805000] READ WORD = xxxxxxxx
[389425000] READ WORD = xxxxxxxx
[390045000] READ WORD = xxxxxxxx
[390665000] READ WORD = xxxxxxxx
[391285000] READ WORD = xxxxxxxx
[391905000] READ WORD = xxxxxxxx
[392525000] READ WORD = xxxxxxxx
[393145000] READ WORD = xxxxxxxx
[393765000] READ WORD = xxxxxxxx
[394385000] READ WORD = xxxxxxxx
[395005000] READ WORD = xxxxxxxx
[395625000] READ WORD = xxxxxxxx
[396245000] READ WORD = xxxxxxxx
[396865000] READ WORD = xxxxxxxx
[397485000] READ WORD = xxxxxxxx
[398105000] READ WORD = xxxxxxxx
[398725000] READ WORD = xxxxxxxx
[399345000] READ WORD = xxxxxxxx
[399965000] READ WORD = xxxxxxxx
[400585000] READ WORD = xxxxxxxx
[401205000] READ WORD = xxxxxxxx
[401825000] READ WORD = xxxxxxxx
[402445000] READ WORD = xxxxxxxx
[403065000] READ WORD = xxxxxxxx
[403685000] READ WORD = xxxxxxxx
[404305000] READ WORD = xxxxxxxx
[404925000] READ WORD = xxxxxxxx
[405545000] READ WORD = xxxxxxxx
[406165000] READ WORD = xxxxxxxx
[406785000] READ WORD = xxxxxxxx
[407405000] READ WORD = xxxxxxxx
[408025000] READ WORD = xxxxxxxx
[408645000] READ WORD = xxxxxxxx
[409265000] READ WORD = xxxxxxxx
[409885000] READ WORD = xxxxxxxx
[410505000] READ WORD = xxxxxxxx
[411125000] READ WORD = xxxxxxxx
[411745000] READ WORD = xxxxxxxx
[412365000] READ WORD = xxxxxxxx
[412985000] READ WORD = xxxxxxxx
[413605000] READ WORD = xxxxxxxx
[414225000] READ WORD = xxxxxxxx
[414845000] READ WORD = xxxxxxxx
[415465000] READ WORD = xxxxxxxx
[416085000] READ WORD = xxxxxxxx
[416705000] READ WORD = xxxxxxxx
[417325000] READ WORD = xxxxxxxx
[417945000] READ WORD = xxxxxxxx
[418565000] READ WORD = xxxxxxxx
[419185000] READ WORD = xxxxxxxx
[419805000] READ WORD = xxxxxxxx
[420425000] READ WORD = xxxxxxxx
[421045000] READ WORD = xxxxxxxx
[421665000] READ WORD = xxxxxxxx
[422285000] READ WORD = xxxxxxxx
[422905000] READ WORD = xxxxxxxx
[423525000] READ WORD = xxxxxxxx
[424145000] READ WORD = xxxxxxxx
[424765000] READ WORD = xxxxxxxx
[425385000] READ WORD = xxxxxxxx
[426005000] READ WORD = xxxxxxxx
[426625000] READ WORD = xxxxxxxx
[427245000] READ WORD = xxxxxxxx
[427865000] READ WORD = xxxxxxxx
[428485000] READ WORD = xxxxxxxx
[429105000] READ WORD = xxxxxxxx
[429725000] READ WORD = xxxxxxxx
[430345000] READ WORD = xxxxxxxx
[430965000] READ WORD = xxxxxxxx
[431585000] READ WORD = xxxxxxxx
[432205000] READ WORD = xxxxxxxx
[432825000] READ WORD = xxxxxxxx
[433445000] READ WORD = xxxxxxxx
[434065000] READ WORD = xxxxxxxx
[434685000] READ WORD = xxxxxxxx
[435305000] READ WORD = xxxxxxxx
[435925000] READ WORD = xxxxxxxx
[436545000] READ WORD = xxxxxxxx
[437165000] READ WORD = xxxxxxxx
[437785000] READ WORD = xxxxxxxx
[438405000] READ WORD = xxxxxxxx
[439025000] READ WORD = xxxxxxxx
[439645000] READ WORD = xxxxxxxx
[440265000] READ WORD = xxxxxxxx
[440885000] READ WORD = xxxxxxxx
[441505000] READ WORD = xxxxxxxx
[442125000] READ WORD = xxxxxxxx
[442745000] READ WORD = xxxxxxxx
[443365000] READ WORD = xxxxxxxx
[443985000] READ WORD = xxxxxxxx
[444605000] READ WORD = xxxxxxxx
[445225000] READ WORD = xxxxxxxx
[445845000] READ WORD = xxxxxxxx
[446465000] READ WORD = xxxxxxxx
[447085000] READ WORD = xxxxxxxx
[447705000] READ WORD = xxxxxxxx
[448325000] READ WORD = xxxxxxxx
[448945000] READ WORD = xxxxxxxx
[449565000] READ WORD = xxxxxxxx
[450185000] READ WORD = xxxxxxxx
[450805000] READ WORD = xxxxxxxx
[451425000] READ WORD = xxxxxxxx
[452045000] READ WORD = xxxxxxxx
[452665000] READ WORD = xxxxxxxx
[453285000] READ WORD = xxxxxxxx
[453905000] READ WORD = xxxxxxxx
[454525000] READ WORD = xxxxxxxx
[455145000] READ WORD = xxxxxxxx
[455765000] READ WORD = xxxxxxxx
[456385000] READ WORD = xxxxxxxx
[457005000] READ WORD = xxxxxxxx
[457625000] READ WORD = xxxxxxxx
[458245000] READ WORD = xxxxxxxx
[458865000] READ WORD = xxxxxxxx
[459485000] READ WORD = xxxxxxxx
[460105000] READ WORD = xxxxxxxx
[460725000] READ WORD = xxxxxxxx
[461345000] READ WORD = xxxxxxxx
[461965000] READ WORD = xxxxxxxx
[462585000] READ WORD = xxxxxxxx
[463205000] READ WORD = xxxxxxxx
[463825000] READ WORD = xxxxxxxx
[464445000] READ WORD = xxxxxxxx
[465065000] READ WORD = xxxxxxxx
[465685000] READ WORD = xxxxxxxx
[466305000] READ WORD = xxxxxxxx
[466925000] READ WORD = xxxxxxxx
[467545000] READ WORD = xxxxxxxx
[468165000] READ WORD = xxxxxxxx
[468785000] READ WORD = xxxxxxxx
[469405000] READ WORD = xxxxxxxx
[470025000] READ WORD = xxxxxxxx
[470645000] READ WORD = xxxxxxxx
[471265000] READ WORD = xxxxxxxx
[471885000] READ WORD = xxxxxxxx
[472505000] READ WORD = xxxxxxxx
[473125000] READ WORD = xxxxxxxx
[473745000] READ WORD = xxxxxxxx
[474365000] READ WORD = xxxxxxxx
[474985000] READ WORD = xxxxxxxx
[475605000] READ WORD = xxxxxxxx
[476225000] READ WORD = xxxxxxxx
[476845000] READ WORD = xxxxxxxx
[477465000] READ WORD = xxxxxxxx
[478085000] READ WORD = xxxxxxxx
[478705000] READ WORD = xxxxxxxx
[479325000] READ WORD = xxxxxxxx
[479945000] READ WORD = xxxxxxxx
[480565000] READ WORD = xxxxxxxx
[481185000] READ WORD = xxxxxxxx
[481805000] READ WORD = xxxxxxxx
[482425000] READ WORD = xxxxxxxx
[483045000] READ WORD = xxxxxxxx
[483665000] READ WORD = xxxxxxxx
[484285000] READ WORD = xxxxxxxx
[484905000] READ WORD = xxxxxxxx
[485525000] READ WORD = xxxxxxxx
[486145000] READ WORD = xxxxxxxx
[486765000] READ WORD = xxxxxxxx
[487385000] READ WORD = xxxxxxxx
[488005000] READ WORD = xxxxxxxx
[488625000] READ WORD = xxxxxxxx
[489245000] READ WORD = xxxxxxxx
[489865000] READ WORD = xxxxxxxx
[490485000] READ WORD = xxxxxxxx
[491105000] READ WORD = xxxxxxxx
[491725000] READ WORD = xxxxxxxx
[492345000] READ WORD = xxxxxxxx
[492965000] READ WORD = xxxxxxxx
[493585000] READ WORD = xxxxxxxx
[494205000] READ WORD = xxxxxxxx
[494825000] READ WORD = xxxxxxxx
[495445000] READ WORD = xxxxxxxx
[496065000] READ WORD = xxxxxxxx
[496685000] READ WORD = xxxxxxxx
[497305000] READ WORD = xxxxxxxx
[497925000] READ WORD = xxxxxxxx
[498545000] READ WORD = xxxxxxxx
[499165000] READ WORD = xxxxxxxx
[499785000] READ WORD = xxxxxxxx
[500405000] READ WORD = xxxxxxxx
[501025000] READ WORD = xxxxxxxx
[501645000] READ WORD = xxxxxxxx
[502265000] READ WORD = xxxxxxxx
[502885000] READ WORD = xxxxxxxx
[503505000] READ WORD = xxxxxxxx
[504125000] READ WORD = xxxxxxxx
[504745000] READ WORD = xxxxxxxx
[505365000] READ WORD = xxxxxxxx
[505985000] READ WORD = xxxxxxxx
[506605000] READ WORD = xxxxxxxx
[507225000] READ WORD = xxxxxxxx
[507845000] READ WORD = xxxxxxxx
[508465000] READ WORD = xxxxxxxx
[509085000] READ WORD = xxxxxxxx
[509705000] READ WORD = xxxxxxxx
[510325000] READ WORD = xxxxxxxx
[510945000] READ WORD = xxxxxxxx
[511565000] READ WORD = xxxxxxxx
[512185000] READ WORD = xxxxxxxx
[512805000] READ WORD = xxxxxxxx
[513425000] READ WORD = xxxxxxxx
[514045000] READ WORD = xxxxxxxx
[514665000] READ WORD = xxxxxxxx
[515285000] READ WORD = xxxxxxxx
[515905000] READ WORD = xxxxxxxx
[516525000] READ WORD = xxxxxxxx
[517145000] READ WORD = xxxxxxxx
[517765000] READ WORD = xxxxxxxx
[518385000] READ WORD = xxxxxxxx
[519005000] READ WORD = xxxxxxxx
[519625000] READ WORD = xxxxxxxx
[520245000] READ WORD = xxxxxxxx
[520865000] READ WORD = xxxxxxxx
[521485000] READ WORD = xxxxxxxx
[522105000] READ WORD = xxxxxxxx
[522725000] READ WORD = xxxxxxxx
[523345000] READ WORD = xxxxxxxx
[523965000] READ WORD = xxxxxxxx
[524585000] READ WORD = xxxxxxxx
[525205000] READ WORD = xxxxxxxx
[525825000] READ WORD = xxxxxxxx
[526445000] READ WORD = xxxxxxxx
[527065000] READ WORD = xxxxxxxx
[527685000] READ WORD = xxxxxxxx
[528305000] READ WORD = xxxxxxxx
[528925000] READ WORD = xxxxxxxx
[529545000] READ WORD = xxxxxxxx
[530165000] READ WORD = xxxxxxxx
[530785000] READ WORD = xxxxxxxx
[531405000] READ WORD = xxxxxxxx
[532025000] READ WORD = xxxxxxxx
[532645000] READ WORD = xxxxxxxx
[533265000] READ WORD = xxxxxxxx
[533885000] READ WORD = xxxxxxxx
[534505000] READ WORD = xxxxxxxx
[535125000] READ WORD = xxxxxxxx
[535745000] READ WORD = xxxxxxxx
[536365000] READ WORD = xxxxxxxx
[536985000] READ WORD = xxxxxxxx
[537605000] READ WORD = xxxxxxxx
[538225000] READ WORD = xxxxxxxx
[538845000] READ WORD = xxxxxxxx
[539465000] READ WORD = xxxxxxxx
[540085000] READ WORD = xxxxxxxx
[540705000] READ WORD = xxxxxxxx
[541325000] READ WORD = xxxxxxxx
[541945000] READ WORD = xxxxxxxx
[542565000] READ WORD = xxxxxxxx
[543185000] READ WORD = xxxxxxxx
[543805000] READ WORD = xxxxxxxx
[544425000] READ WORD = xxxxxxxx
[545045000] READ WORD = xxxxxxxx
[545665000] READ WORD = xxxxxxxx
[546285000] READ WORD = xxxxxxxx
[546905000] READ WORD = xxxxxxxx
[547525000] READ WORD = xxxxxxxx
[548145000] READ WORD = xxxxxxxx
[548765000] READ WORD = xxxxxxxx
[549385000] READ WORD = xxxxxxxx
[550005000] READ WORD = xxxxxxxx
[550625000] READ WORD = xxxxxxxx
[551245000] READ WORD = xxxxxxxx
[551865000] READ WORD = xxxxxxxx
[552485000] READ WORD = xxxxxxxx
[553105000] READ WORD = xxxxxxxx
[553725000] READ WORD = xxxxxxxx
[554345000] READ WORD = xxxxxxxx
[554965000] READ WORD = xxxxxxxx
[555585000] READ WORD = xxxxxxxx
[556205000] READ WORD = xxxxxxxx
[556825000] READ WORD = xxxxxxxx
[557445000] READ WORD = xxxxxxxx
[558065000] READ WORD = xxxxxxxx
[558685000] READ WORD = xxxxxxxx
[559305000] READ WORD = xxxxxxxx
[559925000] READ WORD = xxxxxxxx
[560545000] READ WORD = xxxxxxxx
[561165000] READ WORD = xxxxxxxx
[561785000] READ WORD = xxxxxxxx
[562405000] READ WORD = xxxxxxxx
[563025000] READ WORD = xxxxxxxx
[563645000] READ WORD = xxxxxxxx
[564265000] READ WORD = xxxxxxxx
[564885000] READ WORD = xxxxxxxx
[565505000] READ WORD = xxxxxxxx
[566125000] READ WORD = xxxxxxxx
[566745000] READ WORD = xxxxxxxx
[567365000] READ WORD = xxxxxxxx
[567985000] READ WORD = xxxxxxxx
[568605000] READ WORD = xxxxxxxx
[569225000] READ WORD = xxxxxxxx
[569845000] READ WORD = xxxxxxxx
[570465000] READ WORD = xxxxxxxx
[571085000] READ WORD = xxxxxxxx
[571705000] READ WORD = xxxxxxxx
[572325000] READ WORD = xxxxxxxx
[572945000] READ WORD = xxxxxxxx
[573565000] READ WORD = xxxxxxxx
[574185000] READ WORD = xxxxxxxx
[574805000] READ WORD = xxxxxxxx
[575425000] READ WORD = xxxxxxxx
[576045000] READ WORD = xxxxxxxx
[576665000] READ WORD = xxxxxxxx
[577285000] READ WORD = xxxxxxxx
[577905000] READ WORD = xxxxxxxx
[578525000] READ WORD = xxxxxxxx
[579145000] READ WORD = xxxxxxxx
[579765000] READ WORD = xxxxxxxx
[580385000] READ WORD = xxxxxxxx
[581005000] READ WORD = xxxxxxxx
[581625000] READ WORD = xxxxxxxx
[582245000] READ WORD = xxxxxxxx
[582865000] READ WORD = xxxxxxxx
[583485000] READ WORD = xxxxxxxx
[584105000] READ WORD = xxxxxxxx
[584725000] READ WORD = xxxxxxxx
[585345000] READ WORD = xxxxxxxx
[585965000] READ WORD = xxxxxxxx
[586585000] READ WORD = xxxxxxxx
[587205000] READ WORD = xxxxxxxx
[587825000] READ WORD = xxxxxxxx
[588445000] READ WORD = xxxxxxxx
[589065000] READ WORD = xxxxxxxx
[589685000] READ WORD = xxxxxxxx
[590305000] READ WORD = xxxxxxxx
[590925000] READ WORD = xxxxxxxx
[591545000] READ WORD = xxxxxxxx
[592165000] READ WORD = xxxxxxxx
[592785000] READ WORD = xxxxxxxx
[593405000] READ WORD = xxxxxxxx
[594025000] READ WORD = xxxxxxxx
[594645000] READ WORD = xxxxxxxx
[595265000] READ WORD = xxxxxxxx
[595885000] READ WORD = xxxxxxxx
[596505000] READ WORD = xxxxxxxx
[597125000] READ WORD = xxxxxxxx
[597745000] READ WORD = xxxxxxxx
[598365000] READ WORD = xxxxxxxx
[598985000] READ WORD = xxxxxxxx
[599605000] READ WORD = xxxxxxxx
[600225000] READ WORD = xxxxxxxx
[600845000] READ WORD = xxxxxxxx
[601465000] READ WORD = xxxxxxxx
[602085000] READ WORD = xxxxxxxx
[602705000] READ WORD = xxxxxxxx
[603325000] READ WORD = xxxxxxxx
[603945000] READ WORD = xxxxxxxx
[604565000] READ WORD = xxxxxxxx
[605185000] READ WORD = xxxxxxxx
[605805000] READ WORD = xxxxxxxx
[606425000] READ WORD = xxxxxxxx
[607045000] READ WORD = xxxxxxxx
[607665000] READ WORD = xxxxxxxx
[608285000] READ WORD = xxxxxxxx
[608905000] READ WORD = xxxxxxxx
[609525000] READ WORD = xxxxxxxx
[610145000] READ WORD = xxxxxxxx
[610765000] READ WORD = xxxxxxxx
[611385000] READ WORD = xxxxxxxx
[612005000] READ WORD = xxxxxxxx
[612625000] READ WORD = xxxxxxxx
[613245000] READ WORD = xxxxxxxx
[613865000] READ WORD = xxxxxxxx
[614485000] READ WORD = xxxxxxxx
[615105000] READ WORD = xxxxxxxx
[615725000] READ WORD = xxxxxxxx
[616345000] READ WORD = xxxxxxxx
[616965000] READ WORD = xxxxxxxx
[617585000] READ WORD = xxxxxxxx
[618205000] READ WORD = xxxxxxxx
[618825000] READ WORD = xxxxxxxx
[619445000] READ WORD = xxxxxxxx
[620065000] READ WORD = xxxxxxxx
[620685000] READ WORD = xxxxxxxx
[621305000] READ WORD = xxxxxxxx
[621925000] READ WORD = xxxxxxxx
[622545000] READ WORD = xxxxxxxx
[623165000] READ WORD = xxxxxxxx
[623785000] READ WORD = xxxxxxxx
[624405000] READ WORD = xxxxxxxx
[625025000] READ WORD = xxxxxxxx
[625645000] READ WORD = xxxxxxxx
[626265000] READ WORD = xxxxxxxx
[626885000] READ WORD = xxxxxxxx
[627505000] READ WORD = xxxxxxxx
[628125000] READ WORD = xxxxxxxx
[628745000] READ WORD = xxxxxxxx
[629365000] READ WORD = xxxxxxxx
[629985000] READ WORD = xxxxxxxx
[630605000] READ WORD = xxxxxxxx
[631225000] READ WORD = xxxxxxxx
[631845000] READ WORD = xxxxxxxx
[632465000] READ WORD = xxxxxxxx
[633085000] READ WORD = xxxxxxxx
[633705000] READ WORD = xxxxxxxx
[634325000] READ WORD = xxxxxxxx
[634945000] READ WORD = xxxxxxxx
[635565000] READ WORD = xxxxxxxx
[636185000] READ WORD = xxxxxxxx
[636805000] READ WORD = xxxxxxxx
[637425000] READ WORD = xxxxxxxx
[638045000] READ WORD = xxxxxxxx
[638665000] READ WORD = xxxxxxxx
[639285000] READ WORD = xxxxxxxx
[639905000] READ WORD = xxxxxxxx
[640525000] READ WORD = xxxxxxxx
[641145000] READ WORD = xxxxxxxx
[641765000] READ WORD = xxxxxxxx
[642385000] READ WORD = xxxxxxxx
[643005000] READ WORD = xxxxxxxx
[643625000] READ WORD = xxxxxxxx
[644245000] READ WORD = xxxxxxxx
[644865000] READ WORD = xxxxxxxx
[645485000] READ WORD = xxxxxxxx
[646105000] READ WORD = xxxxxxxx
[646725000] READ WORD = xxxxxxxx
[647345000] READ WORD = xxxxxxxx
[647965000] READ WORD = xxxxxxxx
[648585000] READ WORD = xxxxxxxx
[649205000] READ WORD = xxxxxxxx
[649825000] READ WORD = xxxxxxxx
[650445000] READ WORD = xxxxxxxx
[651065000] READ WORD = xxxxxxxx
[651685000] READ WORD = xxxxxxxx
[652305000] READ WORD = xxxxxxxx
[652925000] READ WORD = xxxxxxxx
[653545000] READ WORD = xxxxxxxx
[654165000] READ WORD = xxxxxxxx
[654785000] READ WORD = xxxxxxxx
[655405000] READ WORD = xxxxxxxx
[656025000] READ WORD = xxxxxxxx
[656645000] READ WORD = xxxxxxxx
[657265000] READ WORD = xxxxxxxx
[657885000] READ WORD = xxxxxxxx
[658505000] READ WORD = xxxxxxxx
[659125000] READ WORD = xxxxxxxx
[659745000] READ WORD = xxxxxxxx
[660365000] READ WORD = xxxxxxxx
[660985000] READ WORD = xxxxxxxx
[661605000] READ WORD = xxxxxxxx
[662225000] READ WORD = xxxxxxxx
[662845000] READ WORD = xxxxxxxx
[663465000] READ WORD = xxxxxxxx
[664085000] READ WORD = xxxxxxxx
[664705000] READ WORD = xxxxxxxx
[665325000] READ WORD = xxxxxxxx
[665945000] READ WORD = xxxxxxxx
[666565000] READ WORD = xxxxxxxx
[667185000] READ WORD = xxxxxxxx
[667805000] READ WORD = xxxxxxxx
[668425000] READ WORD = xxxxxxxx
[669045000] READ WORD = xxxxxxxx
[669665000] READ WORD = xxxxxxxx
[670285000] READ WORD = xxxxxxxx
[670905000] READ WORD = xxxxxxxx
[671525000] READ WORD = xxxxxxxx
[672145000] READ WORD = xxxxxxxx
[672765000] READ WORD = xxxxxxxx
[673385000] READ WORD = xxxxxxxx
[674005000] READ WORD = xxxxxxxx
[674625000] READ WORD = xxxxxxxx
[675245000] READ WORD = xxxxxxxx
[675865000] READ WORD = xxxxxxxx
[676485000] READ WORD = xxxxxxxx
[677105000] READ WORD = xxxxxxxx
[677725000] READ WORD = xxxxxxxx
[678345000] READ WORD = xxxxxxxx
[678965000] READ WORD = xxxxxxxx
[679585000] READ WORD = xxxxxxxx
[680205000] READ WORD = xxxxxxxx
[680825000] READ WORD = xxxxxxxx
[681445000] READ WORD = xxxxxxxx
[682065000] READ WORD = xxxxxxxx
[682685000] READ WORD = xxxxxxxx
[683305000] READ WORD = xxxxxxxx
[683925000] READ WORD = xxxxxxxx
[684545000] READ WORD = xxxxxxxx
[685165000] READ WORD = xxxxxxxx
[685785000] READ WORD = xxxxxxxx
[686405000] READ WORD = xxxxxxxx
[687025000] READ WORD = xxxxxxxx
[687645000] READ WORD = xxxxxxxx
[688265000] READ WORD = xxxxxxxx
[688885000] READ WORD = xxxxxxxx
[689505000] READ WORD = xxxxxxxx
[690125000] READ WORD = xxxxxxxx
[690745000] READ WORD = xxxxxxxx
[691365000] READ WORD = xxxxxxxx
[691985000] READ WORD = xxxxxxxx
[692605000] READ WORD = xxxxxxxx
[693225000] READ WORD = xxxxxxxx
[693845000] READ WORD = xxxxxxxx
[694465000] READ WORD = xxxxxxxx
[695085000] READ WORD = xxxxxxxx
[695705000] READ WORD = xxxxxxxx
[696325000] READ WORD = xxxxxxxx
[696945000] READ WORD = xxxxxxxx
[697565000] READ WORD = xxxxxxxx
[698185000] READ WORD = xxxxxxxx
[698805000] READ WORD = xxxxxxxx
[699425000] READ WORD = xxxxxxxx
[700045000] READ WORD = xxxxxxxx
[700665000] READ WORD = xxxxxxxx
[701285000] READ WORD = xxxxxxxx
[701905000] READ WORD = xxxxxxxx
[702525000] READ WORD = xxxxxxxx
[703145000] READ WORD = xxxxxxxx
[703765000] READ WORD = xxxxxxxx
[704385000] READ WORD = xxxxxxxx
[705005000] READ WORD = xxxxxxxx
[705625000] READ WORD = xxxxxxxx
[706245000] READ WORD = xxxxxxxx
[706865000] READ WORD = xxxxxxxx
[707485000] READ WORD = xxxxxxxx
[708105000] READ WORD = xxxxxxxx
[708725000] READ WORD = xxxxxxxx
[709345000] READ WORD = xxxxxxxx
[709965000] READ WORD = xxxxxxxx
[710585000] READ WORD = xxxxxxxx
[711205000] READ WORD = xxxxxxxx
[711825000] READ WORD = xxxxxxxx
[712445000] READ WORD = xxxxxxxx
[713065000] READ WORD = xxxxxxxx
[713685000] READ WORD = xxxxxxxx
[714305000] READ WORD = xxxxxxxx
[714925000] READ WORD = xxxxxxxx
[715545000] READ WORD = xxxxxxxx
[716165000] READ WORD = xxxxxxxx
[716785000] READ WORD = xxxxxxxx
[717405000] READ WORD = xxxxxxxx
[718025000] READ WORD = xxxxxxxx
[718645000] READ WORD = xxxxxxxx
[719265000] READ WORD = xxxxxxxx
[719885000] READ WORD = xxxxxxxx
[720505000] READ WORD = xxxxxxxx
[721125000] READ WORD = xxxxxxxx
[721745000] READ WORD = xxxxxxxx
[722365000] READ WORD = xxxxxxxx
[722985000] READ WORD = xxxxxxxx
[723605000] READ WORD = xxxxxxxx
[724225000] READ WORD = xxxxxxxx
[724845000] READ WORD = xxxxxxxx
[725465000] READ WORD = xxxxxxxx
[726085000] READ WORD = xxxxxxxx
[726705000] READ WORD = xxxxxxxx
[727325000] READ WORD = xxxxxxxx
[727945000] READ WORD = xxxxxxxx
[728565000] READ WORD = xxxxxxxx
[729185000] READ WORD = xxxxxxxx
[729805000] READ WORD = xxxxxxxx
[730425000] READ WORD = xxxxxxxx
[731045000] READ WORD = xxxxxxxx
[731665000] READ WORD = xxxxxxxx
[732285000] READ WORD = xxxxxxxx
[732905000] READ WORD = xxxxxxxx
[733525000] READ WORD = xxxxxxxx
[734145000] READ WORD = xxxxxxxx
[734765000] READ WORD = xxxxxxxx
[735385000] READ WORD = xxxxxxxx
[736005000] READ WORD = xxxxxxxx
[736625000] READ WORD = xxxxxxxx
[737245000] READ WORD = xxxxxxxx
[737865000] READ WORD = xxxxxxxx
[738485000] READ WORD = xxxxxxxx
[739105000] READ WORD = xxxxxxxx
[739725000] READ WORD = xxxxxxxx
[740345000] READ WORD = xxxxxxxx
[740965000] READ WORD = xxxxxxxx
[741585000] READ WORD = xxxxxxxx
[742205000] READ WORD = xxxxxxxx
[742825000] READ WORD = xxxxxxxx
[743445000] READ WORD = xxxxxxxx
[744065000] READ WORD = xxxxxxxx
[744685000] READ WORD = xxxxxxxx
[745305000] READ WORD = xxxxxxxx
[745925000] READ WORD = xxxxxxxx
[746545000] READ WORD = xxxxxxxx
[747165000] READ WORD = xxxxxxxx
[747785000] READ WORD = xxxxxxxx
[748405000] READ WORD = xxxxxxxx
[749025000] READ WORD = xxxxxxxx
[749645000] READ WORD = xxxxxxxx
[750265000] READ WORD = xxxxxxxx
[750885000] READ WORD = xxxxxxxx
[751505000] READ WORD = xxxxxxxx
[752125000] READ WORD = xxxxxxxx
[752745000] READ WORD = xxxxxxxx
[753365000] READ WORD = xxxxxxxx
[753985000] READ WORD = xxxxxxxx
[754605000] READ WORD = xxxxxxxx
[755225000] READ WORD = xxxxxxxx
[755845000] READ WORD = xxxxxxxx
[756465000] READ WORD = xxxxxxxx
[757085000] READ WORD = xxxxxxxx
[757705000] READ WORD = xxxxxxxx
[758325000] READ WORD = xxxxxxxx
[758945000] READ WORD = xxxxxxxx
[759565000] READ WORD = xxxxxxxx
[760185000] READ WORD = xxxxxxxx
[760805000] READ WORD = xxxxxxxx
[761425000] READ WORD = xxxxxxxx
[762045000] READ WORD = xxxxxxxx
[762665000] READ WORD = xxxxxxxx
[763285000] READ WORD = xxxxxxxx
[763905000] READ WORD = xxxxxxxx
[764525000] READ WORD = xxxxxxxx
[765145000] READ WORD = xxxxxxxx
[765765000] READ WORD = xxxxxxxx
[766385000] READ WORD = xxxxxxxx
[767005000] READ WORD = xxxxxxxx
[767625000] READ WORD = xxxxxxxx
[768245000] READ WORD = xxxxxxxx
[768865000] READ WORD = xxxxxxxx
[769485000] READ WORD = xxxxxxxx
[770105000] READ WORD = xxxxxxxx
[770725000] READ WORD = xxxxxxxx
[771345000] READ WORD = xxxxxxxx
[771965000] READ WORD = xxxxxxxx
[772585000] READ WORD = xxxxxxxx
[773205000] READ WORD = xxxxxxxx
[773825000] READ WORD = xxxxxxxx
[774445000] READ WORD = xxxxxxxx
[775065000] READ WORD = xxxxxxxx
[775685000] READ WORD = xxxxxxxx
[776305000] READ WORD = xxxxxxxx
[776925000] READ WORD = xxxxxxxx
[777545000] READ WORD = xxxxxxxx
[778165000] READ WORD = xxxxxxxx
[778785000] READ WORD = xxxxxxxx
[779405000] READ WORD = xxxxxxxx
[780025000] READ WORD = xxxxxxxx
[780645000] READ WORD = xxxxxxxx
[781265000] READ WORD = xxxxxxxx
[781885000] READ WORD = xxxxxxxx
[782505000] READ WORD = xxxxxxxx
[783125000] READ WORD = xxxxxxxx
[783745000] READ WORD = xxxxxxxx
[784365000] READ WORD = xxxxxxxx
[784985000] READ WORD = xxxxxxxx
[785605000] READ WORD = xxxxxxxx
[786225000] READ WORD = xxxxxxxx
[786845000] READ WORD = xxxxxxxx
[787465000] READ WORD = xxxxxxxx
[788085000] READ WORD = xxxxxxxx
[788705000] READ WORD = xxxxxxxx
[789325000] READ WORD = xxxxxxxx
[789945000] READ WORD = xxxxxxxx
[790565000] READ WORD = xxxxxxxx
[791185000] READ WORD = xxxxxxxx
[791805000] READ WORD = xxxxxxxx
[792425000] READ WORD = xxxxxxxx
[793045000] READ WORD = xxxxxxxx
[793665000] READ WORD = xxxxxxxx
[794285000] READ WORD = xxxxxxxx
[794905000] READ WORD = xxxxxxxx
[795525000] READ WORD = xxxxxxxx
[796145000] READ WORD = xxxxxxxx
[796765000] READ WORD = xxxxxxxx
[797385000] READ WORD = xxxxxxxx
[798005000] READ WORD = xxxxxxxx
[798625000] READ WORD = xxxxxxxx
[799245000] READ WORD = xxxxxxxx
[799865000] READ WORD = xxxxxxxx
[800485000] READ WORD = xxxxxxxx
[801105000] READ WORD = xxxxxxxx
[801725000] READ WORD = xxxxxxxx
[802345000] READ WORD = xxxxxxxx
[802965000] READ WORD = xxxxxxxx
[803585000] READ WORD = xxxxxxxx
[804205000] READ WORD = xxxxxxxx
[804825000] READ WORD = xxxxxxxx
[805445000] READ WORD = xxxxxxxx
[806065000] READ WORD = xxxxxxxx
[806685000] READ WORD = xxxxxxxx
[807305000] READ WORD = xxxxxxxx
[807925000] READ WORD = xxxxxxxx
[808545000] READ WORD = xxxxxxxx
[809165000] READ WORD = xxxxxxxx
[809785000] READ WORD = xxxxxxxx
[810405000] READ WORD = xxxxxxxx
[811025000] READ WORD = xxxxxxxx
[811645000] READ WORD = xxxxxxxx
[812265000] READ WORD = xxxxxxxx
[812885000] READ WORD = xxxxxxxx
[813505000] READ WORD = xxxxxxxx
[814125000] READ WORD = xxxxxxxx
[814745000] READ WORD = xxxxxxxx
[815365000] READ WORD = xxxxxxxx
[815985000] READ WORD = xxxxxxxx
[816605000] READ WORD = xxxxxxxx
[817225000] READ WORD = xxxxxxxx
[817845000] READ WORD = xxxxxxxx
[818465000] READ WORD = xxxxxxxx
[819085000] READ WORD = xxxxxxxx
[819705000] READ WORD = xxxxxxxx
[820325000] READ WORD = xxxxxxxx
[820945000] READ WORD = xxxxxxxx
[821565000] READ WORD = xxxxxxxx
[822185000] READ WORD = xxxxxxxx
[822805000] READ WORD = xxxxxxxx
[823425000] READ WORD = xxxxxxxx
[824045000] READ WORD = xxxxxxxx
[824665000] READ WORD = xxxxxxxx
[825285000] READ WORD = xxxxxxxx
[825905000] READ WORD = xxxxxxxx
[826525000] READ WORD = xxxxxxxx
[827145000] READ WORD = xxxxxxxx
[827765000] READ WORD = xxxxxxxx
[828385000] READ WORD = xxxxxxxx
[829005000] READ WORD = xxxxxxxx
[829625000] READ WORD = xxxxxxxx
[830245000] READ WORD = xxxxxxxx
[830865000] READ WORD = xxxxxxxx
[831485000] READ WORD = xxxxxxxx
[832105000] READ WORD = xxxxxxxx
[832725000] READ WORD = xxxxxxxx
[833345000] READ WORD = xxxxxxxx
[833965000] READ WORD = xxxxxxxx
[834585000] READ WORD = xxxxxxxx
[835205000] READ WORD = xxxxxxxx
[835825000] READ WORD = xxxxxxxx
[836445000] READ WORD = xxxxxxxx
[837065000] READ WORD = xxxxxxxx
[837685000] READ WORD = xxxxxxxx
[838305000] READ WORD = xxxxxxxx
[838925000] READ WORD = xxxxxxxx
[839545000] READ WORD = xxxxxxxx
[840165000] READ WORD = xxxxxxxx
[840785000] READ WORD = xxxxxxxx
[841405000] READ WORD = xxxxxxxx
[842025000] READ WORD = xxxxxxxx
[842645000] READ WORD = xxxxxxxx
[843265000] READ WORD = xxxxxxxx
[843885000] READ WORD = xxxxxxxx
[844505000] READ WORD = xxxxxxxx
[845125000] READ WORD = xxxxxxxx
[845745000] READ WORD = xxxxxxxx
[846365000] READ WORD = xxxxxxxx
[846985000] READ WORD = xxxxxxxx
[847605000] READ WORD = xxxxxxxx
[848225000] READ WORD = xxxxxxxx
[848845000] READ WORD = xxxxxxxx
[849465000] READ WORD = xxxxxxxx
[850085000] READ WORD = xxxxxxxx
[850705000] READ WORD = xxxxxxxx
[851325000] READ WORD = xxxxxxxx
[851945000] READ WORD = xxxxxxxx
[852565000] READ WORD = xxxxxxxx
[853185000] READ WORD = xxxxxxxx
[853805000] READ WORD = xxxxxxxx
[854425000] READ WORD = xxxxxxxx
[855045000] READ WORD = xxxxxxxx
[855665000] READ WORD = xxxxxxxx
[856285000] READ WORD = xxxxxxxx
[856905000] READ WORD = xxxxxxxx
[857525000] READ WORD = xxxxxxxx
[858145000] READ WORD = xxxxxxxx
[858765000] READ WORD = xxxxxxxx
[859385000] READ WORD = xxxxxxxx
[860005000] READ WORD = xxxxxxxx
[860625000] READ WORD = xxxxxxxx
[861245000] READ WORD = xxxxxxxx
[861865000] READ WORD = xxxxxxxx
[862485000] READ WORD = xxxxxxxx
[863105000] READ WORD = xxxxxxxx
[863725000] READ WORD = xxxxxxxx
[864345000] READ WORD = xxxxxxxx
[864965000] READ WORD = xxxxxxxx
[865585000] READ WORD = xxxxxxxx
[866205000] READ WORD = xxxxxxxx
[866825000] READ WORD = xxxxxxxx
[867445000] READ WORD = xxxxxxxx
[868065000] READ WORD = xxxxxxxx
[868685000] READ WORD = xxxxxxxx
[869305000] READ WORD = xxxxxxxx
[869925000] READ WORD = xxxxxxxx
[870545000] READ WORD = xxxxxxxx
[871165000] READ WORD = xxxxxxxx
[871785000] READ WORD = xxxxxxxx
[872405000] READ WORD = xxxxxxxx
[873025000] READ WORD = xxxxxxxx
[873645000] READ WORD = xxxxxxxx
[874265000] READ WORD = xxxxxxxx
[874885000] READ WORD = xxxxxxxx
[875505000] READ WORD = xxxxxxxx
[876125000] READ WORD = xxxxxxxx
[876745000] READ WORD = xxxxxxxx
[877365000] READ WORD = xxxxxxxx
[877985000] READ WORD = xxxxxxxx
[878605000] READ WORD = xxxxxxxx
[879225000] READ WORD = xxxxxxxx
[879845000] READ WORD = xxxxxxxx
[880465000] READ WORD = xxxxxxxx
[881085000] READ WORD = xxxxxxxx
[881705000] READ WORD = xxxxxxxx
[882325000] READ WORD = xxxxxxxx
[882945000] READ WORD = xxxxxxxx
[883565000] READ WORD = xxxxxxxx
[884185000] READ WORD = xxxxxxxx
[884805000] READ WORD = xxxxxxxx
[885425000] READ WORD = xxxxxxxx
[886045000] READ WORD = xxxxxxxx
[886665000] READ WORD = xxxxxxxx
[887285000] READ WORD = xxxxxxxx
[887905000] READ WORD = xxxxxxxx
[888525000] READ WORD = xxxxxxxx
[889145000] READ WORD = xxxxxxxx
[889765000] READ WORD = xxxxxxxx
[890385000] READ WORD = xxxxxxxx
[891005000] READ WORD = xxxxxxxx
[891625000] READ WORD = xxxxxxxx
[892245000] READ WORD = xxxxxxxx
[892865000] READ WORD = xxxxxxxx
[893485000] READ WORD = xxxxxxxx
[894105000] READ WORD = xxxxxxxx
[894725000] READ WORD = xxxxxxxx
[895345000] READ WORD = xxxxxxxx
[895965000] READ WORD = xxxxxxxx
[896585000] READ WORD = xxxxxxxx
[897205000] READ WORD = xxxxxxxx
[897825000] READ WORD = xxxxxxxx
[898445000] READ WORD = xxxxxxxx
[899065000] READ WORD = xxxxxxxx
[899685000] READ WORD = xxxxxxxx
[900305000] READ WORD = xxxxxxxx
[900925000] READ WORD = xxxxxxxx
[901545000] READ WORD = xxxxxxxx
[902165000] READ WORD = xxxxxxxx
[902785000] READ WORD = xxxxxxxx
[903405000] READ WORD = xxxxxxxx
[904025000] READ WORD = xxxxxxxx
[904645000] READ WORD = xxxxxxxx
[905265000] READ WORD = xxxxxxxx
[905885000] READ WORD = xxxxxxxx
[906505000] READ WORD = xxxxxxxx
[907125000] READ WORD = xxxxxxxx
[907745000] READ WORD = xxxxxxxx
[908365000] READ WORD = xxxxxxxx
[908985000] READ WORD = xxxxxxxx
[909605000] READ WORD = xxxxxxxx
[910225000] READ WORD = xxxxxxxx
[910845000] READ WORD = xxxxxxxx
[911465000] READ WORD = xxxxxxxx
[912085000] READ WORD = xxxxxxxx
[912705000] READ WORD = xxxxxxxx
[913325000] READ WORD = xxxxxxxx
[913945000] READ WORD = xxxxxxxx
[914565000] READ WORD = xxxxxxxx
[915185000] READ WORD = xxxxxxxx
[915805000] READ WORD = xxxxxxxx
[916425000] READ WORD = xxxxxxxx
[917045000] READ WORD = xxxxxxxx
[917665000] READ WORD = xxxxxxxx
[918285000] READ WORD = xxxxxxxx
[918905000] READ WORD = xxxxxxxx
[919525000] READ WORD = xxxxxxxx
[920145000] READ WORD = xxxxxxxx
[920765000] READ WORD = xxxxxxxx
[921385000] READ WORD = xxxxxxxx
[922005000] READ WORD = xxxxxxxx
[922625000] READ WORD = xxxxxxxx
[923245000] READ WORD = xxxxxxxx
[923865000] READ WORD = xxxxxxxx
[924485000] READ WORD = xxxxxxxx
[925105000] READ WORD = xxxxxxxx
[925725000] READ WORD = xxxxxxxx
[926345000] READ WORD = xxxxxxxx
[926965000] READ WORD = xxxxxxxx
[927585000] READ WORD = xxxxxxxx
[928205000] READ WORD = xxxxxxxx
[928825000] READ WORD = xxxxxxxx
[929445000] READ WORD = xxxxxxxx
[930065000] READ WORD = xxxxxxxx
[930685000] READ WORD = xxxxxxxx
[931305000] READ WORD = xxxxxxxx
[931925000] READ WORD = xxxxxxxx
[932545000] READ WORD = xxxxxxxx
[933165000] READ WORD = xxxxxxxx
[933785000] READ WORD = xxxxxxxx
[934405000] READ WORD = xxxxxxxx
[935025000] READ WORD = xxxxxxxx
[935645000] READ WORD = xxxxxxxx
[936265000] READ WORD = xxxxxxxx
[936885000] READ WORD = xxxxxxxx
[937505000] READ WORD = xxxxxxxx
[938125000] READ WORD = xxxxxxxx
[938745000] READ WORD = xxxxxxxx
[939365000] READ WORD = xxxxxxxx
[939985000] READ WORD = xxxxxxxx
[940605000] READ WORD = xxxxxxxx
[941225000] READ WORD = xxxxxxxx
[941845000] READ WORD = xxxxxxxx
[942465000] READ WORD = xxxxxxxx
[943085000] READ WORD = xxxxxxxx
[943705000] READ WORD = xxxxxxxx
[944325000] READ WORD = xxxxxxxx
[944945000] READ WORD = xxxxxxxx
[945565000] READ WORD = xxxxxxxx
[946185000] READ WORD = xxxxxxxx
[946805000] READ WORD = xxxxxxxx
[947425000] READ WORD = xxxxxxxx
[948045000] READ WORD = xxxxxxxx
[948665000] READ WORD = xxxxxxxx
[949285000] READ WORD = xxxxxxxx
[949905000] READ WORD = xxxxxxxx
[950525000] READ WORD = xxxxxxxx
[951145000] READ WORD = xxxxxxxx
[951765000] READ WORD = xxxxxxxx
[952385000] READ WORD = xxxxxxxx
[953005000] READ WORD = xxxxxxxx
[953625000] READ WORD = xxxxxxxx
[954245000] READ WORD = xxxxxxxx
[954865000] READ WORD = xxxxxxxx
[955485000] READ WORD = xxxxxxxx
[956105000] READ WORD = xxxxxxxx
[956725000] READ WORD = xxxxxxxx
[957345000] READ WORD = xxxxxxxx
[957965000] READ WORD = xxxxxxxx
[958585000] READ WORD = xxxxxxxx
[959205000] READ WORD = xxxxxxxx
[959825000] READ WORD = xxxxxxxx
[960445000] READ WORD = xxxxxxxx
[961065000] READ WORD = xxxxxxxx
[961685000] READ WORD = xxxxxxxx
[962305000] READ WORD = xxxxxxxx
[962925000] READ WORD = xxxxxxxx
[963545000] READ WORD = xxxxxxxx
[964165000] READ WORD = xxxxxxxx
[964785000] READ WORD = xxxxxxxx
[965405000] READ WORD = xxxxxxxx
[966025000] READ WORD = xxxxxxxx
[966645000] READ WORD = xxxxxxxx
[967265000] READ WORD = xxxxxxxx
[967885000] READ WORD = xxxxxxxx
[968505000] READ WORD = xxxxxxxx
[969125000] READ WORD = xxxxxxxx
[969745000] READ WORD = xxxxxxxx
[970365000] READ WORD = xxxxxxxx
[970985000] READ WORD = xxxxxxxx
[971605000] READ WORD = xxxxxxxx
[972225000] READ WORD = xxxxxxxx
[972845000] READ WORD = xxxxxxxx
[973465000] READ WORD = xxxxxxxx
[974085000] READ WORD = xxxxxxxx
[974705000] READ WORD = xxxxxxxx
[975325000] READ WORD = xxxxxxxx
[975945000] READ WORD = xxxxxxxx
[976565000] READ WORD = xxxxxxxx
[977185000] READ WORD = xxxxxxxx
[977805000] READ WORD = xxxxxxxx
[978425000] READ WORD = xxxxxxxx
[979045000] READ WORD = xxxxxxxx
[979665000] READ WORD = xxxxxxxx
[980285000] READ WORD = xxxxxxxx
[980905000] READ WORD = xxxxxxxx
[981525000] READ WORD = xxxxxxxx
[982145000] READ WORD = xxxxxxxx
[982765000] READ WORD = xxxxxxxx
[983385000] READ WORD = xxxxxxxx
[984005000] READ WORD = xxxxxxxx
[984625000] READ WORD = xxxxxxxx
[985245000] READ WORD = xxxxxxxx
[985865000] READ WORD = xxxxxxxx
[986485000] READ WORD = xxxxxxxx
[987105000] READ WORD = xxxxxxxx
[987725000] READ WORD = xxxxxxxx
[988345000] READ WORD = xxxxxxxx
[988965000] READ WORD = xxxxxxxx
[989585000] READ WORD = xxxxxxxx
[990205000] READ WORD = xxxxxxxx
[990825000] READ WORD = xxxxxxxx
[991445000] READ WORD = xxxxxxxx
[992065000] READ WORD = xxxxxxxx
[992685000] READ WORD = xxxxxxxx
[993305000] READ WORD = xxxxxxxx
[993925000] READ WORD = xxxxxxxx
[994545000] READ WORD = xxxxxxxx
[995165000] READ WORD = xxxxxxxx
[995785000] READ WORD = xxxxxxxx
[996405000] READ WORD = xxxxxxxx
[997025000] READ WORD = xxxxxxxx
[997645000] READ WORD = xxxxxxxx
[998265000] READ WORD = xxxxxxxx
[998885000] READ WORD = xxxxxxxx
[999505000] READ WORD = xxxxxxxx
[1000125000] READ WORD = xxxxxxxx
[1000745000] READ WORD = xxxxxxxx
current_wave_config {tb_flash_behav.wcfg}
tb_flash_behav.wcfg
add_wave {{/tb_flash/wait_pending}} 
current_wave_config {tb_flash_behav.wcfg}
tb_flash_behav.wcfg
add_wave {{/tb_flash/bit_idx}} 
current_wave_config {tb_flash_behav.wcfg}
tb_flash_behav.wcfg
add_wave {{/tb_flash/bit_cnt}} 
relaunch_sim
Command: launch_simulation -step compile -simset sim_1 -mode behavioral
INFO: [Vivado 12-12493] Simulation top is 'tb_flash'
WARNING: [Vivado 12-13340] Unable to auto find GCC executables from simulator install path! (path not set)
INFO: [Vivado 12-5698] Checking validity of IPs in the design for the 'XSim' simulator...
INFO: [Vivado 12-5682] Launching behavioral simulation in 'C:/Users/SIVA DHANUSH REDDY/Downloads/SPI_Bootloader/Spi_Flashcontroller.sim/sim_1/behav/xsim'
INFO: [Vivado 12-4795] Using compiled simulation libraries for IPs
INFO: [SIM-utils-51] Simulation object is 'sim_1'
INFO: [SIM-utils-72] Using boost library from 'C:/Xilinx/Vivado/2024.2/tps/boost_1_72_0'
INFO: [USF-XSim-7] Finding pre-compiled libraries...
INFO: [USF-XSim-11] File 'C:/Xilinx/Vivado/2024.2/data/xsim/xsim.ini' copied to run dir:'C:/Users/SIVA DHANUSH REDDY/Downloads/SPI_Bootloader/Spi_Flashcontroller.sim/sim_1/behav/xsim'
INFO: [SIM-utils-54] Inspecting design source files for 'tb_flash' in fileset 'sim_1'...
INFO: [USF-XSim-97] Finding global include files...
INFO: [USF-XSim-100] Fetching design files from 'sources_1'...(this may take a while)...
INFO: [USF-XSim-101] Fetching design files from 'sim_1'...
INFO: [USF-XSim-2] XSim::Compile design
INFO: [USF-XSim-61] Executing 'COMPILE and ANALYZE' step in 'C:/Users/SIVA DHANUSH REDDY/Downloads/SPI_Bootloader/Spi_Flashcontroller.sim/sim_1/behav/xsim'
"xvlog --incr --relax -L uvm -prj tb_flash_vlog.prj"
INFO: [USF-XSim-69] 'compile' step finished in '4' seconds
Command: launch_simulation -step elaborate -simset sim_1 -mode behavioral
INFO: [Vivado 12-12493] Simulation top is 'tb_flash'
WARNING: [Vivado 12-13340] Unable to auto find GCC executables from simulator install path! (path not set)
INFO: [Vivado 12-5698] Checking validity of IPs in the design for the 'XSim' simulator...
INFO: [Vivado 12-5682] Launching behavioral simulation in 'C:/Users/SIVA DHANUSH REDDY/Downloads/SPI_Bootloader/Spi_Flashcontroller.sim/sim_1/behav/xsim'
INFO: [Vivado 12-4795] Using compiled simulation libraries for IPs
INFO: [SIM-utils-51] Simulation object is 'sim_1'
INFO: [USF-XSim-3] XSim::Elaborate design
INFO: [USF-XSim-61] Executing 'ELABORATE' step in 'C:/Users/SIVA DHANUSH REDDY/Downloads/SPI_Bootloader/Spi_Flashcontroller.sim/sim_1/behav/xsim'
"xelab --incr --debug typical --relax --mt 2 -L xil_defaultlib -L blk_mem_gen_v8_4_9 -L uvm -L unisims_ver -L unimacro_ver -L secureip -L xpm --snapshot tb_flash_behav xil_defaultlib.tb_flash xil_defaultlib.glbl -log elaborate.log"
Vivado Simulator v2024.2.0
Copyright 1986-2022 Xilinx, Inc. All Rights Reserved.
Copyright 2022-2024 Advanced Micro Devices, Inc. All Rights Reserved.
Running: C:/Xilinx/Vivado/2024.2/bin/unwrapped/win64.o/xelab.exe --incr --debug typical --relax --mt 2 -L xil_defaultlib -L blk_mem_gen_v8_4_9 -L uvm -L unisims_ver -L unimacro_ver -L secureip -L xpm --snapshot tb_flash_behav xil_defaultlib.tb_flash xil_defaultlib.glbl -log elaborate.log 
Using 2 slave threads.
Starting static elaboration
Pass Through NonSizing Optimizer
Completed static elaboration
INFO: [XSIM 43-4323] No Change in HDL. Linking previously generated obj files to create kernel
INFO: [USF-XSim-69] 'elaborate' step finished in '4' seconds
Time resolution is 1 ps
relaunch_sim: Time (s): cpu = 00:00:04 ; elapsed = 00:00:10 . Memory (MB): peak = 3275.973 ; gain = 0.000
WARNING: [filemgmt 56-199] Attempt to get parsing info during refresh. "On-the-fly" syntax checking information may be incorrect. [C:\Users\SIVA DHANUSH REDDY\Downloads\SPI_Bootloader\Spi_Flashcontroller.srcs\sources_1\new\pc_reader.v:]
WARNING: [filemgmt 56-199] Attempt to get parsing info during refresh. "On-the-fly" syntax checking information may be incorrect. [C:\Users\SIVA DHANUSH REDDY\Downloads\SPI_Bootloader\Spi_Flashcontroller.srcs\sources_1\new\top_module.v:]
WARNING: [filemgmt 56-199] Attempt to get parsing info during refresh. "On-the-fly" syntax checking information may be incorrect. [C:\Users\SIVA DHANUSH REDDY\Downloads\SPI_Bootloader\Spi_Flashcontroller.srcs\sim_1\new\flash_tb.v:]
WARNING: [filemgmt 56-199] Attempt to get parsing info during refresh. "On-the-fly" syntax checking information may be incorrect. [C:\Users\SIVA DHANUSH REDDY\Downloads\SPI_Bootloader\Spi_Flashcontroller.srcs\sources_1\new\Spi_flashcontroller.v:]
WARNING: [filemgmt 56-199] Attempt to get parsing info during refresh. "On-the-fly" syntax checking information may be incorrect. [C:\Users\SIVA DHANUSH REDDY\Downloads\SPI_Bootloader\Spi_Flashcontroller.srcs\sim_1\new\flash_tb.v:]
WARNING: [filemgmt 56-199] Attempt to get parsing info during refresh. "On-the-fly" syntax checking information may be incorrect. [C:\Users\SIVA DHANUSH REDDY\Downloads\SPI_Bootloader\Spi_Flashcontroller.srcs\sim_1\new\flash_tb.v:]
WARNING: [filemgmt 56-199] Attempt to get parsing info during refresh. "On-the-fly" syntax checking information may be incorrect. [C:\Users\SIVA DHANUSH REDDY\Downloads\SPI_Bootloader\Spi_Flashcontroller.srcs\sources_1\new\pc_reader.v:]
WARNING: [filemgmt 56-199] Attempt to get parsing info during refresh. "On-the-fly" syntax checking information may be incorrect. [C:\Users\SIVA DHANUSH REDDY\Downloads\SPI_Bootloader\Spi_Flashcontroller.srcs\sources_1\new\top_module.v:]
WARNING: [filemgmt 56-199] Attempt to get parsing info during refresh. "On-the-fly" syntax checking information may be incorrect. [C:\Users\SIVA DHANUSH REDDY\Downloads\SPI_Bootloader\Spi_Flashcontroller.srcs\sim_1\new\flash_tb.v:]
WARNING: [filemgmt 56-199] Attempt to get parsing info during refresh. "On-the-fly" syntax checking information may be incorrect. [C:\Users\SIVA DHANUSH REDDY\Downloads\SPI_Bootloader\Spi_Flashcontroller.srcs\sources_1\new\Spi_flashcontroller.v:]
WARNING: [filemgmt 56-199] Attempt to get parsing info during refresh. "On-the-fly" syntax checking information may be incorrect. [C:\Users\SIVA DHANUSH REDDY\Downloads\SPI_Bootloader\Spi_Flashcontroller.srcs\sources_1\new\pc_reader.v:]
WARNING: [filemgmt 56-199] Attempt to get parsing info during refresh. "On-the-fly" syntax checking information may be incorrect. [C:\Users\SIVA DHANUSH REDDY\Downloads\SPI_Bootloader\Spi_Flashcontroller.srcs\sources_1\new\pc_reader.v:]
ERROR: [Common 17-180] Spawn failed: No error
ERROR: [Common 17-180] Spawn failed: No error
WARNING: [filemgmt 56-199] Attempt to get parsing info during refresh. "On-the-fly" syntax checking information may be incorrect. [C:\Users\SIVA DHANUSH REDDY\Downloads\SPI_Bootloader\Spi_Flashcontroller.srcs\sources_1\new\pc_reader.v:]
WARNING: [filemgmt 56-199] Attempt to get parsing info during refresh. "On-the-fly" syntax checking information may be incorrect. [C:\Users\SIVA DHANUSH REDDY\Downloads\SPI_Bootloader\Spi_Flashcontroller.srcs\sources_1\new\top_module.v:]
WARNING: [filemgmt 56-199] Attempt to get parsing info during refresh. "On-the-fly" syntax checking information may be incorrect. [C:\Users\SIVA DHANUSH REDDY\Downloads\SPI_Bootloader\Spi_Flashcontroller.srcs\sim_1\new\flash_tb.v:]
WARNING: [filemgmt 56-199] Attempt to get parsing info during refresh. "On-the-fly" syntax checking information may be incorrect. [C:\Users\SIVA DHANUSH REDDY\Downloads\SPI_Bootloader\Spi_Flashcontroller.srcs\sources_1\new\Spi_flashcontroller.v:]
WARNING: [filemgmt 56-199] Attempt to get parsing info during refresh. "On-the-fly" syntax checking information may be incorrect. [C:\Users\SIVA DHANUSH REDDY\Downloads\SPI_Bootloader\Spi_Flashcontroller.srcs\sources_1\new\Spi_flashcontroller.v:]
WARNING: [filemgmt 56-199] Attempt to get parsing info during refresh. "On-the-fly" syntax checking information may be incorrect. [C:\Users\SIVA DHANUSH REDDY\Downloads\SPI_Bootloader\Spi_Flashcontroller.srcs\sources_1\new\Spi_flashcontroller.v:]
WARNING: [filemgmt 56-199] Attempt to get parsing info during refresh. "On-the-fly" syntax checking information may be incorrect. [C:\Users\SIVA DHANUSH REDDY\Downloads\SPI_Bootloader\Spi_Flashcontroller.srcs\sources_1\new\pc_reader.v:]
WARNING: [filemgmt 56-199] Attempt to get parsing info during refresh. "On-the-fly" syntax checking information may be incorrect. [C:\Users\SIVA DHANUSH REDDY\Downloads\SPI_Bootloader\Spi_Flashcontroller.srcs\sources_1\new\top_module.v:]
WARNING: [filemgmt 56-199] Attempt to get parsing info during refresh. "On-the-fly" syntax checking information may be incorrect. [C:\Users\SIVA DHANUSH REDDY\Downloads\SPI_Bootloader\Spi_Flashcontroller.srcs\sim_1\new\flash_tb.v:]
WARNING: [filemgmt 56-199] Attempt to get parsing info during refresh. "On-the-fly" syntax checking information may be incorrect. [C:\Users\SIVA DHANUSH REDDY\Downloads\SPI_Bootloader\Spi_Flashcontroller.srcs\sources_1\new\Spi_flashcontroller.v:]
WARNING: [filemgmt 56-199] Attempt to get parsing info during refresh. "On-the-fly" syntax checking information may be incorrect. [C:\Users\SIVA DHANUSH REDDY\Downloads\SPI_Bootloader\Spi_Flashcontroller.srcs\sim_1\new\flash_tb.v:]
WARNING: [filemgmt 56-199] Attempt to get parsing info during refresh. "On-the-fly" syntax checking information may be incorrect. [C:\Users\SIVA DHANUSH REDDY\Downloads\SPI_Bootloader\Spi_Flashcontroller.srcs\sim_1\new\flash_tb.v:]
WARNING: [filemgmt 56-199] Attempt to get parsing info during refresh. "On-the-fly" syntax checking information may be incorrect. [C:\Users\SIVA DHANUSH REDDY\Downloads\SPI_Bootloader\Spi_Flashcontroller.srcs\sources_1\new\pc_reader.v:]
WARNING: [filemgmt 56-199] Attempt to get parsing info during refresh. "On-the-fly" syntax checking information may be incorrect. [C:\Users\SIVA DHANUSH REDDY\Downloads\SPI_Bootloader\Spi_Flashcontroller.srcs\sources_1\new\top_module.v:]
WARNING: [filemgmt 56-199] Attempt to get parsing info during refresh. "On-the-fly" syntax checking information may be incorrect. [C:\Users\SIVA DHANUSH REDDY\Downloads\SPI_Bootloader\Spi_Flashcontroller.srcs\sim_1\new\flash_tb.v:]
WARNING: [filemgmt 56-199] Attempt to get parsing info during refresh. "On-the-fly" syntax checking information may be incorrect. [C:\Users\SIVA DHANUSH REDDY\Downloads\SPI_Bootloader\Spi_Flashcontroller.srcs\sources_1\new\Spi_flashcontroller.v:]
WARNING: [filemgmt 56-199] Attempt to get parsing info during refresh. "On-the-fly" syntax checking information may be incorrect. [C:\Users\SIVA DHANUSH REDDY\Downloads\SPI_Bootloader\Spi_Flashcontroller.srcs\sources_1\new\pc_reader.v:]
WARNING: [filemgmt 56-199] Attempt to get parsing info during refresh. "On-the-fly" syntax checking information may be incorrect. [C:\Users\SIVA DHANUSH REDDY\Downloads\SPI_Bootloader\Spi_Flashcontroller.srcs\sources_1\new\pc_reader.v:]
ERROR: [Common 17-180] Spawn failed: No error
WARNING: [filemgmt 56-199] Attempt to get parsing info during refresh. "On-the-fly" syntax checking information may be incorrect. [C:\Users\SIVA DHANUSH REDDY\Downloads\SPI_Bootloader\Spi_Flashcontroller.srcs\sources_1\new\pc_reader.v:]
WARNING: [filemgmt 56-199] Attempt to get parsing info during refresh. "On-the-fly" syntax checking information may be incorrect. [C:\Users\SIVA DHANUSH REDDY\Downloads\SPI_Bootloader\Spi_Flashcontroller.srcs\sources_1\new\top_module.v:]
WARNING: [filemgmt 56-199] Attempt to get parsing info during refresh. "On-the-fly" syntax checking information may be incorrect. [C:\Users\SIVA DHANUSH REDDY\Downloads\SPI_Bootloader\Spi_Flashcontroller.srcs\sim_1\new\flash_tb.v:]
WARNING: [filemgmt 56-199] Attempt to get parsing info during refresh. "On-the-fly" syntax checking information may be incorrect. [C:\Users\SIVA DHANUSH REDDY\Downloads\SPI_Bootloader\Spi_Flashcontroller.srcs\sources_1\new\Spi_flashcontroller.v:]
WARNING: [filemgmt 56-199] Attempt to get parsing info during refresh. "On-the-fly" syntax checking information may be incorrect. [C:\Users\SIVA DHANUSH REDDY\Downloads\SPI_Bootloader\Spi_Flashcontroller.srcs\sources_1\new\Spi_flashcontroller.v:]
WARNING: [filemgmt 56-199] Attempt to get parsing info during refresh. "On-the-fly" syntax checking information may be incorrect. [C:\Users\SIVA DHANUSH REDDY\Downloads\SPI_Bootloader\Spi_Flashcontroller.srcs\sources_1\new\Spi_flashcontroller.v:]
ERROR: [Common 17-180] Spawn failed: No error
relaunch_sim
Command: launch_simulation -step compile -simset sim_1 -mode behavioral
INFO: [Vivado 12-12493] Simulation top is 'tb_flash'
WARNING: [Vivado 12-13340] Unable to auto find GCC executables from simulator install path! (path not set)
INFO: [Vivado 12-5698] Checking validity of IPs in the design for the 'XSim' simulator...
INFO: [Vivado 12-5682] Launching behavioral simulation in 'C:/Users/SIVA DHANUSH REDDY/Downloads/SPI_Bootloader/Spi_Flashcontroller.sim/sim_1/behav/xsim'
INFO: [Vivado 12-4795] Using compiled simulation libraries for IPs
INFO: [SIM-utils-51] Simulation object is 'sim_1'
INFO: [USF-XSim-2] XSim::Compile design
INFO: [USF-XSim-61] Executing 'COMPILE and ANALYZE' step in 'C:/Users/SIVA DHANUSH REDDY/Downloads/SPI_Bootloader/Spi_Flashcontroller.sim/sim_1/behav/xsim'
"xvlog --incr --relax -L uvm -prj tb_flash_vlog.prj"
INFO: [VRFC 10-2263] Analyzing Verilog file "C:/Users/SIVA DHANUSH REDDY/Downloads/SPI_Bootloader/Spi_Flashcontroller.gen/sources_1/ip/blk_mem_gen_0/sim/blk_mem_gen_0.v" into library xil_defaultlib
INFO: [VRFC 10-311] analyzing module blk_mem_gen_0
INFO: [VRFC 10-2263] Analyzing Verilog file "C:/Users/SIVA DHANUSH REDDY/Downloads/SPI_Bootloader/Spi_Flashcontroller.srcs/sources_1/new/SPI_Test.v" into library xil_defaultlib
INFO: [VRFC 10-311] analyzing module SPI_Driver
INFO: [VRFC 10-2263] Analyzing Verilog file "C:/Users/SIVA DHANUSH REDDY/Downloads/SPI_Bootloader/Spi_Flashcontroller.srcs/sources_1/new/Spi_flashcontroller.v" into library xil_defaultlib
INFO: [VRFC 10-311] analyzing module Spi_flash_controller
INFO: [VRFC 10-2263] Analyzing Verilog file "C:/Users/SIVA DHANUSH REDDY/Downloads/SPI_Bootloader/Spi_Flashcontroller.srcs/sources_1/new/Bulkerase.v" into library xil_defaultlib
INFO: [VRFC 10-311] analyzing module BULK_ERASE
INFO: [VRFC 10-2263] Analyzing Verilog file "C:/Users/SIVA DHANUSH REDDY/Downloads/SPI_Bootloader/Spi_Flashcontroller.srcs/sources_1/new/LED_DRIVER.v" into library xil_defaultlib
INFO: [VRFC 10-311] analyzing module led_driver
INFO: [VRFC 10-2263] Analyzing Verilog file "C:/Users/SIVA DHANUSH REDDY/Downloads/SPI_Bootloader/Spi_Flashcontroller.srcs/sources_1/new/pc_reader.v" into library xil_defaultlib
INFO: [VRFC 10-311] analyzing module pc_reader
INFO: [VRFC 10-2263] Analyzing Verilog file "C:/Users/SIVA DHANUSH REDDY/Downloads/SPI_Bootloader/Spi_Flashcontroller.srcs/sources_1/new/top_module.v" into library xil_defaultlib
INFO: [VRFC 10-311] analyzing module top_flash
INFO: [VRFC 10-2263] Analyzing Verilog file "C:/Users/SIVA DHANUSH REDDY/Downloads/Spi_Flashcontroller/Spi_Flashcontroller.srcs/sim_1/new/Tb_pi.v" into library xil_defaultlib
INFO: [VRFC 10-311] analyzing module tb_SPI_Driver
INFO: [VRFC 10-2263] Analyzing Verilog file "C:/Users/SIVA DHANUSH REDDY/Downloads/SPI_Bootloader/Spi_Flashcontroller.srcs/sim_1/new/flash_tb.v" into library xil_defaultlib
INFO: [VRFC 10-311] analyzing module tb_flash
INFO: [VRFC 10-2263] Analyzing Verilog file "C:/Users/SIVA DHANUSH REDDY/Downloads/SPI_Bootloader/Spi_Flashcontroller.srcs/sim_1/new/tb_practice.v" into library xil_defaultlib
run_program: Time (s): cpu = 00:00:02 ; elapsed = 00:00:12 . Memory (MB): peak = 3708.523 ; gain = 0.000
INFO: [USF-XSim-69] 'compile' step finished in '12' seconds
launch_simulation: Time (s): cpu = 00:00:02 ; elapsed = 00:00:12 . Memory (MB): peak = 3708.523 ; gain = 0.000
Command: launch_simulation -step elaborate -simset sim_1 -mode behavioral
INFO: [Vivado 12-12493] Simulation top is 'tb_flash'
WARNING: [Vivado 12-13340] Unable to auto find GCC executables from simulator install path! (path not set)
INFO: [Vivado 12-5698] Checking validity of IPs in the design for the 'XSim' simulator...
INFO: [Vivado 12-5682] Launching behavioral simulation in 'C:/Users/SIVA DHANUSH REDDY/Downloads/SPI_Bootloader/Spi_Flashcontroller.sim/sim_1/behav/xsim'
INFO: [Vivado 12-4795] Using compiled simulation libraries for IPs
INFO: [SIM-utils-51] Simulation object is 'sim_1'
INFO: [USF-XSim-3] XSim::Elaborate design
INFO: [USF-XSim-61] Executing 'ELABORATE' step in 'C:/Users/SIVA DHANUSH REDDY/Downloads/SPI_Bootloader/Spi_Flashcontroller.sim/sim_1/behav/xsim'
"xelab --incr --debug typical --relax --mt 2 -L xil_defaultlib -L blk_mem_gen_v8_4_9 -L uvm -L unisims_ver -L unimacro_ver -L secureip -L xpm --snapshot tb_flash_behav xil_defaultlib.tb_flash xil_defaultlib.glbl -log elaborate.log"
Vivado Simulator v2024.2.0
Copyright 1986-2022 Xilinx, Inc. All Rights Reserved.
Copyright 2022-2024 Advanced Micro Devices, Inc. All Rights Reserved.
Running: C:/Xilinx/Vivado/2024.2/bin/unwrapped/win64.o/xelab.exe --incr --debug typical --relax --mt 2 -L xil_defaultlib -L blk_mem_gen_v8_4_9 -L uvm -L unisims_ver -L unimacro_ver -L secureip -L xpm --snapshot tb_flash_behav xil_defaultlib.tb_flash xil_defaultlib.glbl -log elaborate.log 
Using 2 slave threads.
Starting static elaboration
Pass Through NonSizing Optimizer
Completed static elaboration
Starting simulation data flow analysis
Completed simulation data flow analysis
Time Resolution for simulation is 1ps
Compiling module xil_defaultlib.Spi_flash_controller
Compiling module xil_defaultlib.tb_flash
Compiling module xil_defaultlib.glbl
Built simulation snapshot tb_flash_behav
INFO: [USF-XSim-69] 'elaborate' step finished in '3' seconds
Time resolution is 1 ps
relaunch_sim: Time (s): cpu = 00:00:04 ; elapsed = 00:00:17 . Memory (MB): peak = 3708.523 ; gain = 0.000
run 1000 us
[1305000] READ WORD = Z4ca900e
[1925000] READ WORD = 02620800
[2545000] READ WORD = 10111800
[3165000] READ WORD = 029901e1
[3785000] READ WORD = f07c8400
[4405000] READ WORD = 007fffff
[5025000] READ WORD = ffXxxxxx
[5645000] READ WORD = xxxxxxxx
[6265000] READ WORD = xxxxxxxx
[6885000] READ WORD = xxxxxxxx
[7505000] READ WORD = xxxxxxxx
[8125000] READ WORD = xxxxxxxx
[8745000] READ WORD = xxxxxxxx
[9365000] READ WORD = xxxxxxxx
[9985000] READ WORD = xxxxxxxx
[10605000] READ WORD = xxxxxxxx
[11225000] READ WORD = xxxxxxxx
[11845000] READ WORD = xxxxxxxx
[12465000] READ WORD = xxxxxxxx
[13085000] READ WORD = xxxxxxxx
[13705000] READ WORD = xxxxxxxx
[14325000] READ WORD = xxxxxxxx
[14945000] READ WORD = xxxxxxxx
[15565000] READ WORD = xxxxxxxx
[16185000] READ WORD = xxxxxxxx
[16805000] READ WORD = xxxxxxxx
[17425000] READ WORD = xxxxxxxx
[18045000] READ WORD = xxxxxxxx
[18665000] READ WORD = xxxxxxxx
[19285000] READ WORD = xxxxxxxx
[19905000] READ WORD = xxxxxxxx
[20525000] READ WORD = xxxxxxxx
[21145000] READ WORD = xxxxxxxx
[21765000] READ WORD = xxxxxxxx
[22385000] READ WORD = xxxxxxxx
[23005000] READ WORD = xxxxxxxx
[23625000] READ WORD = xxxxxxxx
[24245000] READ WORD = xxxxxxxx
[24865000] READ WORD = xxxxxxxx
[25485000] READ WORD = xxxxxxxx
[26105000] READ WORD = xxxxxxxx
[26725000] READ WORD = xxxxxxxx
[27345000] READ WORD = xxxxxxxx
[27965000] READ WORD = xxxxxxxx
[28585000] READ WORD = xxxxxxxx
[29205000] READ WORD = xxxxxxxx
[29825000] READ WORD = xxxxxxxx
[30445000] READ WORD = xxxxxxxx
[31065000] READ WORD = xxxxxxxx
[31685000] READ WORD = xxxxxxxx
[32305000] READ WORD = xxxxxxxx
[32925000] READ WORD = xxxxxxxx
[33545000] READ WORD = xxxxxxxx
[34165000] READ WORD = xxxxxxxx
[34785000] READ WORD = xxxxxxxx
[35405000] READ WORD = xxxxxxxx
[36025000] READ WORD = xxxxxxxx
[36645000] READ WORD = xxxxxxxx
[37265000] READ WORD = xxxxxxxx
[37885000] READ WORD = xxxxxxxx
[38505000] READ WORD = xxxxxxxx
[39125000] READ WORD = xxxxxxxx
[39745000] READ WORD = xxxxxxxx
[40365000] READ WORD = xxxxxxxx
[40985000] READ WORD = xxxxxxxx
[41605000] READ WORD = xxxxxxxx
[42225000] READ WORD = xxxxxxxx
[42845000] READ WORD = xxxxxxxx
[43465000] READ WORD = xxxxxxxx
[44085000] READ WORD = xxxxxxxx
[44705000] READ WORD = xxxxxxxx
[45325000] READ WORD = xxxxxxxx
[45945000] READ WORD = xxxxxxxx
[46565000] READ WORD = xxxxxxxx
[47185000] READ WORD = xxxxxxxx
[47805000] READ WORD = xxxxxxxx
[48425000] READ WORD = xxxxxxxx
[49045000] READ WORD = xxxxxxxx
[49665000] READ WORD = xxxxxxxx
[50285000] READ WORD = xxxxxxxx
[50905000] READ WORD = xxxxxxxx
[51525000] READ WORD = xxxxxxxx
[52145000] READ WORD = xxxxxxxx
[52765000] READ WORD = xxxxxxxx
[53385000] READ WORD = xxxxxxxx
[54005000] READ WORD = xxxxxxxx
[54625000] READ WORD = xxxxxxxx
[55245000] READ WORD = xxxxxxxx
[55865000] READ WORD = xxxxxxxx
[56485000] READ WORD = xxxxxxxx
[57105000] READ WORD = xxxxxxxx
[57725000] READ WORD = xxxxxxxx
[58345000] READ WORD = xxxxxxxx
[58965000] READ WORD = xxxxxxxx
[59585000] READ WORD = xxxxxxxx
[60205000] READ WORD = xxxxxxxx
[60825000] READ WORD = xxxxxxxx
[61445000] READ WORD = xxxxxxxx
[62065000] READ WORD = xxxxxxxx
[62685000] READ WORD = xxxxxxxx
[63305000] READ WORD = xxxxxxxx
[63925000] READ WORD = xxxxxxxx
[64545000] READ WORD = xxxxxxxx
[65165000] READ WORD = xxxxxxxx
[65785000] READ WORD = xxxxxxxx
[66405000] READ WORD = xxxxxxxx
[67025000] READ WORD = xxxxxxxx
[67645000] READ WORD = xxxxxxxx
[68265000] READ WORD = xxxxxxxx
[68885000] READ WORD = xxxxxxxx
[69505000] READ WORD = xxxxxxxx
[70125000] READ WORD = xxxxxxxx
[70745000] READ WORD = xxxxxxxx
[71365000] READ WORD = xxxxxxxx
[71985000] READ WORD = xxxxxxxx
[72605000] READ WORD = xxxxxxxx
[73225000] READ WORD = xxxxxxxx
[73845000] READ WORD = xxxxxxxx
[74465000] READ WORD = xxxxxxxx
[75085000] READ WORD = xxxxxxxx
[75705000] READ WORD = xxxxxxxx
[76325000] READ WORD = xxxxxxxx
[76945000] READ WORD = xxxxxxxx
[77565000] READ WORD = xxxxxxxx
[78185000] READ WORD = xxxxxxxx
[78805000] READ WORD = xxxxxxxx
[79425000] READ WORD = xxxxxxxx
[80045000] READ WORD = xxxxxxxx
[80665000] READ WORD = xxxxxxxx
[81285000] READ WORD = xxxxxxxx
[81905000] READ WORD = xxxxxxxx
[82525000] READ WORD = xxxxxxxx
[83145000] READ WORD = xxxxxxxx
[83765000] READ WORD = xxxxxxxx
[84385000] READ WORD = xxxxxxxx
[85005000] READ WORD = xxxxxxxx
[85625000] READ WORD = xxxxxxxx
[86245000] READ WORD = xxxxxxxx
[86865000] READ WORD = xxxxxxxx
[87485000] READ WORD = xxxxxxxx
[88105000] READ WORD = xxxxxxxx
[88725000] READ WORD = xxxxxxxx
[89345000] READ WORD = xxxxxxxx
[89965000] READ WORD = xxxxxxxx
[90585000] READ WORD = xxxxxxxx
[91205000] READ WORD = xxxxxxxx
[91825000] READ WORD = xxxxxxxx
[92445000] READ WORD = xxxxxxxx
[93065000] READ WORD = xxxxxxxx
[93685000] READ WORD = xxxxxxxx
[94305000] READ WORD = xxxxxxxx
[94925000] READ WORD = xxxxxxxx
[95545000] READ WORD = xxxxxxxx
[96165000] READ WORD = xxxxxxxx
[96785000] READ WORD = xxxxxxxx
[97405000] READ WORD = xxxxxxxx
[98025000] READ WORD = xxxxxxxx
[98645000] READ WORD = xxxxxxxx
[99265000] READ WORD = xxxxxxxx
[99885000] READ WORD = xxxxxxxx
[100505000] READ WORD = xxxxxxxx
[101125000] READ WORD = xxxxxxxx
[101745000] READ WORD = xxxxxxxx
[102365000] READ WORD = xxxxxxxx
[102985000] READ WORD = xxxxxxxx
[103605000] READ WORD = xxxxxxxx
[104225000] READ WORD = xxxxxxxx
[104845000] READ WORD = xxxxxxxx
[105465000] READ WORD = xxxxxxxx
[106085000] READ WORD = xxxxxxxx
[106705000] READ WORD = xxxxxxxx
[107325000] READ WORD = xxxxxxxx
[107945000] READ WORD = xxxxxxxx
[108565000] READ WORD = xxxxxxxx
[109185000] READ WORD = xxxxxxxx
[109805000] READ WORD = xxxxxxxx
[110425000] READ WORD = xxxxxxxx
[111045000] READ WORD = xxxxxxxx
[111665000] READ WORD = xxxxxxxx
[112285000] READ WORD = xxxxxxxx
[112905000] READ WORD = xxxxxxxx
[113525000] READ WORD = xxxxxxxx
[114145000] READ WORD = xxxxxxxx
[114765000] READ WORD = xxxxxxxx
[115385000] READ WORD = xxxxxxxx
[116005000] READ WORD = xxxxxxxx
[116625000] READ WORD = xxxxxxxx
[117245000] READ WORD = xxxxxxxx
[117865000] READ WORD = xxxxxxxx
[118485000] READ WORD = xxxxxxxx
[119105000] READ WORD = xxxxxxxx
[119725000] READ WORD = xxxxxxxx
[120345000] READ WORD = xxxxxxxx
[120965000] READ WORD = xxxxxxxx
[121585000] READ WORD = xxxxxxxx
[122205000] READ WORD = xxxxxxxx
[122825000] READ WORD = xxxxxxxx
[123445000] READ WORD = xxxxxxxx
[124065000] READ WORD = xxxxxxxx
[124685000] READ WORD = xxxxxxxx
[125305000] READ WORD = xxxxxxxx
[125925000] READ WORD = xxxxxxxx
[126545000] READ WORD = xxxxxxxx
[127165000] READ WORD = xxxxxxxx
[127785000] READ WORD = xxxxxxxx
[128405000] READ WORD = xxxxxxxx
[129025000] READ WORD = xxxxxxxx
[129645000] READ WORD = xxxxxxxx
[130265000] READ WORD = xxxxxxxx
[130885000] READ WORD = xxxxxxxx
[131505000] READ WORD = xxxxxxxx
[132125000] READ WORD = xxxxxxxx
[132745000] READ WORD = xxxxxxxx
[133365000] READ WORD = xxxxxxxx
[133985000] READ WORD = xxxxxxxx
[134605000] READ WORD = xxxxxxxx
[135225000] READ WORD = xxxxxxxx
[135845000] READ WORD = xxxxxxxx
[136465000] READ WORD = xxxxxxxx
[137085000] READ WORD = xxxxxxxx
[137705000] READ WORD = xxxxxxxx
[138325000] READ WORD = xxxxxxxx
[138945000] READ WORD = xxxxxxxx
[139565000] READ WORD = xxxxxxxx
[140185000] READ WORD = xxxxxxxx
[140805000] READ WORD = xxxxxxxx
[141425000] READ WORD = xxxxxxxx
[142045000] READ WORD = xxxxxxxx
[142665000] READ WORD = xxxxxxxx
[143285000] READ WORD = xxxxxxxx
[143905000] READ WORD = xxxxxxxx
[144525000] READ WORD = xxxxxxxx
[145145000] READ WORD = xxxxxxxx
[145765000] READ WORD = xxxxxxxx
[146385000] READ WORD = xxxxxxxx
[147005000] READ WORD = xxxxxxxx
[147625000] READ WORD = xxxxxxxx
[148245000] READ WORD = xxxxxxxx
[148865000] READ WORD = xxxxxxxx
[149485000] READ WORD = xxxxxxxx
[150105000] READ WORD = xxxxxxxx
[150725000] READ WORD = xxxxxxxx
[151345000] READ WORD = xxxxxxxx
[151965000] READ WORD = xxxxxxxx
[152585000] READ WORD = xxxxxxxx
[153205000] READ WORD = xxxxxxxx
[153825000] READ WORD = xxxxxxxx
[154445000] READ WORD = xxxxxxxx
[155065000] READ WORD = xxxxxxxx
[155685000] READ WORD = xxxxxxxx
[156305000] READ WORD = xxxxxxxx
[156925000] READ WORD = xxxxxxxx
[157545000] READ WORD = xxxxxxxx
[158165000] READ WORD = xxxxxxxx
[158785000] READ WORD = xxxxxxxx
[159405000] READ WORD = xxxxxxxx
[160025000] READ WORD = xxxxxxxx
[160645000] READ WORD = xxxxxxxx
[161265000] READ WORD = xxxxxxxx
[161885000] READ WORD = xxxxxxxx
[162505000] READ WORD = xxxxxxxx
[163125000] READ WORD = xxxxxxxx
[163745000] READ WORD = xxxxxxxx
[164365000] READ WORD = xxxxxxxx
[164985000] READ WORD = xxxxxxxx
[165605000] READ WORD = xxxxxxxx
[166225000] READ WORD = xxxxxxxx
[166845000] READ WORD = xxxxxxxx
[167465000] READ WORD = xxxxxxxx
[168085000] READ WORD = xxxxxxxx
[168705000] READ WORD = xxxxxxxx
[169325000] READ WORD = xxxxxxxx
[169945000] READ WORD = xxxxxxxx
[170565000] READ WORD = xxxxxxxx
[171185000] READ WORD = xxxxxxxx
[171805000] READ WORD = xxxxxxxx
[172425000] READ WORD = xxxxxxxx
[173045000] READ WORD = xxxxxxxx
[173665000] READ WORD = xxxxxxxx
[174285000] READ WORD = xxxxxxxx
[174905000] READ WORD = xxxxxxxx
[175525000] READ WORD = xxxxxxxx
[176145000] READ WORD = xxxxxxxx
[176765000] READ WORD = xxxxxxxx
[177385000] READ WORD = xxxxxxxx
[178005000] READ WORD = xxxxxxxx
[178625000] READ WORD = xxxxxxxx
[179245000] READ WORD = xxxxxxxx
[179865000] READ WORD = xxxxxxxx
[180485000] READ WORD = xxxxxxxx
[181105000] READ WORD = xxxxxxxx
[181725000] READ WORD = xxxxxxxx
[182345000] READ WORD = xxxxxxxx
[182965000] READ WORD = xxxxxxxx
[183585000] READ WORD = xxxxxxxx
[184205000] READ WORD = xxxxxxxx
[184825000] READ WORD = xxxxxxxx
[185445000] READ WORD = xxxxxxxx
[186065000] READ WORD = xxxxxxxx
[186685000] READ WORD = xxxxxxxx
[187305000] READ WORD = xxxxxxxx
[187925000] READ WORD = xxxxxxxx
[188545000] READ WORD = xxxxxxxx
[189165000] READ WORD = xxxxxxxx
[189785000] READ WORD = xxxxxxxx
[190405000] READ WORD = xxxxxxxx
[191025000] READ WORD = xxxxxxxx
[191645000] READ WORD = xxxxxxxx
[192265000] READ WORD = xxxxxxxx
[192885000] READ WORD = xxxxxxxx
[193505000] READ WORD = xxxxxxxx
[194125000] READ WORD = xxxxxxxx
[194745000] READ WORD = xxxxxxxx
[195365000] READ WORD = xxxxxxxx
[195985000] READ WORD = xxxxxxxx
[196605000] READ WORD = xxxxxxxx
[197225000] READ WORD = xxxxxxxx
[197845000] READ WORD = xxxxxxxx
[198465000] READ WORD = xxxxxxxx
[199085000] READ WORD = xxxxxxxx
[199705000] READ WORD = xxxxxxxx
[200325000] READ WORD = xxxxxxxx
[200945000] READ WORD = xxxxxxxx
[201565000] READ WORD = xxxxxxxx
[202185000] READ WORD = xxxxxxxx
[202805000] READ WORD = xxxxxxxx
[203425000] READ WORD = xxxxxxxx
[204045000] READ WORD = xxxxxxxx
[204665000] READ WORD = xxxxxxxx
[205285000] READ WORD = xxxxxxxx
[205905000] READ WORD = xxxxxxxx
[206525000] READ WORD = xxxxxxxx
[207145000] READ WORD = xxxxxxxx
[207765000] READ WORD = xxxxxxxx
[208385000] READ WORD = xxxxxxxx
[209005000] READ WORD = xxxxxxxx
[209625000] READ WORD = xxxxxxxx
[210245000] READ WORD = xxxxxxxx
[210865000] READ WORD = xxxxxxxx
[211485000] READ WORD = xxxxxxxx
[212105000] READ WORD = xxxxxxxx
[212725000] READ WORD = xxxxxxxx
[213345000] READ WORD = xxxxxxxx
[213965000] READ WORD = xxxxxxxx
[214585000] READ WORD = xxxxxxxx
[215205000] READ WORD = xxxxxxxx
[215825000] READ WORD = xxxxxxxx
[216445000] READ WORD = xxxxxxxx
[217065000] READ WORD = xxxxxxxx
[217685000] READ WORD = xxxxxxxx
[218305000] READ WORD = xxxxxxxx
[218925000] READ WORD = xxxxxxxx
[219545000] READ WORD = xxxxxxxx
[220165000] READ WORD = xxxxxxxx
[220785000] READ WORD = xxxxxxxx
[221405000] READ WORD = xxxxxxxx
[222025000] READ WORD = xxxxxxxx
[222645000] READ WORD = xxxxxxxx
[223265000] READ WORD = xxxxxxxx
[223885000] READ WORD = xxxxxxxx
[224505000] READ WORD = xxxxxxxx
[225125000] READ WORD = xxxxxxxx
[225745000] READ WORD = xxxxxxxx
[226365000] READ WORD = xxxxxxxx
[226985000] READ WORD = xxxxxxxx
[227605000] READ WORD = xxxxxxxx
[228225000] READ WORD = xxxxxxxx
[228845000] READ WORD = xxxxxxxx
[229465000] READ WORD = xxxxxxxx
[230085000] READ WORD = xxxxxxxx
[230705000] READ WORD = xxxxxxxx
[231325000] READ WORD = xxxxxxxx
[231945000] READ WORD = xxxxxxxx
[232565000] READ WORD = xxxxxxxx
[233185000] READ WORD = xxxxxxxx
[233805000] READ WORD = xxxxxxxx
[234425000] READ WORD = xxxxxxxx
[235045000] READ WORD = xxxxxxxx
[235665000] READ WORD = xxxxxxxx
[236285000] READ WORD = xxxxxxxx
[236905000] READ WORD = xxxxxxxx
[237525000] READ WORD = xxxxxxxx
[238145000] READ WORD = xxxxxxxx
[238765000] READ WORD = xxxxxxxx
[239385000] READ WORD = xxxxxxxx
[240005000] READ WORD = xxxxxxxx
[240625000] READ WORD = xxxxxxxx
[241245000] READ WORD = xxxxxxxx
[241865000] READ WORD = xxxxxxxx
[242485000] READ WORD = xxxxxxxx
[243105000] READ WORD = xxxxxxxx
[243725000] READ WORD = xxxxxxxx
[244345000] READ WORD = xxxxxxxx
[244965000] READ WORD = xxxxxxxx
[245585000] READ WORD = xxxxxxxx
[246205000] READ WORD = xxxxxxxx
[246825000] READ WORD = xxxxxxxx
[247445000] READ WORD = xxxxxxxx
[248065000] READ WORD = xxxxxxxx
[248685000] READ WORD = xxxxxxxx
[249305000] READ WORD = xxxxxxxx
[249925000] READ WORD = xxxxxxxx
[250545000] READ WORD = xxxxxxxx
[251165000] READ WORD = xxxxxxxx
[251785000] READ WORD = xxxxxxxx
[252405000] READ WORD = xxxxxxxx
[253025000] READ WORD = xxxxxxxx
[253645000] READ WORD = xxxxxxxx
[254265000] READ WORD = xxxxxxxx
[254885000] READ WORD = xxxxxxxx
[255505000] READ WORD = xxxxxxxx
[256125000] READ WORD = xxxxxxxx
[256745000] READ WORD = xxxxxxxx
[257365000] READ WORD = xxxxxxxx
[257985000] READ WORD = xxxxxxxx
[258605000] READ WORD = xxxxxxxx
[259225000] READ WORD = xxxxxxxx
[259845000] READ WORD = xxxxxxxx
[260465000] READ WORD = xxxxxxxx
[261085000] READ WORD = xxxxxxxx
[261705000] READ WORD = xxxxxxxx
[262325000] READ WORD = xxxxxxxx
[262945000] READ WORD = xxxxxxxx
[263565000] READ WORD = xxxxxxxx
[264185000] READ WORD = xxxxxxxx
[264805000] READ WORD = xxxxxxxx
[265425000] READ WORD = xxxxxxxx
[266045000] READ WORD = xxxxxxxx
[266665000] READ WORD = xxxxxxxx
[267285000] READ WORD = xxxxxxxx
[267905000] READ WORD = xxxxxxxx
[268525000] READ WORD = xxxxxxxx
[269145000] READ WORD = xxxxxxxx
[269765000] READ WORD = xxxxxxxx
[270385000] READ WORD = xxxxxxxx
[271005000] READ WORD = xxxxxxxx
[271625000] READ WORD = xxxxxxxx
[272245000] READ WORD = xxxxxxxx
[272865000] READ WORD = xxxxxxxx
[273485000] READ WORD = xxxxxxxx
[274105000] READ WORD = xxxxxxxx
[274725000] READ WORD = xxxxxxxx
[275345000] READ WORD = xxxxxxxx
[275965000] READ WORD = xxxxxxxx
[276585000] READ WORD = xxxxxxxx
[277205000] READ WORD = xxxxxxxx
[277825000] READ WORD = xxxxxxxx
[278445000] READ WORD = xxxxxxxx
[279065000] READ WORD = xxxxxxxx
[279685000] READ WORD = xxxxxxxx
[280305000] READ WORD = xxxxxxxx
[280925000] READ WORD = xxxxxxxx
[281545000] READ WORD = xxxxxxxx
[282165000] READ WORD = xxxxxxxx
[282785000] READ WORD = xxxxxxxx
[283405000] READ WORD = xxxxxxxx
[284025000] READ WORD = xxxxxxxx
[284645000] READ WORD = xxxxxxxx
[285265000] READ WORD = xxxxxxxx
[285885000] READ WORD = xxxxxxxx
[286505000] READ WORD = xxxxxxxx
[287125000] READ WORD = xxxxxxxx
[287745000] READ WORD = xxxxxxxx
[288365000] READ WORD = xxxxxxxx
[288985000] READ WORD = xxxxxxxx
[289605000] READ WORD = xxxxxxxx
[290225000] READ WORD = xxxxxxxx
[290845000] READ WORD = xxxxxxxx
[291465000] READ WORD = xxxxxxxx
[292085000] READ WORD = xxxxxxxx
[292705000] READ WORD = xxxxxxxx
[293325000] READ WORD = xxxxxxxx
[293945000] READ WORD = xxxxxxxx
[294565000] READ WORD = xxxxxxxx
[295185000] READ WORD = xxxxxxxx
[295805000] READ WORD = xxxxxxxx
[296425000] READ WORD = xxxxxxxx
[297045000] READ WORD = xxxxxxxx
[297665000] READ WORD = xxxxxxxx
[298285000] READ WORD = xxxxxxxx
[298905000] READ WORD = xxxxxxxx
[299525000] READ WORD = xxxxxxxx
[300145000] READ WORD = xxxxxxxx
[300765000] READ WORD = xxxxxxxx
[301385000] READ WORD = xxxxxxxx
[302005000] READ WORD = xxxxxxxx
[302625000] READ WORD = xxxxxxxx
[303245000] READ WORD = xxxxxxxx
[303865000] READ WORD = xxxxxxxx
[304485000] READ WORD = xxxxxxxx
[305105000] READ WORD = xxxxxxxx
[305725000] READ WORD = xxxxxxxx
[306345000] READ WORD = xxxxxxxx
[306965000] READ WORD = xxxxxxxx
[307585000] READ WORD = xxxxxxxx
[308205000] READ WORD = xxxxxxxx
[308825000] READ WORD = xxxxxxxx
[309445000] READ WORD = xxxxxxxx
[310065000] READ WORD = xxxxxxxx
[310685000] READ WORD = xxxxxxxx
[311305000] READ WORD = xxxxxxxx
[311925000] READ WORD = xxxxxxxx
[312545000] READ WORD = xxxxxxxx
[313165000] READ WORD = xxxxxxxx
[313785000] READ WORD = xxxxxxxx
[314405000] READ WORD = xxxxxxxx
[315025000] READ WORD = xxxxxxxx
[315645000] READ WORD = xxxxxxxx
[316265000] READ WORD = xxxxxxxx
[316885000] READ WORD = xxxxxxxx
[317505000] READ WORD = xxxxxxxx
[318125000] READ WORD = xxxxxxxx
[318745000] READ WORD = xxxxxxxx
[319365000] READ WORD = xxxxxxxx
[319985000] READ WORD = xxxxxxxx
[320605000] READ WORD = xxxxxxxx
[321225000] READ WORD = xxxxxxxx
[321845000] READ WORD = xxxxxxxx
[322465000] READ WORD = xxxxxxxx
[323085000] READ WORD = xxxxxxxx
[323705000] READ WORD = xxxxxxxx
[324325000] READ WORD = xxxxxxxx
[324945000] READ WORD = xxxxxxxx
[325565000] READ WORD = xxxxxxxx
[326185000] READ WORD = xxxxxxxx
[326805000] READ WORD = xxxxxxxx
[327425000] READ WORD = xxxxxxxx
[328045000] READ WORD = xxxxxxxx
[328665000] READ WORD = xxxxxxxx
[329285000] READ WORD = xxxxxxxx
[329905000] READ WORD = xxxxxxxx
[330525000] READ WORD = xxxxxxxx
[331145000] READ WORD = xxxxxxxx
[331765000] READ WORD = xxxxxxxx
[332385000] READ WORD = xxxxxxxx
[333005000] READ WORD = xxxxxxxx
[333625000] READ WORD = xxxxxxxx
[334245000] READ WORD = xxxxxxxx
[334865000] READ WORD = xxxxxxxx
[335485000] READ WORD = xxxxxxxx
[336105000] READ WORD = xxxxxxxx
[336725000] READ WORD = xxxxxxxx
[337345000] READ WORD = xxxxxxxx
[337965000] READ WORD = xxxxxxxx
[338585000] READ WORD = xxxxxxxx
[339205000] READ WORD = xxxxxxxx
[339825000] READ WORD = xxxxxxxx
[340445000] READ WORD = xxxxxxxx
[341065000] READ WORD = xxxxxxxx
[341685000] READ WORD = xxxxxxxx
[342305000] READ WORD = xxxxxxxx
[342925000] READ WORD = xxxxxxxx
[343545000] READ WORD = xxxxxxxx
[344165000] READ WORD = xxxxxxxx
[344785000] READ WORD = xxxxxxxx
[345405000] READ WORD = xxxxxxxx
[346025000] READ WORD = xxxxxxxx
[346645000] READ WORD = xxxxxxxx
[347265000] READ WORD = xxxxxxxx
[347885000] READ WORD = xxxxxxxx
[348505000] READ WORD = xxxxxxxx
[349125000] READ WORD = xxxxxxxx
[349745000] READ WORD = xxxxxxxx
[350365000] READ WORD = xxxxxxxx
[350985000] READ WORD = xxxxxxxx
[351605000] READ WORD = xxxxxxxx
[352225000] READ WORD = xxxxxxxx
[352845000] READ WORD = xxxxxxxx
[353465000] READ WORD = xxxxxxxx
[354085000] READ WORD = xxxxxxxx
[354705000] READ WORD = xxxxxxxx
[355325000] READ WORD = xxxxxxxx
[355945000] READ WORD = xxxxxxxx
[356565000] READ WORD = xxxxxxxx
[357185000] READ WORD = xxxxxxxx
[357805000] READ WORD = xxxxxxxx
[358425000] READ WORD = xxxxxxxx
[359045000] READ WORD = xxxxxxxx
[359665000] READ WORD = xxxxxxxx
[360285000] READ WORD = xxxxxxxx
[360905000] READ WORD = xxxxxxxx
[361525000] READ WORD = xxxxxxxx
[362145000] READ WORD = xxxxxxxx
[362765000] READ WORD = xxxxxxxx
[363385000] READ WORD = xxxxxxxx
[364005000] READ WORD = xxxxxxxx
[364625000] READ WORD = xxxxxxxx
[365245000] READ WORD = xxxxxxxx
[365865000] READ WORD = xxxxxxxx
[366485000] READ WORD = xxxxxxxx
[367105000] READ WORD = xxxxxxxx
[367725000] READ WORD = xxxxxxxx
[368345000] READ WORD = xxxxxxxx
[368965000] READ WORD = xxxxxxxx
[369585000] READ WORD = xxxxxxxx
[370205000] READ WORD = xxxxxxxx
[370825000] READ WORD = xxxxxxxx
[371445000] READ WORD = xxxxxxxx
[372065000] READ WORD = xxxxxxxx
[372685000] READ WORD = xxxxxxxx
[373305000] READ WORD = xxxxxxxx
[373925000] READ WORD = xxxxxxxx
[374545000] READ WORD = xxxxxxxx
[375165000] READ WORD = xxxxxxxx
[375785000] READ WORD = xxxxxxxx
[376405000] READ WORD = xxxxxxxx
[377025000] READ WORD = xxxxxxxx
[377645000] READ WORD = xxxxxxxx
[378265000] READ WORD = xxxxxxxx
[378885000] READ WORD = xxxxxxxx
[379505000] READ WORD = xxxxxxxx
[380125000] READ WORD = xxxxxxxx
[380745000] READ WORD = xxxxxxxx
[381365000] READ WORD = xxxxxxxx
[381985000] READ WORD = xxxxxxxx
[382605000] READ WORD = xxxxxxxx
[383225000] READ WORD = xxxxxxxx
[383845000] READ WORD = xxxxxxxx
[384465000] READ WORD = xxxxxxxx
[385085000] READ WORD = xxxxxxxx
[385705000] READ WORD = xxxxxxxx
[386325000] READ WORD = xxxxxxxx
[386945000] READ WORD = xxxxxxxx
[387565000] READ WORD = xxxxxxxx
[388185000] READ WORD = xxxxxxxx
[388805000] READ WORD = xxxxxxxx
[389425000] READ WORD = xxxxxxxx
[390045000] READ WORD = xxxxxxxx
[390665000] READ WORD = xxxxxxxx
[391285000] READ WORD = xxxxxxxx
[391905000] READ WORD = xxxxxxxx
[392525000] READ WORD = xxxxxxxx
[393145000] READ WORD = xxxxxxxx
[393765000] READ WORD = xxxxxxxx
[394385000] READ WORD = xxxxxxxx
[395005000] READ WORD = xxxxxxxx
[395625000] READ WORD = xxxxxxxx
[396245000] READ WORD = xxxxxxxx
[396865000] READ WORD = xxxxxxxx
[397485000] READ WORD = xxxxxxxx
[398105000] READ WORD = xxxxxxxx
[398725000] READ WORD = xxxxxxxx
[399345000] READ WORD = xxxxxxxx
[399965000] READ WORD = xxxxxxxx
[400585000] READ WORD = xxxxxxxx
[401205000] READ WORD = xxxxxxxx
[401825000] READ WORD = xxxxxxxx
[402445000] READ WORD = xxxxxxxx
[403065000] READ WORD = xxxxxxxx
[403685000] READ WORD = xxxxxxxx
[404305000] READ WORD = xxxxxxxx
[404925000] READ WORD = xxxxxxxx
[405545000] READ WORD = xxxxxxxx
[406165000] READ WORD = xxxxxxxx
[406785000] READ WORD = xxxxxxxx
[407405000] READ WORD = xxxxxxxx
[408025000] READ WORD = xxxxxxxx
[408645000] READ WORD = xxxxxxxx
[409265000] READ WORD = xxxxxxxx
[409885000] READ WORD = xxxxxxxx
[410505000] READ WORD = xxxxxxxx
[411125000] READ WORD = xxxxxxxx
[411745000] READ WORD = xxxxxxxx
[412365000] READ WORD = xxxxxxxx
[412985000] READ WORD = xxxxxxxx
[413605000] READ WORD = xxxxxxxx
[414225000] READ WORD = xxxxxxxx
[414845000] READ WORD = xxxxxxxx
[415465000] READ WORD = xxxxxxxx
[416085000] READ WORD = xxxxxxxx
[416705000] READ WORD = xxxxxxxx
[417325000] READ WORD = xxxxxxxx
[417945000] READ WORD = xxxxxxxx
[418565000] READ WORD = xxxxxxxx
[419185000] READ WORD = xxxxxxxx
[419805000] READ WORD = xxxxxxxx
[420425000] READ WORD = xxxxxxxx
[421045000] READ WORD = xxxxxxxx
[421665000] READ WORD = xxxxxxxx
[422285000] READ WORD = xxxxxxxx
[422905000] READ WORD = xxxxxxxx
[423525000] READ WORD = xxxxxxxx
[424145000] READ WORD = xxxxxxxx
[424765000] READ WORD = xxxxxxxx
[425385000] READ WORD = xxxxxxxx
[426005000] READ WORD = xxxxxxxx
[426625000] READ WORD = xxxxxxxx
[427245000] READ WORD = xxxxxxxx
[427865000] READ WORD = xxxxxxxx
[428485000] READ WORD = xxxxxxxx
[429105000] READ WORD = xxxxxxxx
[429725000] READ WORD = xxxxxxxx
[430345000] READ WORD = xxxxxxxx
[430965000] READ WORD = xxxxxxxx
[431585000] READ WORD = xxxxxxxx
[432205000] READ WORD = xxxxxxxx
[432825000] READ WORD = xxxxxxxx
[433445000] READ WORD = xxxxxxxx
[434065000] READ WORD = xxxxxxxx
[434685000] READ WORD = xxxxxxxx
[435305000] READ WORD = xxxxxxxx
[435925000] READ WORD = xxxxxxxx
[436545000] READ WORD = xxxxxxxx
[437165000] READ WORD = xxxxxxxx
[437785000] READ WORD = xxxxxxxx
[438405000] READ WORD = xxxxxxxx
[439025000] READ WORD = xxxxxxxx
[439645000] READ WORD = xxxxxxxx
[440265000] READ WORD = xxxxxxxx
[440885000] READ WORD = xxxxxxxx
[441505000] READ WORD = xxxxxxxx
[442125000] READ WORD = xxxxxxxx
[442745000] READ WORD = xxxxxxxx
[443365000] READ WORD = xxxxxxxx
[443985000] READ WORD = xxxxxxxx
[444605000] READ WORD = xxxxxxxx
[445225000] READ WORD = xxxxxxxx
[445845000] READ WORD = xxxxxxxx
[446465000] READ WORD = xxxxxxxx
[447085000] READ WORD = xxxxxxxx
[447705000] READ WORD = xxxxxxxx
[448325000] READ WORD = xxxxxxxx
[448945000] READ WORD = xxxxxxxx
[449565000] READ WORD = xxxxxxxx
[450185000] READ WORD = xxxxxxxx
[450805000] READ WORD = xxxxxxxx
[451425000] READ WORD = xxxxxxxx
[452045000] READ WORD = xxxxxxxx
[452665000] READ WORD = xxxxxxxx
[453285000] READ WORD = xxxxxxxx
[453905000] READ WORD = xxxxxxxx
[454525000] READ WORD = xxxxxxxx
[455145000] READ WORD = xxxxxxxx
[455765000] READ WORD = xxxxxxxx
[456385000] READ WORD = xxxxxxxx
[457005000] READ WORD = xxxxxxxx
[457625000] READ WORD = xxxxxxxx
[458245000] READ WORD = xxxxxxxx
[458865000] READ WORD = xxxxxxxx
[459485000] READ WORD = xxxxxxxx
[460105000] READ WORD = xxxxxxxx
[460725000] READ WORD = xxxxxxxx
[461345000] READ WORD = xxxxxxxx
[461965000] READ WORD = xxxxxxxx
[462585000] READ WORD = xxxxxxxx
[463205000] READ WORD = xxxxxxxx
[463825000] READ WORD = xxxxxxxx
[464445000] READ WORD = xxxxxxxx
[465065000] READ WORD = xxxxxxxx
[465685000] READ WORD = xxxxxxxx
[466305000] READ WORD = xxxxxxxx
[466925000] READ WORD = xxxxxxxx
[467545000] READ WORD = xxxxxxxx
[468165000] READ WORD = xxxxxxxx
[468785000] READ WORD = xxxxxxxx
[469405000] READ WORD = xxxxxxxx
[470025000] READ WORD = xxxxxxxx
[470645000] READ WORD = xxxxxxxx
[471265000] READ WORD = xxxxxxxx
[471885000] READ WORD = xxxxxxxx
[472505000] READ WORD = xxxxxxxx
[473125000] READ WORD = xxxxxxxx
[473745000] READ WORD = xxxxxxxx
[474365000] READ WORD = xxxxxxxx
[474985000] READ WORD = xxxxxxxx
[475605000] READ WORD = xxxxxxxx
[476225000] READ WORD = xxxxxxxx
[476845000] READ WORD = xxxxxxxx
[477465000] READ WORD = xxxxxxxx
[478085000] READ WORD = xxxxxxxx
[478705000] READ WORD = xxxxxxxx
[479325000] READ WORD = xxxxxxxx
[479945000] READ WORD = xxxxxxxx
[480565000] READ WORD = xxxxxxxx
[481185000] READ WORD = xxxxxxxx
[481805000] READ WORD = xxxxxxxx
[482425000] READ WORD = xxxxxxxx
[483045000] READ WORD = xxxxxxxx
[483665000] READ WORD = xxxxxxxx
[484285000] READ WORD = xxxxxxxx
[484905000] READ WORD = xxxxxxxx
[485525000] READ WORD = xxxxxxxx
[486145000] READ WORD = xxxxxxxx
[486765000] READ WORD = xxxxxxxx
[487385000] READ WORD = xxxxxxxx
[488005000] READ WORD = xxxxxxxx
[488625000] READ WORD = xxxxxxxx
[489245000] READ WORD = xxxxxxxx
[489865000] READ WORD = xxxxxxxx
[490485000] READ WORD = xxxxxxxx
[491105000] READ WORD = xxxxxxxx
[491725000] READ WORD = xxxxxxxx
[492345000] READ WORD = xxxxxxxx
[492965000] READ WORD = xxxxxxxx
[493585000] READ WORD = xxxxxxxx
[494205000] READ WORD = xxxxxxxx
[494825000] READ WORD = xxxxxxxx
[495445000] READ WORD = xxxxxxxx
[496065000] READ WORD = xxxxxxxx
[496685000] READ WORD = xxxxxxxx
[497305000] READ WORD = xxxxxxxx
[497925000] READ WORD = xxxxxxxx
[498545000] READ WORD = xxxxxxxx
[499165000] READ WORD = xxxxxxxx
[499785000] READ WORD = xxxxxxxx
[500405000] READ WORD = xxxxxxxx
[501025000] READ WORD = xxxxxxxx
[501645000] READ WORD = xxxxxxxx
[502265000] READ WORD = xxxxxxxx
[502885000] READ WORD = xxxxxxxx
[503505000] READ WORD = xxxxxxxx
[504125000] READ WORD = xxxxxxxx
[504745000] READ WORD = xxxxxxxx
[505365000] READ WORD = xxxxxxxx
[505985000] READ WORD = xxxxxxxx
[506605000] READ WORD = xxxxxxxx
[507225000] READ WORD = xxxxxxxx
[507845000] READ WORD = xxxxxxxx
[508465000] READ WORD = xxxxxxxx
[509085000] READ WORD = xxxxxxxx
[509705000] READ WORD = xxxxxxxx
[510325000] READ WORD = xxxxxxxx
[510945000] READ WORD = xxxxxxxx
[511565000] READ WORD = xxxxxxxx
[512185000] READ WORD = xxxxxxxx
[512805000] READ WORD = xxxxxxxx
[513425000] READ WORD = xxxxxxxx
[514045000] READ WORD = xxxxxxxx
[514665000] READ WORD = xxxxxxxx
[515285000] READ WORD = xxxxxxxx
[515905000] READ WORD = xxxxxxxx
[516525000] READ WORD = xxxxxxxx
[517145000] READ WORD = xxxxxxxx
[517765000] READ WORD = xxxxxxxx
[518385000] READ WORD = xxxxxxxx
[519005000] READ WORD = xxxxxxxx
[519625000] READ WORD = xxxxxxxx
[520245000] READ WORD = xxxxxxxx
[520865000] READ WORD = xxxxxxxx
[521485000] READ WORD = xxxxxxxx
[522105000] READ WORD = xxxxxxxx
[522725000] READ WORD = xxxxxxxx
[523345000] READ WORD = xxxxxxxx
[523965000] READ WORD = xxxxxxxx
[524585000] READ WORD = xxxxxxxx
[525205000] READ WORD = xxxxxxxx
[525825000] READ WORD = xxxxxxxx
[526445000] READ WORD = xxxxxxxx
[527065000] READ WORD = xxxxxxxx
[527685000] READ WORD = xxxxxxxx
[528305000] READ WORD = xxxxxxxx
[528925000] READ WORD = xxxxxxxx
[529545000] READ WORD = xxxxxxxx
[530165000] READ WORD = xxxxxxxx
[530785000] READ WORD = xxxxxxxx
[531405000] READ WORD = xxxxxxxx
[532025000] READ WORD = xxxxxxxx
[532645000] READ WORD = xxxxxxxx
[533265000] READ WORD = xxxxxxxx
[533885000] READ WORD = xxxxxxxx
[534505000] READ WORD = xxxxxxxx
[535125000] READ WORD = xxxxxxxx
[535745000] READ WORD = xxxxxxxx
[536365000] READ WORD = xxxxxxxx
[536985000] READ WORD = xxxxxxxx
[537605000] READ WORD = xxxxxxxx
[538225000] READ WORD = xxxxxxxx
[538845000] READ WORD = xxxxxxxx
[539465000] READ WORD = xxxxxxxx
[540085000] READ WORD = xxxxxxxx
[540705000] READ WORD = xxxxxxxx
[541325000] READ WORD = xxxxxxxx
[541945000] READ WORD = xxxxxxxx
[542565000] READ WORD = xxxxxxxx
[543185000] READ WORD = xxxxxxxx
[543805000] READ WORD = xxxxxxxx
[544425000] READ WORD = xxxxxxxx
[545045000] READ WORD = xxxxxxxx
[545665000] READ WORD = xxxxxxxx
[546285000] READ WORD = xxxxxxxx
[546905000] READ WORD = xxxxxxxx
[547525000] READ WORD = xxxxxxxx
[548145000] READ WORD = xxxxxxxx
[548765000] READ WORD = xxxxxxxx
[549385000] READ WORD = xxxxxxxx
[550005000] READ WORD = xxxxxxxx
[550625000] READ WORD = xxxxxxxx
[551245000] READ WORD = xxxxxxxx
[551865000] READ WORD = xxxxxxxx
[552485000] READ WORD = xxxxxxxx
[553105000] READ WORD = xxxxxxxx
[553725000] READ WORD = xxxxxxxx
[554345000] READ WORD = xxxxxxxx
[554965000] READ WORD = xxxxxxxx
[555585000] READ WORD = xxxxxxxx
[556205000] READ WORD = xxxxxxxx
[556825000] READ WORD = xxxxxxxx
[557445000] READ WORD = xxxxxxxx
[558065000] READ WORD = xxxxxxxx
[558685000] READ WORD = xxxxxxxx
[559305000] READ WORD = xxxxxxxx
[559925000] READ WORD = xxxxxxxx
[560545000] READ WORD = xxxxxxxx
[561165000] READ WORD = xxxxxxxx
[561785000] READ WORD = xxxxxxxx
[562405000] READ WORD = xxxxxxxx
[563025000] READ WORD = xxxxxxxx
[563645000] READ WORD = xxxxxxxx
[564265000] READ WORD = xxxxxxxx
[564885000] READ WORD = xxxxxxxx
[565505000] READ WORD = xxxxxxxx
[566125000] READ WORD = xxxxxxxx
[566745000] READ WORD = xxxxxxxx
[567365000] READ WORD = xxxxxxxx
[567985000] READ WORD = xxxxxxxx
[568605000] READ WORD = xxxxxxxx
[569225000] READ WORD = xxxxxxxx
[569845000] READ WORD = xxxxxxxx
[570465000] READ WORD = xxxxxxxx
[571085000] READ WORD = xxxxxxxx
[571705000] READ WORD = xxxxxxxx
[572325000] READ WORD = xxxxxxxx
[572945000] READ WORD = xxxxxxxx
[573565000] READ WORD = xxxxxxxx
[574185000] READ WORD = xxxxxxxx
[574805000] READ WORD = xxxxxxxx
[575425000] READ WORD = xxxxxxxx
[576045000] READ WORD = xxxxxxxx
[576665000] READ WORD = xxxxxxxx
[577285000] READ WORD = xxxxxxxx
[577905000] READ WORD = xxxxxxxx
[578525000] READ WORD = xxxxxxxx
[579145000] READ WORD = xxxxxxxx
[579765000] READ WORD = xxxxxxxx
[580385000] READ WORD = xxxxxxxx
[581005000] READ WORD = xxxxxxxx
[581625000] READ WORD = xxxxxxxx
[582245000] READ WORD = xxxxxxxx
[582865000] READ WORD = xxxxxxxx
[583485000] READ WORD = xxxxxxxx
[584105000] READ WORD = xxxxxxxx
[584725000] READ WORD = xxxxxxxx
[585345000] READ WORD = xxxxxxxx
[585965000] READ WORD = xxxxxxxx
[586585000] READ WORD = xxxxxxxx
[587205000] READ WORD = xxxxxxxx
[587825000] READ WORD = xxxxxxxx
[588445000] READ WORD = xxxxxxxx
[589065000] READ WORD = xxxxxxxx
[589685000] READ WORD = xxxxxxxx
[590305000] READ WORD = xxxxxxxx
[590925000] READ WORD = xxxxxxxx
[591545000] READ WORD = xxxxxxxx
[592165000] READ WORD = xxxxxxxx
[592785000] READ WORD = xxxxxxxx
[593405000] READ WORD = xxxxxxxx
[594025000] READ WORD = xxxxxxxx
[594645000] READ WORD = xxxxxxxx
[595265000] READ WORD = xxxxxxxx
[595885000] READ WORD = xxxxxxxx
[596505000] READ WORD = xxxxxxxx
[597125000] READ WORD = xxxxxxxx
[597745000] READ WORD = xxxxxxxx
[598365000] READ WORD = xxxxxxxx
[598985000] READ WORD = xxxxxxxx
[599605000] READ WORD = xxxxxxxx
[600225000] READ WORD = xxxxxxxx
[600845000] READ WORD = xxxxxxxx
[601465000] READ WORD = xxxxxxxx
[602085000] READ WORD = xxxxxxxx
[602705000] READ WORD = xxxxxxxx
[603325000] READ WORD = xxxxxxxx
[603945000] READ WORD = xxxxxxxx
[604565000] READ WORD = xxxxxxxx
[605185000] READ WORD = xxxxxxxx
[605805000] READ WORD = xxxxxxxx
[606425000] READ WORD = xxxxxxxx
[607045000] READ WORD = xxxxxxxx
[607665000] READ WORD = xxxxxxxx
[608285000] READ WORD = xxxxxxxx
[608905000] READ WORD = xxxxxxxx
[609525000] READ WORD = xxxxxxxx
[610145000] READ WORD = xxxxxxxx
[610765000] READ WORD = xxxxxxxx
[611385000] READ WORD = xxxxxxxx
[612005000] READ WORD = xxxxxxxx
[612625000] READ WORD = xxxxxxxx
[613245000] READ WORD = xxxxxxxx
[613865000] READ WORD = xxxxxxxx
[614485000] READ WORD = xxxxxxxx
[615105000] READ WORD = xxxxxxxx
[615725000] READ WORD = xxxxxxxx
[616345000] READ WORD = xxxxxxxx
[616965000] READ WORD = xxxxxxxx
[617585000] READ WORD = xxxxxxxx
[618205000] READ WORD = xxxxxxxx
[618825000] READ WORD = xxxxxxxx
[619445000] READ WORD = xxxxxxxx
[620065000] READ WORD = xxxxxxxx
[620685000] READ WORD = xxxxxxxx
[621305000] READ WORD = xxxxxxxx
[621925000] READ WORD = xxxxxxxx
[622545000] READ WORD = xxxxxxxx
[623165000] READ WORD = xxxxxxxx
[623785000] READ WORD = xxxxxxxx
[624405000] READ WORD = xxxxxxxx
[625025000] READ WORD = xxxxxxxx
[625645000] READ WORD = xxxxxxxx
[626265000] READ WORD = xxxxxxxx
[626885000] READ WORD = xxxxxxxx
[627505000] READ WORD = xxxxxxxx
[628125000] READ WORD = xxxxxxxx
[628745000] READ WORD = xxxxxxxx
[629365000] READ WORD = xxxxxxxx
[629985000] READ WORD = xxxxxxxx
[630605000] READ WORD = xxxxxxxx
[631225000] READ WORD = xxxxxxxx
[631845000] READ WORD = xxxxxxxx
[632465000] READ WORD = xxxxxxxx
[633085000] READ WORD = xxxxxxxx
[633705000] READ WORD = xxxxxxxx
[634325000] READ WORD = xxxxxxxx
[634945000] READ WORD = xxxxxxxx
[635565000] READ WORD = xxxxxxxx
[636185000] READ WORD = xxxxxxxx
[636805000] READ WORD = xxxxxxxx
[637425000] READ WORD = xxxxxxxx
[638045000] READ WORD = xxxxxxxx
[638665000] READ WORD = xxxxxxxx
[639285000] READ WORD = xxxxxxxx
[639905000] READ WORD = xxxxxxxx
[640525000] READ WORD = xxxxxxxx
[641145000] READ WORD = xxxxxxxx
[641765000] READ WORD = xxxxxxxx
[642385000] READ WORD = xxxxxxxx
[643005000] READ WORD = xxxxxxxx
[643625000] READ WORD = xxxxxxxx
[644245000] READ WORD = xxxxxxxx
[644865000] READ WORD = xxxxxxxx
[645485000] READ WORD = xxxxxxxx
[646105000] READ WORD = xxxxxxxx
[646725000] READ WORD = xxxxxxxx
[647345000] READ WORD = xxxxxxxx
[647965000] READ WORD = xxxxxxxx
[648585000] READ WORD = xxxxxxxx
[649205000] READ WORD = xxxxxxxx
[649825000] READ WORD = xxxxxxxx
[650445000] READ WORD = xxxxxxxx
[651065000] READ WORD = xxxxxxxx
[651685000] READ WORD = xxxxxxxx
[652305000] READ WORD = xxxxxxxx
[652925000] READ WORD = xxxxxxxx
[653545000] READ WORD = xxxxxxxx
[654165000] READ WORD = xxxxxxxx
[654785000] READ WORD = xxxxxxxx
[655405000] READ WORD = xxxxxxxx
[656025000] READ WORD = xxxxxxxx
[656645000] READ WORD = xxxxxxxx
[657265000] READ WORD = xxxxxxxx
[657885000] READ WORD = xxxxxxxx
[658505000] READ WORD = xxxxxxxx
[659125000] READ WORD = xxxxxxxx
[659745000] READ WORD = xxxxxxxx
[660365000] READ WORD = xxxxxxxx
[660985000] READ WORD = xxxxxxxx
[661605000] READ WORD = xxxxxxxx
[662225000] READ WORD = xxxxxxxx
[662845000] READ WORD = xxxxxxxx
[663465000] READ WORD = xxxxxxxx
[664085000] READ WORD = xxxxxxxx
[664705000] READ WORD = xxxxxxxx
[665325000] READ WORD = xxxxxxxx
[665945000] READ WORD = xxxxxxxx
[666565000] READ WORD = xxxxxxxx
[667185000] READ WORD = xxxxxxxx
[667805000] READ WORD = xxxxxxxx
[668425000] READ WORD = xxxxxxxx
[669045000] READ WORD = xxxxxxxx
[669665000] READ WORD = xxxxxxxx
[670285000] READ WORD = xxxxxxxx
[670905000] READ WORD = xxxxxxxx
[671525000] READ WORD = xxxxxxxx
[672145000] READ WORD = xxxxxxxx
[672765000] READ WORD = xxxxxxxx
[673385000] READ WORD = xxxxxxxx
[674005000] READ WORD = xxxxxxxx
[674625000] READ WORD = xxxxxxxx
[675245000] READ WORD = xxxxxxxx
[675865000] READ WORD = xxxxxxxx
[676485000] READ WORD = xxxxxxxx
[677105000] READ WORD = xxxxxxxx
[677725000] READ WORD = xxxxxxxx
[678345000] READ WORD = xxxxxxxx
[678965000] READ WORD = xxxxxxxx
[679585000] READ WORD = xxxxxxxx
[680205000] READ WORD = xxxxxxxx
[680825000] READ WORD = xxxxxxxx
[681445000] READ WORD = xxxxxxxx
[682065000] READ WORD = xxxxxxxx
[682685000] READ WORD = xxxxxxxx
[683305000] READ WORD = xxxxxxxx
[683925000] READ WORD = xxxxxxxx
[684545000] READ WORD = xxxxxxxx
[685165000] READ WORD = xxxxxxxx
[685785000] READ WORD = xxxxxxxx
[686405000] READ WORD = xxxxxxxx
[687025000] READ WORD = xxxxxxxx
[687645000] READ WORD = xxxxxxxx
[688265000] READ WORD = xxxxxxxx
[688885000] READ WORD = xxxxxxxx
[689505000] READ WORD = xxxxxxxx
[690125000] READ WORD = xxxxxxxx
[690745000] READ WORD = xxxxxxxx
[691365000] READ WORD = xxxxxxxx
[691985000] READ WORD = xxxxxxxx
[692605000] READ WORD = xxxxxxxx
[693225000] READ WORD = xxxxxxxx
[693845000] READ WORD = xxxxxxxx
[694465000] READ WORD = xxxxxxxx
[695085000] READ WORD = xxxxxxxx
[695705000] READ WORD = xxxxxxxx
[696325000] READ WORD = xxxxxxxx
[696945000] READ WORD = xxxxxxxx
[697565000] READ WORD = xxxxxxxx
[698185000] READ WORD = xxxxxxxx
[698805000] READ WORD = xxxxxxxx
[699425000] READ WORD = xxxxxxxx
[700045000] READ WORD = xxxxxxxx
[700665000] READ WORD = xxxxxxxx
[701285000] READ WORD = xxxxxxxx
[701905000] READ WORD = xxxxxxxx
[702525000] READ WORD = xxxxxxxx
[703145000] READ WORD = xxxxxxxx
[703765000] READ WORD = xxxxxxxx
[704385000] READ WORD = xxxxxxxx
[705005000] READ WORD = xxxxxxxx
[705625000] READ WORD = xxxxxxxx
[706245000] READ WORD = xxxxxxxx
[706865000] READ WORD = xxxxxxxx
[707485000] READ WORD = xxxxxxxx
[708105000] READ WORD = xxxxxxxx
[708725000] READ WORD = xxxxxxxx
[709345000] READ WORD = xxxxxxxx
[709965000] READ WORD = xxxxxxxx
[710585000] READ WORD = xxxxxxxx
[711205000] READ WORD = xxxxxxxx
[711825000] READ WORD = xxxxxxxx
[712445000] READ WORD = xxxxxxxx
[713065000] READ WORD = xxxxxxxx
[713685000] READ WORD = xxxxxxxx
[714305000] READ WORD = xxxxxxxx
[714925000] READ WORD = xxxxxxxx
[715545000] READ WORD = xxxxxxxx
[716165000] READ WORD = xxxxxxxx
[716785000] READ WORD = xxxxxxxx
[717405000] READ WORD = xxxxxxxx
[718025000] READ WORD = xxxxxxxx
[718645000] READ WORD = xxxxxxxx
[719265000] READ WORD = xxxxxxxx
[719885000] READ WORD = xxxxxxxx
[720505000] READ WORD = xxxxxxxx
[721125000] READ WORD = xxxxxxxx
[721745000] READ WORD = xxxxxxxx
[722365000] READ WORD = xxxxxxxx
[722985000] READ WORD = xxxxxxxx
[723605000] READ WORD = xxxxxxxx
[724225000] READ WORD = xxxxxxxx
[724845000] READ WORD = xxxxxxxx
[725465000] READ WORD = xxxxxxxx
[726085000] READ WORD = xxxxxxxx
[726705000] READ WORD = xxxxxxxx
[727325000] READ WORD = xxxxxxxx
[727945000] READ WORD = xxxxxxxx
[728565000] READ WORD = xxxxxxxx
[729185000] READ WORD = xxxxxxxx
[729805000] READ WORD = xxxxxxxx
[730425000] READ WORD = xxxxxxxx
[731045000] READ WORD = xxxxxxxx
[731665000] READ WORD = xxxxxxxx
[732285000] READ WORD = xxxxxxxx
[732905000] READ WORD = xxxxxxxx
[733525000] READ WORD = xxxxxxxx
[734145000] READ WORD = xxxxxxxx
[734765000] READ WORD = xxxxxxxx
[735385000] READ WORD = xxxxxxxx
[736005000] READ WORD = xxxxxxxx
[736625000] READ WORD = xxxxxxxx
[737245000] READ WORD = xxxxxxxx
[737865000] READ WORD = xxxxxxxx
[738485000] READ WORD = xxxxxxxx
[739105000] READ WORD = xxxxxxxx
[739725000] READ WORD = xxxxxxxx
[740345000] READ WORD = xxxxxxxx
[740965000] READ WORD = xxxxxxxx
[741585000] READ WORD = xxxxxxxx
[742205000] READ WORD = xxxxxxxx
[742825000] READ WORD = xxxxxxxx
[743445000] READ WORD = xxxxxxxx
[744065000] READ WORD = xxxxxxxx
[744685000] READ WORD = xxxxxxxx
[745305000] READ WORD = xxxxxxxx
[745925000] READ WORD = xxxxxxxx
[746545000] READ WORD = xxxxxxxx
[747165000] READ WORD = xxxxxxxx
[747785000] READ WORD = xxxxxxxx
[748405000] READ WORD = xxxxxxxx
[749025000] READ WORD = xxxxxxxx
[749645000] READ WORD = xxxxxxxx
[750265000] READ WORD = xxxxxxxx
[750885000] READ WORD = xxxxxxxx
[751505000] READ WORD = xxxxxxxx
[752125000] READ WORD = xxxxxxxx
[752745000] READ WORD = xxxxxxxx
[753365000] READ WORD = xxxxxxxx
[753985000] READ WORD = xxxxxxxx
[754605000] READ WORD = xxxxxxxx
[755225000] READ WORD = xxxxxxxx
[755845000] READ WORD = xxxxxxxx
[756465000] READ WORD = xxxxxxxx
[757085000] READ WORD = xxxxxxxx
[757705000] READ WORD = xxxxxxxx
[758325000] READ WORD = xxxxxxxx
[758945000] READ WORD = xxxxxxxx
[759565000] READ WORD = xxxxxxxx
[760185000] READ WORD = xxxxxxxx
[760805000] READ WORD = xxxxxxxx
[761425000] READ WORD = xxxxxxxx
[762045000] READ WORD = xxxxxxxx
[762665000] READ WORD = xxxxxxxx
[763285000] READ WORD = xxxxxxxx
[763905000] READ WORD = xxxxxxxx
[764525000] READ WORD = xxxxxxxx
[765145000] READ WORD = xxxxxxxx
[765765000] READ WORD = xxxxxxxx
[766385000] READ WORD = xxxxxxxx
[767005000] READ WORD = xxxxxxxx
[767625000] READ WORD = xxxxxxxx
[768245000] READ WORD = xxxxxxxx
[768865000] READ WORD = xxxxxxxx
[769485000] READ WORD = xxxxxxxx
[770105000] READ WORD = xxxxxxxx
[770725000] READ WORD = xxxxxxxx
[771345000] READ WORD = xxxxxxxx
[771965000] READ WORD = xxxxxxxx
[772585000] READ WORD = xxxxxxxx
[773205000] READ WORD = xxxxxxxx
[773825000] READ WORD = xxxxxxxx
[774445000] READ WORD = xxxxxxxx
[775065000] READ WORD = xxxxxxxx
[775685000] READ WORD = xxxxxxxx
[776305000] READ WORD = xxxxxxxx
[776925000] READ WORD = xxxxxxxx
[777545000] READ WORD = xxxxxxxx
[778165000] READ WORD = xxxxxxxx
[778785000] READ WORD = xxxxxxxx
[779405000] READ WORD = xxxxxxxx
[780025000] READ WORD = xxxxxxxx
[780645000] READ WORD = xxxxxxxx
[781265000] READ WORD = xxxxxxxx
[781885000] READ WORD = xxxxxxxx
[782505000] READ WORD = xxxxxxxx
[783125000] READ WORD = xxxxxxxx
[783745000] READ WORD = xxxxxxxx
[784365000] READ WORD = xxxxxxxx
[784985000] READ WORD = xxxxxxxx
[785605000] READ WORD = xxxxxxxx
[786225000] READ WORD = xxxxxxxx
[786845000] READ WORD = xxxxxxxx
[787465000] READ WORD = xxxxxxxx
[788085000] READ WORD = xxxxxxxx
[788705000] READ WORD = xxxxxxxx
[789325000] READ WORD = xxxxxxxx
[789945000] READ WORD = xxxxxxxx
[790565000] READ WORD = xxxxxxxx
[791185000] READ WORD = xxxxxxxx
[791805000] READ WORD = xxxxxxxx
[792425000] READ WORD = xxxxxxxx
[793045000] READ WORD = xxxxxxxx
[793665000] READ WORD = xxxxxxxx
[794285000] READ WORD = xxxxxxxx
[794905000] READ WORD = xxxxxxxx
[795525000] READ WORD = xxxxxxxx
[796145000] READ WORD = xxxxxxxx
[796765000] READ WORD = xxxxxxxx
[797385000] READ WORD = xxxxxxxx
[798005000] READ WORD = xxxxxxxx
[798625000] READ WORD = xxxxxxxx
[799245000] READ WORD = xxxxxxxx
[799865000] READ WORD = xxxxxxxx
[800485000] READ WORD = xxxxxxxx
[801105000] READ WORD = xxxxxxxx
[801725000] READ WORD = xxxxxxxx
[802345000] READ WORD = xxxxxxxx
[802965000] READ WORD = xxxxxxxx
[803585000] READ WORD = xxxxxxxx
[804205000] READ WORD = xxxxxxxx
[804825000] READ WORD = xxxxxxxx
[805445000] READ WORD = xxxxxxxx
[806065000] READ WORD = xxxxxxxx
[806685000] READ WORD = xxxxxxxx
[807305000] READ WORD = xxxxxxxx
[807925000] READ WORD = xxxxxxxx
[808545000] READ WORD = xxxxxxxx
[809165000] READ WORD = xxxxxxxx
[809785000] READ WORD = xxxxxxxx
[810405000] READ WORD = xxxxxxxx
[811025000] READ WORD = xxxxxxxx
[811645000] READ WORD = xxxxxxxx
[812265000] READ WORD = xxxxxxxx
[812885000] READ WORD = xxxxxxxx
[813505000] READ WORD = xxxxxxxx
[814125000] READ WORD = xxxxxxxx
[814745000] READ WORD = xxxxxxxx
[815365000] READ WORD = xxxxxxxx
[815985000] READ WORD = xxxxxxxx
[816605000] READ WORD = xxxxxxxx
[817225000] READ WORD = xxxxxxxx
[817845000] READ WORD = xxxxxxxx
[818465000] READ WORD = xxxxxxxx
[819085000] READ WORD = xxxxxxxx
[819705000] READ WORD = xxxxxxxx
[820325000] READ WORD = xxxxxxxx
[820945000] READ WORD = xxxxxxxx
[821565000] READ WORD = xxxxxxxx
[822185000] READ WORD = xxxxxxxx
[822805000] READ WORD = xxxxxxxx
[823425000] READ WORD = xxxxxxxx
[824045000] READ WORD = xxxxxxxx
[824665000] READ WORD = xxxxxxxx
[825285000] READ WORD = xxxxxxxx
[825905000] READ WORD = xxxxxxxx
[826525000] READ WORD = xxxxxxxx
[827145000] READ WORD = xxxxxxxx
[827765000] READ WORD = xxxxxxxx
[828385000] READ WORD = xxxxxxxx
[829005000] READ WORD = xxxxxxxx
[829625000] READ WORD = xxxxxxxx
[830245000] READ WORD = xxxxxxxx
[830865000] READ WORD = xxxxxxxx
[831485000] READ WORD = xxxxxxxx
[832105000] READ WORD = xxxxxxxx
[832725000] READ WORD = xxxxxxxx
[833345000] READ WORD = xxxxxxxx
[833965000] READ WORD = xxxxxxxx
[834585000] READ WORD = xxxxxxxx
[835205000] READ WORD = xxxxxxxx
[835825000] READ WORD = xxxxxxxx
[836445000] READ WORD = xxxxxxxx
[837065000] READ WORD = xxxxxxxx
[837685000] READ WORD = xxxxxxxx
[838305000] READ WORD = xxxxxxxx
[838925000] READ WORD = xxxxxxxx
[839545000] READ WORD = xxxxxxxx
[840165000] READ WORD = xxxxxxxx
[840785000] READ WORD = xxxxxxxx
[841405000] READ WORD = xxxxxxxx
[842025000] READ WORD = xxxxxxxx
[842645000] READ WORD = xxxxxxxx
[843265000] READ WORD = xxxxxxxx
[843885000] READ WORD = xxxxxxxx
[844505000] READ WORD = xxxxxxxx
[845125000] READ WORD = xxxxxxxx
[845745000] READ WORD = xxxxxxxx
[846365000] READ WORD = xxxxxxxx
[846985000] READ WORD = xxxxxxxx
[847605000] READ WORD = xxxxxxxx
[848225000] READ WORD = xxxxxxxx
[848845000] READ WORD = xxxxxxxx
[849465000] READ WORD = xxxxxxxx
[850085000] READ WORD = xxxxxxxx
[850705000] READ WORD = xxxxxxxx
[851325000] READ WORD = xxxxxxxx
[851945000] READ WORD = xxxxxxxx
[852565000] READ WORD = xxxxxxxx
[853185000] READ WORD = xxxxxxxx
[853805000] READ WORD = xxxxxxxx
[854425000] READ WORD = xxxxxxxx
[855045000] READ WORD = xxxxxxxx
[855665000] READ WORD = xxxxxxxx
[856285000] READ WORD = xxxxxxxx
[856905000] READ WORD = xxxxxxxx
[857525000] READ WORD = xxxxxxxx
[858145000] READ WORD = xxxxxxxx
[858765000] READ WORD = xxxxxxxx
[859385000] READ WORD = xxxxxxxx
[860005000] READ WORD = xxxxxxxx
[860625000] READ WORD = xxxxxxxx
[861245000] READ WORD = xxxxxxxx
[861865000] READ WORD = xxxxxxxx
[862485000] READ WORD = xxxxxxxx
[863105000] READ WORD = xxxxxxxx
[863725000] READ WORD = xxxxxxxx
[864345000] READ WORD = xxxxxxxx
[864965000] READ WORD = xxxxxxxx
[865585000] READ WORD = xxxxxxxx
[866205000] READ WORD = xxxxxxxx
[866825000] READ WORD = xxxxxxxx
[867445000] READ WORD = xxxxxxxx
[868065000] READ WORD = xxxxxxxx
[868685000] READ WORD = xxxxxxxx
[869305000] READ WORD = xxxxxxxx
[869925000] READ WORD = xxxxxxxx
[870545000] READ WORD = xxxxxxxx
[871165000] READ WORD = xxxxxxxx
[871785000] READ WORD = xxxxxxxx
[872405000] READ WORD = xxxxxxxx
[873025000] READ WORD = xxxxxxxx
[873645000] READ WORD = xxxxxxxx
[874265000] READ WORD = xxxxxxxx
[874885000] READ WORD = xxxxxxxx
[875505000] READ WORD = xxxxxxxx
[876125000] READ WORD = xxxxxxxx
[876745000] READ WORD = xxxxxxxx
[877365000] READ WORD = xxxxxxxx
[877985000] READ WORD = xxxxxxxx
[878605000] READ WORD = xxxxxxxx
[879225000] READ WORD = xxxxxxxx
[879845000] READ WORD = xxxxxxxx
[880465000] READ WORD = xxxxxxxx
[881085000] READ WORD = xxxxxxxx
[881705000] READ WORD = xxxxxxxx
[882325000] READ WORD = xxxxxxxx
[882945000] READ WORD = xxxxxxxx
[883565000] READ WORD = xxxxxxxx
[884185000] READ WORD = xxxxxxxx
[884805000] READ WORD = xxxxxxxx
[885425000] READ WORD = xxxxxxxx
[886045000] READ WORD = xxxxxxxx
[886665000] READ WORD = xxxxxxxx
[887285000] READ WORD = xxxxxxxx
[887905000] READ WORD = xxxxxxxx
[888525000] READ WORD = xxxxxxxx
[889145000] READ WORD = xxxxxxxx
[889765000] READ WORD = xxxxxxxx
[890385000] READ WORD = xxxxxxxx
[891005000] READ WORD = xxxxxxxx
[891625000] READ WORD = xxxxxxxx
[892245000] READ WORD = xxxxxxxx
[892865000] READ WORD = xxxxxxxx
[893485000] READ WORD = xxxxxxxx
[894105000] READ WORD = xxxxxxxx
[894725000] READ WORD = xxxxxxxx
[895345000] READ WORD = xxxxxxxx
[895965000] READ WORD = xxxxxxxx
[896585000] READ WORD = xxxxxxxx
[897205000] READ WORD = xxxxxxxx
[897825000] READ WORD = xxxxxxxx
[898445000] READ WORD = xxxxxxxx
[899065000] READ WORD = xxxxxxxx
[899685000] READ WORD = xxxxxxxx
[900305000] READ WORD = xxxxxxxx
[900925000] READ WORD = xxxxxxxx
[901545000] READ WORD = xxxxxxxx
[902165000] READ WORD = xxxxxxxx
[902785000] READ WORD = xxxxxxxx
[903405000] READ WORD = xxxxxxxx
[904025000] READ WORD = xxxxxxxx
[904645000] READ WORD = xxxxxxxx
[905265000] READ WORD = xxxxxxxx
[905885000] READ WORD = xxxxxxxx
[906505000] READ WORD = xxxxxxxx
[907125000] READ WORD = xxxxxxxx
[907745000] READ WORD = xxxxxxxx
[908365000] READ WORD = xxxxxxxx
[908985000] READ WORD = xxxxxxxx
[909605000] READ WORD = xxxxxxxx
[910225000] READ WORD = xxxxxxxx
[910845000] READ WORD = xxxxxxxx
[911465000] READ WORD = xxxxxxxx
[912085000] READ WORD = xxxxxxxx
[912705000] READ WORD = xxxxxxxx
[913325000] READ WORD = xxxxxxxx
[913945000] READ WORD = xxxxxxxx
[914565000] READ WORD = xxxxxxxx
[915185000] READ WORD = xxxxxxxx
[915805000] READ WORD = xxxxxxxx
[916425000] READ WORD = xxxxxxxx
[917045000] READ WORD = xxxxxxxx
[917665000] READ WORD = xxxxxxxx
[918285000] READ WORD = xxxxxxxx
[918905000] READ WORD = xxxxxxxx
[919525000] READ WORD = xxxxxxxx
[920145000] READ WORD = xxxxxxxx
[920765000] READ WORD = xxxxxxxx
[921385000] READ WORD = xxxxxxxx
[922005000] READ WORD = xxxxxxxx
[922625000] READ WORD = xxxxxxxx
[923245000] READ WORD = xxxxxxxx
[923865000] READ WORD = xxxxxxxx
[924485000] READ WORD = xxxxxxxx
[925105000] READ WORD = xxxxxxxx
[925725000] READ WORD = xxxxxxxx
[926345000] READ WORD = xxxxxxxx
[926965000] READ WORD = xxxxxxxx
[927585000] READ WORD = xxxxxxxx
[928205000] READ WORD = xxxxxxxx
[928825000] READ WORD = xxxxxxxx
[929445000] READ WORD = xxxxxxxx
[930065000] READ WORD = xxxxxxxx
[930685000] READ WORD = xxxxxxxx
[931305000] READ WORD = xxxxxxxx
[931925000] READ WORD = xxxxxxxx
[932545000] READ WORD = xxxxxxxx
[933165000] READ WORD = xxxxxxxx
[933785000] READ WORD = xxxxxxxx
[934405000] READ WORD = xxxxxxxx
[935025000] READ WORD = xxxxxxxx
[935645000] READ WORD = xxxxxxxx
[936265000] READ WORD = xxxxxxxx
[936885000] READ WORD = xxxxxxxx
[937505000] READ WORD = xxxxxxxx
[938125000] READ WORD = xxxxxxxx
[938745000] READ WORD = xxxxxxxx
[939365000] READ WORD = xxxxxxxx
[939985000] READ WORD = xxxxxxxx
[940605000] READ WORD = xxxxxxxx
[941225000] READ WORD = xxxxxxxx
[941845000] READ WORD = xxxxxxxx
[942465000] READ WORD = xxxxxxxx
[943085000] READ WORD = xxxxxxxx
[943705000] READ WORD = xxxxxxxx
[944325000] READ WORD = xxxxxxxx
[944945000] READ WORD = xxxxxxxx
[945565000] READ WORD = xxxxxxxx
[946185000] READ WORD = xxxxxxxx
[946805000] READ WORD = xxxxxxxx
[947425000] READ WORD = xxxxxxxx
[948045000] READ WORD = xxxxxxxx
[948665000] READ WORD = xxxxxxxx
[949285000] READ WORD = xxxxxxxx
[949905000] READ WORD = xxxxxxxx
[950525000] READ WORD = xxxxxxxx
[951145000] READ WORD = xxxxxxxx
[951765000] READ WORD = xxxxxxxx
[952385000] READ WORD = xxxxxxxx
[953005000] READ WORD = xxxxxxxx
[953625000] READ WORD = xxxxxxxx
[954245000] READ WORD = xxxxxxxx
[954865000] READ WORD = xxxxxxxx
[955485000] READ WORD = xxxxxxxx
[956105000] READ WORD = xxxxxxxx
[956725000] READ WORD = xxxxxxxx
[957345000] READ WORD = xxxxxxxx
[957965000] READ WORD = xxxxxxxx
[958585000] READ WORD = xxxxxxxx
[959205000] READ WORD = xxxxxxxx
[959825000] READ WORD = xxxxxxxx
[960445000] READ WORD = xxxxxxxx
[961065000] READ WORD = xxxxxxxx
[961685000] READ WORD = xxxxxxxx
[962305000] READ WORD = xxxxxxxx
[962925000] READ WORD = xxxxxxxx
[963545000] READ WORD = xxxxxxxx
[964165000] READ WORD = xxxxxxxx
[964785000] READ WORD = xxxxxxxx
[965405000] READ WORD = xxxxxxxx
[966025000] READ WORD = xxxxxxxx
[966645000] READ WORD = xxxxxxxx
[967265000] READ WORD = xxxxxxxx
[967885000] READ WORD = xxxxxxxx
[968505000] READ WORD = xxxxxxxx
[969125000] READ WORD = xxxxxxxx
[969745000] READ WORD = xxxxxxxx
[970365000] READ WORD = xxxxxxxx
[970985000] READ WORD = xxxxxxxx
[971605000] READ WORD = xxxxxxxx
[972225000] READ WORD = xxxxxxxx
[972845000] READ WORD = xxxxxxxx
[973465000] READ WORD = xxxxxxxx
[974085000] READ WORD = xxxxxxxx
[974705000] READ WORD = xxxxxxxx
[975325000] READ WORD = xxxxxxxx
[975945000] READ WORD = xxxxxxxx
[976565000] READ WORD = xxxxxxxx
[977185000] READ WORD = xxxxxxxx
[977805000] READ WORD = xxxxxxxx
[978425000] READ WORD = xxxxxxxx
[979045000] READ WORD = xxxxxxxx
[979665000] READ WORD = xxxxxxxx
[980285000] READ WORD = xxxxxxxx
[980905000] READ WORD = xxxxxxxx
[981525000] READ WORD = xxxxxxxx
[982145000] READ WORD = xxxxxxxx
[982765000] READ WORD = xxxxxxxx
[983385000] READ WORD = xxxxxxxx
[984005000] READ WORD = xxxxxxxx
[984625000] READ WORD = xxxxxxxx
[985245000] READ WORD = xxxxxxxx
[985865000] READ WORD = xxxxxxxx
[986485000] READ WORD = xxxxxxxx
[987105000] READ WORD = xxxxxxxx
[987725000] READ WORD = xxxxxxxx
[988345000] READ WORD = xxxxxxxx
[988965000] READ WORD = xxxxxxxx
[989585000] READ WORD = xxxxxxxx
[990205000] READ WORD = xxxxxxxx
[990825000] READ WORD = xxxxxxxx
[991445000] READ WORD = xxxxxxxx
[992065000] READ WORD = xxxxxxxx
[992685000] READ WORD = xxxxxxxx
[993305000] READ WORD = xxxxxxxx
[993925000] READ WORD = xxxxxxxx
[994545000] READ WORD = xxxxxxxx
[995165000] READ WORD = xxxxxxxx
[995785000] READ WORD = xxxxxxxx
[996405000] READ WORD = xxxxxxxx
[997025000] READ WORD = xxxxxxxx
[997645000] READ WORD = xxxxxxxx
[998265000] READ WORD = xxxxxxxx
[998885000] READ WORD = xxxxxxxx
[999505000] READ WORD = xxxxxxxx
[1000125000] READ WORD = xxxxxxxx
[1000745000] READ WORD = xxxxxxxx
WARNING: [filemgmt 56-199] Attempt to get parsing info during refresh. "On-the-fly" syntax checking information may be incorrect. [C:\Users\SIVA DHANUSH REDDY\Downloads\SPI_Bootloader\Spi_Flashcontroller.srcs\sources_1\new\pc_reader.v:]
WARNING: [filemgmt 56-199] Attempt to get parsing info during refresh. "On-the-fly" syntax checking information may be incorrect. [C:\Users\SIVA DHANUSH REDDY\Downloads\SPI_Bootloader\Spi_Flashcontroller.srcs\sources_1\new\top_module.v:]
WARNING: [filemgmt 56-199] Attempt to get parsing info during refresh. "On-the-fly" syntax checking information may be incorrect. [C:\Users\SIVA DHANUSH REDDY\Downloads\SPI_Bootloader\Spi_Flashcontroller.srcs\sim_1\new\flash_tb.v:]
WARNING: [filemgmt 56-199] Attempt to get parsing info during refresh. "On-the-fly" syntax checking information may be incorrect. [C:\Users\SIVA DHANUSH REDDY\Downloads\SPI_Bootloader\Spi_Flashcontroller.srcs\sources_1\new\Spi_flashcontroller.v:]
WARNING: [filemgmt 56-199] Attempt to get parsing info during refresh. "On-the-fly" syntax checking information may be incorrect. [C:\Users\SIVA DHANUSH REDDY\Downloads\SPI_Bootloader\Spi_Flashcontroller.srcs\sim_1\new\flash_tb.v:]
WARNING: [filemgmt 56-199] Attempt to get parsing info during refresh. "On-the-fly" syntax checking information may be incorrect. [C:\Users\SIVA DHANUSH REDDY\Downloads\SPI_Bootloader\Spi_Flashcontroller.srcs\sim_1\new\flash_tb.v:]
WARNING: [filemgmt 56-199] Attempt to get parsing info during refresh. "On-the-fly" syntax checking information may be incorrect. [C:\Users\SIVA DHANUSH REDDY\Downloads\SPI_Bootloader\Spi_Flashcontroller.srcs\sources_1\new\pc_reader.v:]
WARNING: [filemgmt 56-199] Attempt to get parsing info during refresh. "On-the-fly" syntax checking information may be incorrect. [C:\Users\SIVA DHANUSH REDDY\Downloads\SPI_Bootloader\Spi_Flashcontroller.srcs\sources_1\new\top_module.v:]
WARNING: [filemgmt 56-199] Attempt to get parsing info during refresh. "On-the-fly" syntax checking information may be incorrect. [C:\Users\SIVA DHANUSH REDDY\Downloads\SPI_Bootloader\Spi_Flashcontroller.srcs\sim_1\new\flash_tb.v:]
WARNING: [filemgmt 56-199] Attempt to get parsing info during refresh. "On-the-fly" syntax checking information may be incorrect. [C:\Users\SIVA DHANUSH REDDY\Downloads\SPI_Bootloader\Spi_Flashcontroller.srcs\sources_1\new\Spi_flashcontroller.v:]
WARNING: [filemgmt 56-199] Attempt to get parsing info during refresh. "On-the-fly" syntax checking information may be incorrect. [C:\Users\SIVA DHANUSH REDDY\Downloads\SPI_Bootloader\Spi_Flashcontroller.srcs\sources_1\new\top_module.v:]
WARNING: [filemgmt 56-199] Attempt to get parsing info during refresh. "On-the-fly" syntax checking information may be incorrect. [C:\Users\SIVA DHANUSH REDDY\Downloads\SPI_Bootloader\Spi_Flashcontroller.srcs\sources_1\new\top_module.v:]
ERROR: [Common 17-180] Spawn failed: No error
WARNING: [filemgmt 56-199] Attempt to get parsing info during refresh. "On-the-fly" syntax checking information may be incorrect. [C:\Users\SIVA DHANUSH REDDY\Downloads\SPI_Bootloader\Spi_Flashcontroller.srcs\sources_1\new\pc_reader.v:]
WARNING: [filemgmt 56-199] Attempt to get parsing info during refresh. "On-the-fly" syntax checking information may be incorrect. [C:\Users\SIVA DHANUSH REDDY\Downloads\SPI_Bootloader\Spi_Flashcontroller.srcs\sources_1\new\top_module.v:]
WARNING: [filemgmt 56-199] Attempt to get parsing info during refresh. "On-the-fly" syntax checking information may be incorrect. [C:\Users\SIVA DHANUSH REDDY\Downloads\SPI_Bootloader\Spi_Flashcontroller.srcs\sim_1\new\flash_tb.v:]
WARNING: [filemgmt 56-199] Attempt to get parsing info during refresh. "On-the-fly" syntax checking information may be incorrect. [C:\Users\SIVA DHANUSH REDDY\Downloads\SPI_Bootloader\Spi_Flashcontroller.srcs\sources_1\new\Spi_flashcontroller.v:]
WARNING: [filemgmt 56-199] Attempt to get parsing info during refresh. "On-the-fly" syntax checking information may be incorrect. [C:\Users\SIVA DHANUSH REDDY\Downloads\SPI_Bootloader\Spi_Flashcontroller.srcs\sources_1\new\Spi_flashcontroller.v:]
WARNING: [filemgmt 56-199] Attempt to get parsing info during refresh. "On-the-fly" syntax checking information may be incorrect. [C:\Users\SIVA DHANUSH REDDY\Downloads\SPI_Bootloader\Spi_Flashcontroller.srcs\sources_1\new\Spi_flashcontroller.v:]
ERROR: [Common 17-180] Spawn failed: No error
relaunch_sim
Command: launch_simulation -step compile -simset sim_1 -mode behavioral
INFO: [Vivado 12-12493] Simulation top is 'tb_flash'
WARNING: [Vivado 12-13340] Unable to auto find GCC executables from simulator install path! (path not set)
INFO: [Vivado 12-5698] Checking validity of IPs in the design for the 'XSim' simulator...
INFO: [Vivado 12-5682] Launching behavioral simulation in 'C:/Users/SIVA DHANUSH REDDY/Downloads/SPI_Bootloader/Spi_Flashcontroller.sim/sim_1/behav/xsim'
INFO: [Vivado 12-4795] Using compiled simulation libraries for IPs
INFO: [SIM-utils-51] Simulation object is 'sim_1'
INFO: [USF-XSim-2] XSim::Compile design
INFO: [USF-XSim-61] Executing 'COMPILE and ANALYZE' step in 'C:/Users/SIVA DHANUSH REDDY/Downloads/SPI_Bootloader/Spi_Flashcontroller.sim/sim_1/behav/xsim'
"xvlog --incr --relax -L uvm -prj tb_flash_vlog.prj"
INFO: [VRFC 10-2263] Analyzing Verilog file "C:/Users/SIVA DHANUSH REDDY/Downloads/SPI_Bootloader/Spi_Flashcontroller.gen/sources_1/ip/blk_mem_gen_0/sim/blk_mem_gen_0.v" into library xil_defaultlib
INFO: [VRFC 10-311] analyzing module blk_mem_gen_0
INFO: [VRFC 10-2263] Analyzing Verilog file "C:/Users/SIVA DHANUSH REDDY/Downloads/SPI_Bootloader/Spi_Flashcontroller.srcs/sources_1/new/SPI_Test.v" into library xil_defaultlib
INFO: [VRFC 10-311] analyzing module SPI_Driver
INFO: [VRFC 10-2263] Analyzing Verilog file "C:/Users/SIVA DHANUSH REDDY/Downloads/SPI_Bootloader/Spi_Flashcontroller.srcs/sources_1/new/Spi_flashcontroller.v" into library xil_defaultlib
INFO: [VRFC 10-311] analyzing module Spi_flash_controller
ERROR: [VRFC 10-2989] 'WAIT_READ' is not declared [C:/Users/SIVA DHANUSH REDDY/Downloads/SPI_Bootloader/Spi_Flashcontroller.srcs/sources_1/new/Spi_flashcontroller.v:95]
ERROR: [VRFC 10-2989] 'bit_cnt' is not declared [C:/Users/SIVA DHANUSH REDDY/Downloads/SPI_Bootloader/Spi_Flashcontroller.srcs/sources_1/new/Spi_flashcontroller.v:99]
ERROR: [VRFC 10-8530] module 'Spi_flash_controller' is ignored due to previous errors [C:/Users/SIVA DHANUSH REDDY/Downloads/SPI_Bootloader/Spi_Flashcontroller.srcs/sources_1/new/Spi_flashcontroller.v:3]
INFO: [USF-XSim-69] 'compile' step finished in '2' seconds
INFO: [USF-XSim-99] Step results log file:'C:/Users/SIVA DHANUSH REDDY/Downloads/SPI_Bootloader/Spi_Flashcontroller.sim/sim_1/behav/xsim/xvlog.log'
ERROR: [USF-XSim-62] 'compile' step failed with error(s). Please check the Tcl console output or 'C:/Users/SIVA DHANUSH REDDY/Downloads/SPI_Bootloader/Spi_Flashcontroller.sim/sim_1/behav/xsim/xvlog.log' file for more information.
ERROR: [Vivado 12-4473] Detected error while running simulation. Please correct the issue and retry this operation.
ERROR: [Common 17-39] 'launch_simulation' failed due to earlier errors.
ERROR: [Common 17-69] Command failed: ERROR: [Common 17-39] 'launch_simulation' failed due to earlier errors.

relaunch_sim
Command: launch_simulation -step compile -simset sim_1 -mode behavioral
INFO: [Vivado 12-12493] Simulation top is 'tb_flash'
WARNING: [Vivado 12-13340] Unable to auto find GCC executables from simulator install path! (path not set)
INFO: [Vivado 12-5698] Checking validity of IPs in the design for the 'XSim' simulator...
INFO: [Vivado 12-5682] Launching behavioral simulation in 'C:/Users/SIVA DHANUSH REDDY/Downloads/SPI_Bootloader/Spi_Flashcontroller.sim/sim_1/behav/xsim'
INFO: [Vivado 12-4795] Using compiled simulation libraries for IPs
INFO: [SIM-utils-51] Simulation object is 'sim_1'
INFO: [USF-XSim-2] XSim::Compile design
INFO: [USF-XSim-61] Executing 'COMPILE and ANALYZE' step in 'C:/Users/SIVA DHANUSH REDDY/Downloads/SPI_Bootloader/Spi_Flashcontroller.sim/sim_1/behav/xsim'
"xvlog --incr --relax -L uvm -prj tb_flash_vlog.prj"
INFO: [VRFC 10-2263] Analyzing Verilog file "C:/Users/SIVA DHANUSH REDDY/Downloads/SPI_Bootloader/Spi_Flashcontroller.gen/sources_1/ip/blk_mem_gen_0/sim/blk_mem_gen_0.v" into library xil_defaultlib
INFO: [VRFC 10-311] analyzing module blk_mem_gen_0
INFO: [VRFC 10-2263] Analyzing Verilog file "C:/Users/SIVA DHANUSH REDDY/Downloads/SPI_Bootloader/Spi_Flashcontroller.srcs/sources_1/new/SPI_Test.v" into library xil_defaultlib
INFO: [VRFC 10-311] analyzing module SPI_Driver
INFO: [VRFC 10-2263] Analyzing Verilog file "C:/Users/SIVA DHANUSH REDDY/Downloads/SPI_Bootloader/Spi_Flashcontroller.srcs/sources_1/new/Spi_flashcontroller.v" into library xil_defaultlib
INFO: [VRFC 10-311] analyzing module Spi_flash_controller
ERROR: [VRFC 10-2989] 'WAIT_READ' is not declared [C:/Users/SIVA DHANUSH REDDY/Downloads/SPI_Bootloader/Spi_Flashcontroller.srcs/sources_1/new/Spi_flashcontroller.v:95]
ERROR: [VRFC 10-2989] 'bit_cnt' is not declared [C:/Users/SIVA DHANUSH REDDY/Downloads/SPI_Bootloader/Spi_Flashcontroller.srcs/sources_1/new/Spi_flashcontroller.v:99]
ERROR: [VRFC 10-8530] module 'Spi_flash_controller' is ignored due to previous errors [C:/Users/SIVA DHANUSH REDDY/Downloads/SPI_Bootloader/Spi_Flashcontroller.srcs/sources_1/new/Spi_flashcontroller.v:3]
INFO: [USF-XSim-69] 'compile' step finished in '2' seconds
INFO: [USF-XSim-99] Step results log file:'C:/Users/SIVA DHANUSH REDDY/Downloads/SPI_Bootloader/Spi_Flashcontroller.sim/sim_1/behav/xsim/xvlog.log'
ERROR: [USF-XSim-62] 'compile' step failed with error(s). Please check the Tcl console output or 'C:/Users/SIVA DHANUSH REDDY/Downloads/SPI_Bootloader/Spi_Flashcontroller.sim/sim_1/behav/xsim/xvlog.log' file for more information.
ERROR: [Vivado 12-4473] Detected error while running simulation. Please correct the issue and retry this operation.
ERROR: [Common 17-39] 'launch_simulation' failed due to earlier errors.
ERROR: [Common 17-69] Command failed: ERROR: [Common 17-39] 'launch_simulation' failed due to earlier errors.

WARNING: [filemgmt 56-199] Attempt to get parsing info during refresh. "On-the-fly" syntax checking information may be incorrect. [C:\Users\SIVA DHANUSH REDDY\Downloads\SPI_Bootloader\Spi_Flashcontroller.srcs\sources_1\new\pc_reader.v:]
WARNING: [filemgmt 56-199] Attempt to get parsing info during refresh. "On-the-fly" syntax checking information may be incorrect. [C:\Users\SIVA DHANUSH REDDY\Downloads\SPI_Bootloader\Spi_Flashcontroller.srcs\sources_1\new\top_module.v:]
WARNING: [filemgmt 56-199] Attempt to get parsing info during refresh. "On-the-fly" syntax checking information may be incorrect. [C:\Users\SIVA DHANUSH REDDY\Downloads\SPI_Bootloader\Spi_Flashcontroller.srcs\sim_1\new\flash_tb.v:]
WARNING: [filemgmt 56-199] Attempt to get parsing info during refresh. "On-the-fly" syntax checking information may be incorrect. [C:\Users\SIVA DHANUSH REDDY\Downloads\SPI_Bootloader\Spi_Flashcontroller.srcs\sources_1\new\Spi_flashcontroller.v:]
WARNING: [filemgmt 56-199] Attempt to get parsing info during refresh. "On-the-fly" syntax checking information may be incorrect. [C:\Users\SIVA DHANUSH REDDY\Downloads\SPI_Bootloader\Spi_Flashcontroller.srcs\sim_1\new\flash_tb.v:]
WARNING: [filemgmt 56-199] Attempt to get parsing info during refresh. "On-the-fly" syntax checking information may be incorrect. [C:\Users\SIVA DHANUSH REDDY\Downloads\SPI_Bootloader\Spi_Flashcontroller.srcs\sim_1\new\flash_tb.v:]
WARNING: [filemgmt 56-199] Attempt to get parsing info during refresh. "On-the-fly" syntax checking information may be incorrect. [C:\Users\SIVA DHANUSH REDDY\Downloads\SPI_Bootloader\Spi_Flashcontroller.srcs\sources_1\new\pc_reader.v:]
WARNING: [filemgmt 56-199] Attempt to get parsing info during refresh. "On-the-fly" syntax checking information may be incorrect. [C:\Users\SIVA DHANUSH REDDY\Downloads\SPI_Bootloader\Spi_Flashcontroller.srcs\sources_1\new\top_module.v:]
WARNING: [filemgmt 56-199] Attempt to get parsing info during refresh. "On-the-fly" syntax checking information may be incorrect. [C:\Users\SIVA DHANUSH REDDY\Downloads\SPI_Bootloader\Spi_Flashcontroller.srcs\sim_1\new\flash_tb.v:]
WARNING: [filemgmt 56-199] Attempt to get parsing info during refresh. "On-the-fly" syntax checking information may be incorrect. [C:\Users\SIVA DHANUSH REDDY\Downloads\SPI_Bootloader\Spi_Flashcontroller.srcs\sources_1\new\Spi_flashcontroller.v:]
WARNING: [filemgmt 56-199] Attempt to get parsing info during refresh. "On-the-fly" syntax checking information may be incorrect. [C:\Users\SIVA DHANUSH REDDY\Downloads\SPI_Bootloader\Spi_Flashcontroller.srcs\sources_1\new\pc_reader.v:]
WARNING: [filemgmt 56-199] Attempt to get parsing info during refresh. "On-the-fly" syntax checking information may be incorrect. [C:\Users\SIVA DHANUSH REDDY\Downloads\SPI_Bootloader\Spi_Flashcontroller.srcs\sources_1\new\pc_reader.v:]
ERROR: [Common 17-180] Spawn failed: No error
WARNING: [filemgmt 56-199] Attempt to get parsing info during refresh. "On-the-fly" syntax checking information may be incorrect. [C:\Users\SIVA DHANUSH REDDY\Downloads\SPI_Bootloader\Spi_Flashcontroller.srcs\sources_1\new\pc_reader.v:]
WARNING: [filemgmt 56-199] Attempt to get parsing info during refresh. "On-the-fly" syntax checking information may be incorrect. [C:\Users\SIVA DHANUSH REDDY\Downloads\SPI_Bootloader\Spi_Flashcontroller.srcs\sources_1\new\top_module.v:]
WARNING: [filemgmt 56-199] Attempt to get parsing info during refresh. "On-the-fly" syntax checking information may be incorrect. [C:\Users\SIVA DHANUSH REDDY\Downloads\SPI_Bootloader\Spi_Flashcontroller.srcs\sim_1\new\flash_tb.v:]
WARNING: [filemgmt 56-199] Attempt to get parsing info during refresh. "On-the-fly" syntax checking information may be incorrect. [C:\Users\SIVA DHANUSH REDDY\Downloads\SPI_Bootloader\Spi_Flashcontroller.srcs\sources_1\new\Spi_flashcontroller.v:]
WARNING: [filemgmt 56-199] Attempt to get parsing info during refresh. "On-the-fly" syntax checking information may be incorrect. [C:\Users\SIVA DHANUSH REDDY\Downloads\SPI_Bootloader\Spi_Flashcontroller.srcs\sources_1\new\Spi_flashcontroller.v:]
WARNING: [filemgmt 56-199] Attempt to get parsing info during refresh. "On-the-fly" syntax checking information may be incorrect. [C:\Users\SIVA DHANUSH REDDY\Downloads\SPI_Bootloader\Spi_Flashcontroller.srcs\sources_1\new\Spi_flashcontroller.v:]
ERROR: [Common 17-180] Spawn failed: No error
relaunch_sim
Command: launch_simulation -step compile -simset sim_1 -mode behavioral
INFO: [Vivado 12-12493] Simulation top is 'tb_flash'
WARNING: [Vivado 12-13340] Unable to auto find GCC executables from simulator install path! (path not set)
INFO: [Vivado 12-5698] Checking validity of IPs in the design for the 'XSim' simulator...
INFO: [Vivado 12-5682] Launching behavioral simulation in 'C:/Users/SIVA DHANUSH REDDY/Downloads/SPI_Bootloader/Spi_Flashcontroller.sim/sim_1/behav/xsim'
INFO: [Vivado 12-4795] Using compiled simulation libraries for IPs
INFO: [SIM-utils-51] Simulation object is 'sim_1'
INFO: [USF-XSim-2] XSim::Compile design
INFO: [USF-XSim-61] Executing 'COMPILE and ANALYZE' step in 'C:/Users/SIVA DHANUSH REDDY/Downloads/SPI_Bootloader/Spi_Flashcontroller.sim/sim_1/behav/xsim'
"xvlog --incr --relax -L uvm -prj tb_flash_vlog.prj"
INFO: [VRFC 10-2263] Analyzing Verilog file "C:/Users/SIVA DHANUSH REDDY/Downloads/SPI_Bootloader/Spi_Flashcontroller.gen/sources_1/ip/blk_mem_gen_0/sim/blk_mem_gen_0.v" into library xil_defaultlib
INFO: [VRFC 10-311] analyzing module blk_mem_gen_0
INFO: [VRFC 10-2263] Analyzing Verilog file "C:/Users/SIVA DHANUSH REDDY/Downloads/SPI_Bootloader/Spi_Flashcontroller.srcs/sources_1/new/SPI_Test.v" into library xil_defaultlib
INFO: [VRFC 10-311] analyzing module SPI_Driver
INFO: [VRFC 10-2263] Analyzing Verilog file "C:/Users/SIVA DHANUSH REDDY/Downloads/SPI_Bootloader/Spi_Flashcontroller.srcs/sources_1/new/Spi_flashcontroller.v" into library xil_defaultlib
INFO: [VRFC 10-311] analyzing module Spi_flash_controller
INFO: [VRFC 10-2263] Analyzing Verilog file "C:/Users/SIVA DHANUSH REDDY/Downloads/SPI_Bootloader/Spi_Flashcontroller.srcs/sources_1/new/Bulkerase.v" into library xil_defaultlib
INFO: [VRFC 10-311] analyzing module BULK_ERASE
INFO: [VRFC 10-2263] Analyzing Verilog file "C:/Users/SIVA DHANUSH REDDY/Downloads/SPI_Bootloader/Spi_Flashcontroller.srcs/sources_1/new/LED_DRIVER.v" into library xil_defaultlib
INFO: [VRFC 10-311] analyzing module led_driver
INFO: [VRFC 10-2263] Analyzing Verilog file "C:/Users/SIVA DHANUSH REDDY/Downloads/SPI_Bootloader/Spi_Flashcontroller.srcs/sources_1/new/pc_reader.v" into library xil_defaultlib
INFO: [VRFC 10-311] analyzing module pc_reader
INFO: [VRFC 10-2263] Analyzing Verilog file "C:/Users/SIVA DHANUSH REDDY/Downloads/SPI_Bootloader/Spi_Flashcontroller.srcs/sources_1/new/top_module.v" into library xil_defaultlib
INFO: [VRFC 10-311] analyzing module top_flash
INFO: [VRFC 10-2263] Analyzing Verilog file "C:/Users/SIVA DHANUSH REDDY/Downloads/Spi_Flashcontroller/Spi_Flashcontroller.srcs/sim_1/new/Tb_pi.v" into library xil_defaultlib
INFO: [VRFC 10-311] analyzing module tb_SPI_Driver
INFO: [VRFC 10-2263] Analyzing Verilog file "C:/Users/SIVA DHANUSH REDDY/Downloads/SPI_Bootloader/Spi_Flashcontroller.srcs/sim_1/new/flash_tb.v" into library xil_defaultlib
INFO: [VRFC 10-311] analyzing module tb_flash
INFO: [VRFC 10-2263] Analyzing Verilog file "C:/Users/SIVA DHANUSH REDDY/Downloads/SPI_Bootloader/Spi_Flashcontroller.srcs/sim_1/new/tb_practice.v" into library xil_defaultlib
INFO: [USF-XSim-69] 'compile' step finished in '3' seconds
Command: launch_simulation -step elaborate -simset sim_1 -mode behavioral
INFO: [Vivado 12-12493] Simulation top is 'tb_flash'
WARNING: [Vivado 12-13340] Unable to auto find GCC executables from simulator install path! (path not set)
INFO: [Vivado 12-5698] Checking validity of IPs in the design for the 'XSim' simulator...
INFO: [Vivado 12-5682] Launching behavioral simulation in 'C:/Users/SIVA DHANUSH REDDY/Downloads/SPI_Bootloader/Spi_Flashcontroller.sim/sim_1/behav/xsim'
INFO: [Vivado 12-4795] Using compiled simulation libraries for IPs
INFO: [SIM-utils-51] Simulation object is 'sim_1'
INFO: [USF-XSim-3] XSim::Elaborate design
INFO: [USF-XSim-61] Executing 'ELABORATE' step in 'C:/Users/SIVA DHANUSH REDDY/Downloads/SPI_Bootloader/Spi_Flashcontroller.sim/sim_1/behav/xsim'
"xelab --incr --debug typical --relax --mt 2 -L xil_defaultlib -L blk_mem_gen_v8_4_9 -L uvm -L unisims_ver -L unimacro_ver -L secureip -L xpm --snapshot tb_flash_behav xil_defaultlib.tb_flash xil_defaultlib.glbl -log elaborate.log"
Vivado Simulator v2024.2.0
Copyright 1986-2022 Xilinx, Inc. All Rights Reserved.
Copyright 2022-2024 Advanced Micro Devices, Inc. All Rights Reserved.
Running: C:/Xilinx/Vivado/2024.2/bin/unwrapped/win64.o/xelab.exe --incr --debug typical --relax --mt 2 -L xil_defaultlib -L blk_mem_gen_v8_4_9 -L uvm -L unisims_ver -L unimacro_ver -L secureip -L xpm --snapshot tb_flash_behav xil_defaultlib.tb_flash xil_defaultlib.glbl -log elaborate.log 
Using 2 slave threads.
Starting static elaboration
Pass Through NonSizing Optimizer
Completed static elaboration
Starting simulation data flow analysis
Completed simulation data flow analysis
Time Resolution for simulation is 1ps
Compiling module xil_defaultlib.Spi_flash_controller
Compiling module xil_defaultlib.tb_flash
Compiling module xil_defaultlib.glbl
Built simulation snapshot tb_flash_behav
INFO: [USF-XSim-69] 'elaborate' step finished in '4' seconds
Time resolution is 1 ps
relaunch_sim: Time (s): cpu = 00:00:02 ; elapsed = 00:00:08 . Memory (MB): peak = 3708.523 ; gain = 0.000
run 1000 us
run 1000 us
run 1000 us
WARNING: [filemgmt 56-199] Attempt to get parsing info during refresh. "On-the-fly" syntax checking information may be incorrect. [C:\Users\SIVA DHANUSH REDDY\Downloads\SPI_Bootloader\Spi_Flashcontroller.srcs\sources_1\new\pc_reader.v:]
WARNING: [filemgmt 56-199] Attempt to get parsing info during refresh. "On-the-fly" syntax checking information may be incorrect. [C:\Users\SIVA DHANUSH REDDY\Downloads\SPI_Bootloader\Spi_Flashcontroller.srcs\sources_1\new\top_module.v:]
WARNING: [filemgmt 56-199] Attempt to get parsing info during refresh. "On-the-fly" syntax checking information may be incorrect. [C:\Users\SIVA DHANUSH REDDY\Downloads\SPI_Bootloader\Spi_Flashcontroller.srcs\sim_1\new\flash_tb.v:]
WARNING: [filemgmt 56-199] Attempt to get parsing info during refresh. "On-the-fly" syntax checking information may be incorrect. [C:\Users\SIVA DHANUSH REDDY\Downloads\SPI_Bootloader\Spi_Flashcontroller.srcs\sources_1\new\Spi_flashcontroller.v:]
WARNING: [filemgmt 56-199] Attempt to get parsing info during refresh. "On-the-fly" syntax checking information may be incorrect. [C:\Users\SIVA DHANUSH REDDY\Downloads\SPI_Bootloader\Spi_Flashcontroller.srcs\sources_1\new\Spi_flashcontroller.v:]
WARNING: [filemgmt 56-199] Attempt to get parsing info during refresh. "On-the-fly" syntax checking information may be incorrect. [C:\Users\SIVA DHANUSH REDDY\Downloads\SPI_Bootloader\Spi_Flashcontroller.srcs\sources_1\new\Spi_flashcontroller.v:]
WARNING: [filemgmt 56-199] Attempt to get parsing info during refresh. "On-the-fly" syntax checking information may be incorrect. [C:\Users\SIVA DHANUSH REDDY\Downloads\SPI_Bootloader\Spi_Flashcontroller.srcs\sources_1\new\pc_reader.v:]
WARNING: [filemgmt 56-199] Attempt to get parsing info during refresh. "On-the-fly" syntax checking information may be incorrect. [C:\Users\SIVA DHANUSH REDDY\Downloads\SPI_Bootloader\Spi_Flashcontroller.srcs\sources_1\new\top_module.v:]
WARNING: [filemgmt 56-199] Attempt to get parsing info during refresh. "On-the-fly" syntax checking information may be incorrect. [C:\Users\SIVA DHANUSH REDDY\Downloads\SPI_Bootloader\Spi_Flashcontroller.srcs\sim_1\new\flash_tb.v:]
WARNING: [filemgmt 56-199] Attempt to get parsing info during refresh. "On-the-fly" syntax checking information may be incorrect. [C:\Users\SIVA DHANUSH REDDY\Downloads\SPI_Bootloader\Spi_Flashcontroller.srcs\sources_1\new\Spi_flashcontroller.v:]
WARNING: [filemgmt 56-199] Attempt to get parsing info during refresh. "On-the-fly" syntax checking information may be incorrect. [C:\Users\SIVA DHANUSH REDDY\Downloads\SPI_Bootloader\Spi_Flashcontroller.srcs\sources_1\new\pc_reader.v:]
WARNING: [filemgmt 56-199] Attempt to get parsing info during refresh. "On-the-fly" syntax checking information may be incorrect. [C:\Users\SIVA DHANUSH REDDY\Downloads\SPI_Bootloader\Spi_Flashcontroller.srcs\sources_1\new\pc_reader.v:]
ERROR: [Common 17-180] Spawn failed: No error
WARNING: [filemgmt 56-199] Attempt to get parsing info during refresh. "On-the-fly" syntax checking information may be incorrect. [C:\Users\SIVA DHANUSH REDDY\Downloads\SPI_Bootloader\Spi_Flashcontroller.srcs\sources_1\new\pc_reader.v:]
WARNING: [filemgmt 56-199] Attempt to get parsing info during refresh. "On-the-fly" syntax checking information may be incorrect. [C:\Users\SIVA DHANUSH REDDY\Downloads\SPI_Bootloader\Spi_Flashcontroller.srcs\sources_1\new\top_module.v:]
WARNING: [filemgmt 56-199] Attempt to get parsing info during refresh. "On-the-fly" syntax checking information may be incorrect. [C:\Users\SIVA DHANUSH REDDY\Downloads\SPI_Bootloader\Spi_Flashcontroller.srcs\sim_1\new\flash_tb.v:]
WARNING: [filemgmt 56-199] Attempt to get parsing info during refresh. "On-the-fly" syntax checking information may be incorrect. [C:\Users\SIVA DHANUSH REDDY\Downloads\SPI_Bootloader\Spi_Flashcontroller.srcs\sources_1\new\Spi_flashcontroller.v:]
WARNING: [filemgmt 56-199] Attempt to get parsing info during refresh. "On-the-fly" syntax checking information may be incorrect. [C:\Users\SIVA DHANUSH REDDY\Downloads\SPI_Bootloader\Spi_Flashcontroller.srcs\sim_1\new\flash_tb.v:]
WARNING: [filemgmt 56-199] Attempt to get parsing info during refresh. "On-the-fly" syntax checking information may be incorrect. [C:\Users\SIVA DHANUSH REDDY\Downloads\SPI_Bootloader\Spi_Flashcontroller.srcs\sim_1\new\flash_tb.v:]
ERROR: [Common 17-180] Spawn failed: No error
relaunch_sim
Command: launch_simulation -step compile -simset sim_1 -mode behavioral
INFO: [Vivado 12-12493] Simulation top is 'tb_flash'
WARNING: [Vivado 12-13340] Unable to auto find GCC executables from simulator install path! (path not set)
INFO: [Vivado 12-5698] Checking validity of IPs in the design for the 'XSim' simulator...
INFO: [Vivado 12-5682] Launching behavioral simulation in 'C:/Users/SIVA DHANUSH REDDY/Downloads/SPI_Bootloader/Spi_Flashcontroller.sim/sim_1/behav/xsim'
INFO: [Vivado 12-4795] Using compiled simulation libraries for IPs
INFO: [SIM-utils-51] Simulation object is 'sim_1'
INFO: [USF-XSim-2] XSim::Compile design
INFO: [USF-XSim-61] Executing 'COMPILE and ANALYZE' step in 'C:/Users/SIVA DHANUSH REDDY/Downloads/SPI_Bootloader/Spi_Flashcontroller.sim/sim_1/behav/xsim'
"xvlog --incr --relax -L uvm -prj tb_flash_vlog.prj"
INFO: [VRFC 10-2263] Analyzing Verilog file "C:/Users/SIVA DHANUSH REDDY/Downloads/SPI_Bootloader/Spi_Flashcontroller.gen/sources_1/ip/blk_mem_gen_0/sim/blk_mem_gen_0.v" into library xil_defaultlib
INFO: [VRFC 10-311] analyzing module blk_mem_gen_0
INFO: [VRFC 10-2263] Analyzing Verilog file "C:/Users/SIVA DHANUSH REDDY/Downloads/SPI_Bootloader/Spi_Flashcontroller.srcs/sources_1/new/SPI_Test.v" into library xil_defaultlib
INFO: [VRFC 10-311] analyzing module SPI_Driver
INFO: [VRFC 10-2263] Analyzing Verilog file "C:/Users/SIVA DHANUSH REDDY/Downloads/SPI_Bootloader/Spi_Flashcontroller.srcs/sources_1/new/Spi_flashcontroller.v" into library xil_defaultlib
INFO: [VRFC 10-311] analyzing module Spi_flash_controller
INFO: [VRFC 10-2263] Analyzing Verilog file "C:/Users/SIVA DHANUSH REDDY/Downloads/SPI_Bootloader/Spi_Flashcontroller.srcs/sources_1/new/Bulkerase.v" into library xil_defaultlib
INFO: [VRFC 10-311] analyzing module BULK_ERASE
INFO: [VRFC 10-2263] Analyzing Verilog file "C:/Users/SIVA DHANUSH REDDY/Downloads/SPI_Bootloader/Spi_Flashcontroller.srcs/sources_1/new/LED_DRIVER.v" into library xil_defaultlib
INFO: [VRFC 10-311] analyzing module led_driver
INFO: [VRFC 10-2263] Analyzing Verilog file "C:/Users/SIVA DHANUSH REDDY/Downloads/SPI_Bootloader/Spi_Flashcontroller.srcs/sources_1/new/pc_reader.v" into library xil_defaultlib
INFO: [VRFC 10-311] analyzing module pc_reader
INFO: [VRFC 10-2263] Analyzing Verilog file "C:/Users/SIVA DHANUSH REDDY/Downloads/SPI_Bootloader/Spi_Flashcontroller.srcs/sources_1/new/top_module.v" into library xil_defaultlib
INFO: [VRFC 10-311] analyzing module top_flash
INFO: [VRFC 10-2263] Analyzing Verilog file "C:/Users/SIVA DHANUSH REDDY/Downloads/Spi_Flashcontroller/Spi_Flashcontroller.srcs/sim_1/new/Tb_pi.v" into library xil_defaultlib
INFO: [VRFC 10-311] analyzing module tb_SPI_Driver
INFO: [VRFC 10-2263] Analyzing Verilog file "C:/Users/SIVA DHANUSH REDDY/Downloads/SPI_Bootloader/Spi_Flashcontroller.srcs/sim_1/new/flash_tb.v" into library xil_defaultlib
INFO: [VRFC 10-311] analyzing module tb_flash
INFO: [VRFC 10-2263] Analyzing Verilog file "C:/Users/SIVA DHANUSH REDDY/Downloads/SPI_Bootloader/Spi_Flashcontroller.srcs/sim_1/new/tb_practice.v" into library xil_defaultlib
INFO: [USF-XSim-69] 'compile' step finished in '3' seconds
Command: launch_simulation -step elaborate -simset sim_1 -mode behavioral
INFO: [Vivado 12-12493] Simulation top is 'tb_flash'
WARNING: [Vivado 12-13340] Unable to auto find GCC executables from simulator install path! (path not set)
INFO: [Vivado 12-5698] Checking validity of IPs in the design for the 'XSim' simulator...
INFO: [Vivado 12-5682] Launching behavioral simulation in 'C:/Users/SIVA DHANUSH REDDY/Downloads/SPI_Bootloader/Spi_Flashcontroller.sim/sim_1/behav/xsim'
INFO: [Vivado 12-4795] Using compiled simulation libraries for IPs
INFO: [SIM-utils-51] Simulation object is 'sim_1'
INFO: [USF-XSim-3] XSim::Elaborate design
INFO: [USF-XSim-61] Executing 'ELABORATE' step in 'C:/Users/SIVA DHANUSH REDDY/Downloads/SPI_Bootloader/Spi_Flashcontroller.sim/sim_1/behav/xsim'
"xelab --incr --debug typical --relax --mt 2 -L xil_defaultlib -L blk_mem_gen_v8_4_9 -L uvm -L unisims_ver -L unimacro_ver -L secureip -L xpm --snapshot tb_flash_behav xil_defaultlib.tb_flash xil_defaultlib.glbl -log elaborate.log"
Vivado Simulator v2024.2.0
Copyright 1986-2022 Xilinx, Inc. All Rights Reserved.
Copyright 2022-2024 Advanced Micro Devices, Inc. All Rights Reserved.
Running: C:/Xilinx/Vivado/2024.2/bin/unwrapped/win64.o/xelab.exe --incr --debug typical --relax --mt 2 -L xil_defaultlib -L blk_mem_gen_v8_4_9 -L uvm -L unisims_ver -L unimacro_ver -L secureip -L xpm --snapshot tb_flash_behav xil_defaultlib.tb_flash xil_defaultlib.glbl -log elaborate.log 
Using 2 slave threads.
Starting static elaboration
Pass Through NonSizing Optimizer
Completed static elaboration
Starting simulation data flow analysis
Completed simulation data flow analysis
Time Resolution for simulation is 1ps
Compiling module xil_defaultlib.Spi_flash_controller
Compiling module xil_defaultlib.tb_flash
Compiling module xil_defaultlib.glbl
Built simulation snapshot tb_flash_behav
INFO: [USF-XSim-69] 'elaborate' step finished in '3' seconds
Time resolution is 1 ps
relaunch_sim: Time (s): cpu = 00:00:01 ; elapsed = 00:00:08 . Memory (MB): peak = 3708.523 ; gain = 0.000
run 1000 us
[1325000] READ WORD = Z32a4038
[1945000] READ WORD = 09882000
[2565000] READ WORD = 40446000
[3185000] READ WORD = 0a640787
[3805000] READ WORD = c1f21000
[4425000] READ WORD = 01ffffff
[5045000] READ WORD = ffxxxxxx
[5665000] READ WORD = xxxxxxxx
[6285000] READ WORD = xxxxxxxx
[6905000] READ WORD = xxxxxxxx
[7525000] READ WORD = xxxxxxxx
[8145000] READ WORD = xxxxxxxx
[8765000] READ WORD = xxxxxxxx
[9385000] READ WORD = xxxxxxxx
[10005000] READ WORD = xxxxxxxx
[10625000] READ WORD = xxxxxxxx
[11245000] READ WORD = xxxxxxxx
[11865000] READ WORD = xxxxxxxx
[12485000] READ WORD = xxxxxxxx
[13105000] READ WORD = xxxxxxxx
[13725000] READ WORD = xxxxxxxx
[14345000] READ WORD = xxxxxxxx
[14965000] READ WORD = xxxxxxxx
[15585000] READ WORD = xxxxxxxx
[16205000] READ WORD = xxxxxxxx
[16825000] READ WORD = xxxxxxxx
[17445000] READ WORD = xxxxxxxx
[18065000] READ WORD = xxxxxxxx
[18685000] READ WORD = xxxxxxxx
[19305000] READ WORD = xxxxxxxx
[19925000] READ WORD = xxxxxxxx
[20545000] READ WORD = xxxxxxxx
[21165000] READ WORD = xxxxxxxx
[21785000] READ WORD = xxxxxxxx
[22405000] READ WORD = xxxxxxxx
[23025000] READ WORD = xxxxxxxx
[23645000] READ WORD = xxxxxxxx
[24265000] READ WORD = xxxxxxxx
[24885000] READ WORD = xxxxxxxx
[25505000] READ WORD = xxxxxxxx
[26125000] READ WORD = xxxxxxxx
[26745000] READ WORD = xxxxxxxx
[27365000] READ WORD = xxxxxxxx
[27985000] READ WORD = xxxxxxxx
[28605000] READ WORD = xxxxxxxx
[29225000] READ WORD = xxxxxxxx
[29845000] READ WORD = xxxxxxxx
[30465000] READ WORD = xxxxxxxx
[31085000] READ WORD = xxxxxxxx
[31705000] READ WORD = xxxxxxxx
[32325000] READ WORD = xxxxxxxx
[32945000] READ WORD = xxxxxxxx
[33565000] READ WORD = xxxxxxxx
[34185000] READ WORD = xxxxxxxx
[34805000] READ WORD = xxxxxxxx
[35425000] READ WORD = xxxxxxxx
[36045000] READ WORD = xxxxxxxx
[36665000] READ WORD = xxxxxxxx
[37285000] READ WORD = xxxxxxxx
[37905000] READ WORD = xxxxxxxx
[38525000] READ WORD = xxxxxxxx
[39145000] READ WORD = xxxxxxxx
[39765000] READ WORD = xxxxxxxx
[40385000] READ WORD = xxxxxxxx
[41005000] READ WORD = xxxxxxxx
[41625000] READ WORD = xxxxxxxx
[42245000] READ WORD = xxxxxxxx
[42865000] READ WORD = xxxxxxxx
[43485000] READ WORD = xxxxxxxx
[44105000] READ WORD = xxxxxxxx
[44725000] READ WORD = xxxxxxxx
[45345000] READ WORD = xxxxxxxx
[45965000] READ WORD = xxxxxxxx
[46585000] READ WORD = xxxxxxxx
[47205000] READ WORD = xxxxxxxx
[47825000] READ WORD = xxxxxxxx
[48445000] READ WORD = xxxxxxxx
[49065000] READ WORD = xxxxxxxx
[49685000] READ WORD = xxxxxxxx
[50305000] READ WORD = xxxxxxxx
[50925000] READ WORD = xxxxxxxx
[51545000] READ WORD = xxxxxxxx
[52165000] READ WORD = xxxxxxxx
[52785000] READ WORD = xxxxxxxx
[53405000] READ WORD = xxxxxxxx
[54025000] READ WORD = xxxxxxxx
[54645000] READ WORD = xxxxxxxx
[55265000] READ WORD = xxxxxxxx
[55885000] READ WORD = xxxxxxxx
[56505000] READ WORD = xxxxxxxx
[57125000] READ WORD = xxxxxxxx
[57745000] READ WORD = xxxxxxxx
[58365000] READ WORD = xxxxxxxx
[58985000] READ WORD = xxxxxxxx
[59605000] READ WORD = xxxxxxxx
[60225000] READ WORD = xxxxxxxx
[60845000] READ WORD = xxxxxxxx
[61465000] READ WORD = xxxxxxxx
[62085000] READ WORD = xxxxxxxx
[62705000] READ WORD = xxxxxxxx
[63325000] READ WORD = xxxxxxxx
[63945000] READ WORD = xxxxxxxx
[64565000] READ WORD = xxxxxxxx
[65185000] READ WORD = xxxxxxxx
[65805000] READ WORD = xxxxxxxx
[66425000] READ WORD = xxxxxxxx
[67045000] READ WORD = xxxxxxxx
[67665000] READ WORD = xxxxxxxx
[68285000] READ WORD = xxxxxxxx
[68905000] READ WORD = xxxxxxxx
[69525000] READ WORD = xxxxxxxx
[70145000] READ WORD = xxxxxxxx
[70765000] READ WORD = xxxxxxxx
[71385000] READ WORD = xxxxxxxx
[72005000] READ WORD = xxxxxxxx
[72625000] READ WORD = xxxxxxxx
[73245000] READ WORD = xxxxxxxx
[73865000] READ WORD = xxxxxxxx
[74485000] READ WORD = xxxxxxxx
[75105000] READ WORD = xxxxxxxx
[75725000] READ WORD = xxxxxxxx
[76345000] READ WORD = xxxxxxxx
[76965000] READ WORD = xxxxxxxx
[77585000] READ WORD = xxxxxxxx
[78205000] READ WORD = xxxxxxxx
[78825000] READ WORD = xxxxxxxx
[79445000] READ WORD = xxxxxxxx
[80065000] READ WORD = xxxxxxxx
[80685000] READ WORD = xxxxxxxx
[81305000] READ WORD = xxxxxxxx
[81925000] READ WORD = xxxxxxxx
[82545000] READ WORD = xxxxxxxx
[83165000] READ WORD = xxxxxxxx
[83785000] READ WORD = xxxxxxxx
[84405000] READ WORD = xxxxxxxx
[85025000] READ WORD = xxxxxxxx
[85645000] READ WORD = xxxxxxxx
[86265000] READ WORD = xxxxxxxx
[86885000] READ WORD = xxxxxxxx
[87505000] READ WORD = xxxxxxxx
[88125000] READ WORD = xxxxxxxx
[88745000] READ WORD = xxxxxxxx
[89365000] READ WORD = xxxxxxxx
[89985000] READ WORD = xxxxxxxx
[90605000] READ WORD = xxxxxxxx
[91225000] READ WORD = xxxxxxxx
[91845000] READ WORD = xxxxxxxx
[92465000] READ WORD = xxxxxxxx
[93085000] READ WORD = xxxxxxxx
[93705000] READ WORD = xxxxxxxx
[94325000] READ WORD = xxxxxxxx
[94945000] READ WORD = xxxxxxxx
[95565000] READ WORD = xxxxxxxx
[96185000] READ WORD = xxxxxxxx
[96805000] READ WORD = xxxxxxxx
[97425000] READ WORD = xxxxxxxx
[98045000] READ WORD = xxxxxxxx
[98665000] READ WORD = xxxxxxxx
[99285000] READ WORD = xxxxxxxx
[99905000] READ WORD = xxxxxxxx
[100525000] READ WORD = xxxxxxxx
[101145000] READ WORD = xxxxxxxx
[101765000] READ WORD = xxxxxxxx
[102385000] READ WORD = xxxxxxxx
[103005000] READ WORD = xxxxxxxx
[103625000] READ WORD = xxxxxxxx
[104245000] READ WORD = xxxxxxxx
[104865000] READ WORD = xxxxxxxx
[105485000] READ WORD = xxxxxxxx
[106105000] READ WORD = xxxxxxxx
[106725000] READ WORD = xxxxxxxx
[107345000] READ WORD = xxxxxxxx
[107965000] READ WORD = xxxxxxxx
[108585000] READ WORD = xxxxxxxx
[109205000] READ WORD = xxxxxxxx
[109825000] READ WORD = xxxxxxxx
[110445000] READ WORD = xxxxxxxx
[111065000] READ WORD = xxxxxxxx
[111685000] READ WORD = xxxxxxxx
[112305000] READ WORD = xxxxxxxx
[112925000] READ WORD = xxxxxxxx
[113545000] READ WORD = xxxxxxxx
[114165000] READ WORD = xxxxxxxx
[114785000] READ WORD = xxxxxxxx
[115405000] READ WORD = xxxxxxxx
[116025000] READ WORD = xxxxxxxx
[116645000] READ WORD = xxxxxxxx
[117265000] READ WORD = xxxxxxxx
[117885000] READ WORD = xxxxxxxx
[118505000] READ WORD = xxxxxxxx
[119125000] READ WORD = xxxxxxxx
[119745000] READ WORD = xxxxxxxx
[120365000] READ WORD = xxxxxxxx
[120985000] READ WORD = xxxxxxxx
[121605000] READ WORD = xxxxxxxx
[122225000] READ WORD = xxxxxxxx
[122845000] READ WORD = xxxxxxxx
[123465000] READ WORD = xxxxxxxx
[124085000] READ WORD = xxxxxxxx
[124705000] READ WORD = xxxxxxxx
[125325000] READ WORD = xxxxxxxx
[125945000] READ WORD = xxxxxxxx
[126565000] READ WORD = xxxxxxxx
[127185000] READ WORD = xxxxxxxx
[127805000] READ WORD = xxxxxxxx
[128425000] READ WORD = xxxxxxxx
[129045000] READ WORD = xxxxxxxx
[129665000] READ WORD = xxxxxxxx
[130285000] READ WORD = xxxxxxxx
[130905000] READ WORD = xxxxxxxx
[131525000] READ WORD = xxxxxxxx
[132145000] READ WORD = xxxxxxxx
[132765000] READ WORD = xxxxxxxx
[133385000] READ WORD = xxxxxxxx
[134005000] READ WORD = xxxxxxxx
[134625000] READ WORD = xxxxxxxx
[135245000] READ WORD = xxxxxxxx
[135865000] READ WORD = xxxxxxxx
[136485000] READ WORD = xxxxxxxx
[137105000] READ WORD = xxxxxxxx
[137725000] READ WORD = xxxxxxxx
[138345000] READ WORD = xxxxxxxx
[138965000] READ WORD = xxxxxxxx
[139585000] READ WORD = xxxxxxxx
[140205000] READ WORD = xxxxxxxx
[140825000] READ WORD = xxxxxxxx
[141445000] READ WORD = xxxxxxxx
[142065000] READ WORD = xxxxxxxx
[142685000] READ WORD = xxxxxxxx
[143305000] READ WORD = xxxxxxxx
[143925000] READ WORD = xxxxxxxx
[144545000] READ WORD = xxxxxxxx
[145165000] READ WORD = xxxxxxxx
[145785000] READ WORD = xxxxxxxx
[146405000] READ WORD = xxxxxxxx
[147025000] READ WORD = xxxxxxxx
[147645000] READ WORD = xxxxxxxx
[148265000] READ WORD = xxxxxxxx
[148885000] READ WORD = xxxxxxxx
[149505000] READ WORD = xxxxxxxx
[150125000] READ WORD = xxxxxxxx
[150745000] READ WORD = xxxxxxxx
[151365000] READ WORD = xxxxxxxx
[151985000] READ WORD = xxxxxxxx
[152605000] READ WORD = xxxxxxxx
[153225000] READ WORD = xxxxxxxx
[153845000] READ WORD = xxxxxxxx
[154465000] READ WORD = xxxxxxxx
[155085000] READ WORD = xxxxxxxx
[155705000] READ WORD = xxxxxxxx
[156325000] READ WORD = xxxxxxxx
[156945000] READ WORD = xxxxxxxx
[157565000] READ WORD = xxxxxxxx
[158185000] READ WORD = xxxxxxxx
[158805000] READ WORD = xxxxxxxx
[159425000] READ WORD = xxxxxxxx
[160045000] READ WORD = xxxxxxxx
[160665000] READ WORD = xxxxxxxx
[161285000] READ WORD = xxxxxxxx
[161905000] READ WORD = xxxxxxxx
[162525000] READ WORD = xxxxxxxx
[163145000] READ WORD = xxxxxxxx
[163765000] READ WORD = xxxxxxxx
[164385000] READ WORD = xxxxxxxx
[165005000] READ WORD = xxxxxxxx
[165625000] READ WORD = xxxxxxxx
[166245000] READ WORD = xxxxxxxx
[166865000] READ WORD = xxxxxxxx
[167485000] READ WORD = xxxxxxxx
[168105000] READ WORD = xxxxxxxx
[168725000] READ WORD = xxxxxxxx
[169345000] READ WORD = xxxxxxxx
[169965000] READ WORD = xxxxxxxx
[170585000] READ WORD = xxxxxxxx
[171205000] READ WORD = xxxxxxxx
[171825000] READ WORD = xxxxxxxx
[172445000] READ WORD = xxxxxxxx
[173065000] READ WORD = xxxxxxxx
[173685000] READ WORD = xxxxxxxx
[174305000] READ WORD = xxxxxxxx
[174925000] READ WORD = xxxxxxxx
[175545000] READ WORD = xxxxxxxx
[176165000] READ WORD = xxxxxxxx
[176785000] READ WORD = xxxxxxxx
[177405000] READ WORD = xxxxxxxx
[178025000] READ WORD = xxxxxxxx
[178645000] READ WORD = xxxxxxxx
[179265000] READ WORD = xxxxxxxx
[179885000] READ WORD = xxxxxxxx
[180505000] READ WORD = xxxxxxxx
[181125000] READ WORD = xxxxxxxx
[181745000] READ WORD = xxxxxxxx
[182365000] READ WORD = xxxxxxxx
[182985000] READ WORD = xxxxxxxx
[183605000] READ WORD = xxxxxxxx
[184225000] READ WORD = xxxxxxxx
[184845000] READ WORD = xxxxxxxx
[185465000] READ WORD = xxxxxxxx
[186085000] READ WORD = xxxxxxxx
[186705000] READ WORD = xxxxxxxx
[187325000] READ WORD = xxxxxxxx
[187945000] READ WORD = xxxxxxxx
[188565000] READ WORD = xxxxxxxx
[189185000] READ WORD = xxxxxxxx
[189805000] READ WORD = xxxxxxxx
[190425000] READ WORD = xxxxxxxx
[191045000] READ WORD = xxxxxxxx
[191665000] READ WORD = xxxxxxxx
[192285000] READ WORD = xxxxxxxx
[192905000] READ WORD = xxxxxxxx
[193525000] READ WORD = xxxxxxxx
[194145000] READ WORD = xxxxxxxx
[194765000] READ WORD = xxxxxxxx
[195385000] READ WORD = xxxxxxxx
[196005000] READ WORD = xxxxxxxx
[196625000] READ WORD = xxxxxxxx
[197245000] READ WORD = xxxxxxxx
[197865000] READ WORD = xxxxxxxx
[198485000] READ WORD = xxxxxxxx
[199105000] READ WORD = xxxxxxxx
[199725000] READ WORD = xxxxxxxx
[200345000] READ WORD = xxxxxxxx
[200965000] READ WORD = xxxxxxxx
[201585000] READ WORD = xxxxxxxx
[202205000] READ WORD = xxxxxxxx
[202825000] READ WORD = xxxxxxxx
[203445000] READ WORD = xxxxxxxx
[204065000] READ WORD = xxxxxxxx
[204685000] READ WORD = xxxxxxxx
[205305000] READ WORD = xxxxxxxx
[205925000] READ WORD = xxxxxxxx
[206545000] READ WORD = xxxxxxxx
[207165000] READ WORD = xxxxxxxx
[207785000] READ WORD = xxxxxxxx
[208405000] READ WORD = xxxxxxxx
[209025000] READ WORD = xxxxxxxx
[209645000] READ WORD = xxxxxxxx
[210265000] READ WORD = xxxxxxxx
[210885000] READ WORD = xxxxxxxx
[211505000] READ WORD = xxxxxxxx
[212125000] READ WORD = xxxxxxxx
[212745000] READ WORD = xxxxxxxx
[213365000] READ WORD = xxxxxxxx
[213985000] READ WORD = xxxxxxxx
[214605000] READ WORD = xxxxxxxx
[215225000] READ WORD = xxxxxxxx
[215845000] READ WORD = xxxxxxxx
[216465000] READ WORD = xxxxxxxx
[217085000] READ WORD = xxxxxxxx
[217705000] READ WORD = xxxxxxxx
[218325000] READ WORD = xxxxxxxx
[218945000] READ WORD = xxxxxxxx
[219565000] READ WORD = xxxxxxxx
[220185000] READ WORD = xxxxxxxx
[220805000] READ WORD = xxxxxxxx
[221425000] READ WORD = xxxxxxxx
[222045000] READ WORD = xxxxxxxx
[222665000] READ WORD = xxxxxxxx
[223285000] READ WORD = xxxxxxxx
[223905000] READ WORD = xxxxxxxx
[224525000] READ WORD = xxxxxxxx
[225145000] READ WORD = xxxxxxxx
[225765000] READ WORD = xxxxxxxx
[226385000] READ WORD = xxxxxxxx
[227005000] READ WORD = xxxxxxxx
[227625000] READ WORD = xxxxxxxx
[228245000] READ WORD = xxxxxxxx
[228865000] READ WORD = xxxxxxxx
[229485000] READ WORD = xxxxxxxx
[230105000] READ WORD = xxxxxxxx
[230725000] READ WORD = xxxxxxxx
[231345000] READ WORD = xxxxxxxx
[231965000] READ WORD = xxxxxxxx
[232585000] READ WORD = xxxxxxxx
[233205000] READ WORD = xxxxxxxx
[233825000] READ WORD = xxxxxxxx
[234445000] READ WORD = xxxxxxxx
[235065000] READ WORD = xxxxxxxx
[235685000] READ WORD = xxxxxxxx
[236305000] READ WORD = xxxxxxxx
[236925000] READ WORD = xxxxxxxx
[237545000] READ WORD = xxxxxxxx
[238165000] READ WORD = xxxxxxxx
[238785000] READ WORD = xxxxxxxx
[239405000] READ WORD = xxxxxxxx
[240025000] READ WORD = xxxxxxxx
[240645000] READ WORD = xxxxxxxx
[241265000] READ WORD = xxxxxxxx
[241885000] READ WORD = xxxxxxxx
[242505000] READ WORD = xxxxxxxx
[243125000] READ WORD = xxxxxxxx
[243745000] READ WORD = xxxxxxxx
[244365000] READ WORD = xxxxxxxx
[244985000] READ WORD = xxxxxxxx
[245605000] READ WORD = xxxxxxxx
[246225000] READ WORD = xxxxxxxx
[246845000] READ WORD = xxxxxxxx
[247465000] READ WORD = xxxxxxxx
[248085000] READ WORD = xxxxxxxx
[248705000] READ WORD = xxxxxxxx
[249325000] READ WORD = xxxxxxxx
[249945000] READ WORD = xxxxxxxx
[250565000] READ WORD = xxxxxxxx
[251185000] READ WORD = xxxxxxxx
[251805000] READ WORD = xxxxxxxx
[252425000] READ WORD = xxxxxxxx
[253045000] READ WORD = xxxxxxxx
[253665000] READ WORD = xxxxxxxx
[254285000] READ WORD = xxxxxxxx
[254905000] READ WORD = xxxxxxxx
[255525000] READ WORD = xxxxxxxx
[256145000] READ WORD = xxxxxxxx
[256765000] READ WORD = xxxxxxxx
[257385000] READ WORD = xxxxxxxx
[258005000] READ WORD = xxxxxxxx
[258625000] READ WORD = xxxxxxxx
[259245000] READ WORD = xxxxxxxx
[259865000] READ WORD = xxxxxxxx
[260485000] READ WORD = xxxxxxxx
[261105000] READ WORD = xxxxxxxx
[261725000] READ WORD = xxxxxxxx
[262345000] READ WORD = xxxxxxxx
[262965000] READ WORD = xxxxxxxx
[263585000] READ WORD = xxxxxxxx
[264205000] READ WORD = xxxxxxxx
[264825000] READ WORD = xxxxxxxx
[265445000] READ WORD = xxxxxxxx
[266065000] READ WORD = xxxxxxxx
[266685000] READ WORD = xxxxxxxx
[267305000] READ WORD = xxxxxxxx
[267925000] READ WORD = xxxxxxxx
[268545000] READ WORD = xxxxxxxx
[269165000] READ WORD = xxxxxxxx
[269785000] READ WORD = xxxxxxxx
[270405000] READ WORD = xxxxxxxx
[271025000] READ WORD = xxxxxxxx
[271645000] READ WORD = xxxxxxxx
[272265000] READ WORD = xxxxxxxx
[272885000] READ WORD = xxxxxxxx
[273505000] READ WORD = xxxxxxxx
[274125000] READ WORD = xxxxxxxx
[274745000] READ WORD = xxxxxxxx
[275365000] READ WORD = xxxxxxxx
[275985000] READ WORD = xxxxxxxx
[276605000] READ WORD = xxxxxxxx
[277225000] READ WORD = xxxxxxxx
[277845000] READ WORD = xxxxxxxx
[278465000] READ WORD = xxxxxxxx
[279085000] READ WORD = xxxxxxxx
[279705000] READ WORD = xxxxxxxx
[280325000] READ WORD = xxxxxxxx
[280945000] READ WORD = xxxxxxxx
[281565000] READ WORD = xxxxxxxx
[282185000] READ WORD = xxxxxxxx
[282805000] READ WORD = xxxxxxxx
[283425000] READ WORD = xxxxxxxx
[284045000] READ WORD = xxxxxxxx
[284665000] READ WORD = xxxxxxxx
[285285000] READ WORD = xxxxxxxx
[285905000] READ WORD = xxxxxxxx
[286525000] READ WORD = xxxxxxxx
[287145000] READ WORD = xxxxxxxx
[287765000] READ WORD = xxxxxxxx
[288385000] READ WORD = xxxxxxxx
[289005000] READ WORD = xxxxxxxx
[289625000] READ WORD = xxxxxxxx
[290245000] READ WORD = xxxxxxxx
[290865000] READ WORD = xxxxxxxx
[291485000] READ WORD = xxxxxxxx
[292105000] READ WORD = xxxxxxxx
[292725000] READ WORD = xxxxxxxx
[293345000] READ WORD = xxxxxxxx
[293965000] READ WORD = xxxxxxxx
[294585000] READ WORD = xxxxxxxx
[295205000] READ WORD = xxxxxxxx
[295825000] READ WORD = xxxxxxxx
[296445000] READ WORD = xxxxxxxx
[297065000] READ WORD = xxxxxxxx
[297685000] READ WORD = xxxxxxxx
[298305000] READ WORD = xxxxxxxx
[298925000] READ WORD = xxxxxxxx
[299545000] READ WORD = xxxxxxxx
[300165000] READ WORD = xxxxxxxx
[300785000] READ WORD = xxxxxxxx
[301405000] READ WORD = xxxxxxxx
[302025000] READ WORD = xxxxxxxx
[302645000] READ WORD = xxxxxxxx
[303265000] READ WORD = xxxxxxxx
[303885000] READ WORD = xxxxxxxx
[304505000] READ WORD = xxxxxxxx
[305125000] READ WORD = xxxxxxxx
[305745000] READ WORD = xxxxxxxx
[306365000] READ WORD = xxxxxxxx
[306985000] READ WORD = xxxxxxxx
[307605000] READ WORD = xxxxxxxx
[308225000] READ WORD = xxxxxxxx
[308845000] READ WORD = xxxxxxxx
[309465000] READ WORD = xxxxxxxx
[310085000] READ WORD = xxxxxxxx
[310705000] READ WORD = xxxxxxxx
[311325000] READ WORD = xxxxxxxx
[311945000] READ WORD = xxxxxxxx
[312565000] READ WORD = xxxxxxxx
[313185000] READ WORD = xxxxxxxx
[313805000] READ WORD = xxxxxxxx
[314425000] READ WORD = xxxxxxxx
[315045000] READ WORD = xxxxxxxx
[315665000] READ WORD = xxxxxxxx
[316285000] READ WORD = xxxxxxxx
[316905000] READ WORD = xxxxxxxx
[317525000] READ WORD = xxxxxxxx
[318145000] READ WORD = xxxxxxxx
[318765000] READ WORD = xxxxxxxx
[319385000] READ WORD = xxxxxxxx
[320005000] READ WORD = xxxxxxxx
[320625000] READ WORD = xxxxxxxx
[321245000] READ WORD = xxxxxxxx
[321865000] READ WORD = xxxxxxxx
[322485000] READ WORD = xxxxxxxx
[323105000] READ WORD = xxxxxxxx
[323725000] READ WORD = xxxxxxxx
[324345000] READ WORD = xxxxxxxx
[324965000] READ WORD = xxxxxxxx
[325585000] READ WORD = xxxxxxxx
[326205000] READ WORD = xxxxxxxx
[326825000] READ WORD = xxxxxxxx
[327445000] READ WORD = xxxxxxxx
[328065000] READ WORD = xxxxxxxx
[328685000] READ WORD = xxxxxxxx
[329305000] READ WORD = xxxxxxxx
[329925000] READ WORD = xxxxxxxx
[330545000] READ WORD = xxxxxxxx
[331165000] READ WORD = xxxxxxxx
[331785000] READ WORD = xxxxxxxx
[332405000] READ WORD = xxxxxxxx
[333025000] READ WORD = xxxxxxxx
[333645000] READ WORD = xxxxxxxx
[334265000] READ WORD = xxxxxxxx
[334885000] READ WORD = xxxxxxxx
[335505000] READ WORD = xxxxxxxx
[336125000] READ WORD = xxxxxxxx
[336745000] READ WORD = xxxxxxxx
[337365000] READ WORD = xxxxxxxx
[337985000] READ WORD = xxxxxxxx
[338605000] READ WORD = xxxxxxxx
[339225000] READ WORD = xxxxxxxx
[339845000] READ WORD = xxxxxxxx
[340465000] READ WORD = xxxxxxxx
[341085000] READ WORD = xxxxxxxx
[341705000] READ WORD = xxxxxxxx
[342325000] READ WORD = xxxxxxxx
[342945000] READ WORD = xxxxxxxx
[343565000] READ WORD = xxxxxxxx
[344185000] READ WORD = xxxxxxxx
[344805000] READ WORD = xxxxxxxx
[345425000] READ WORD = xxxxxxxx
[346045000] READ WORD = xxxxxxxx
[346665000] READ WORD = xxxxxxxx
[347285000] READ WORD = xxxxxxxx
[347905000] READ WORD = xxxxxxxx
[348525000] READ WORD = xxxxxxxx
[349145000] READ WORD = xxxxxxxx
[349765000] READ WORD = xxxxxxxx
[350385000] READ WORD = xxxxxxxx
[351005000] READ WORD = xxxxxxxx
[351625000] READ WORD = xxxxxxxx
[352245000] READ WORD = xxxxxxxx
[352865000] READ WORD = xxxxxxxx
[353485000] READ WORD = xxxxxxxx
[354105000] READ WORD = xxxxxxxx
[354725000] READ WORD = xxxxxxxx
[355345000] READ WORD = xxxxxxxx
[355965000] READ WORD = xxxxxxxx
[356585000] READ WORD = xxxxxxxx
[357205000] READ WORD = xxxxxxxx
[357825000] READ WORD = xxxxxxxx
[358445000] READ WORD = xxxxxxxx
[359065000] READ WORD = xxxxxxxx
[359685000] READ WORD = xxxxxxxx
[360305000] READ WORD = xxxxxxxx
[360925000] READ WORD = xxxxxxxx
[361545000] READ WORD = xxxxxxxx
[362165000] READ WORD = xxxxxxxx
[362785000] READ WORD = xxxxxxxx
[363405000] READ WORD = xxxxxxxx
[364025000] READ WORD = xxxxxxxx
[364645000] READ WORD = xxxxxxxx
[365265000] READ WORD = xxxxxxxx
[365885000] READ WORD = xxxxxxxx
[366505000] READ WORD = xxxxxxxx
[367125000] READ WORD = xxxxxxxx
[367745000] READ WORD = xxxxxxxx
[368365000] READ WORD = xxxxxxxx
[368985000] READ WORD = xxxxxxxx
[369605000] READ WORD = xxxxxxxx
[370225000] READ WORD = xxxxxxxx
[370845000] READ WORD = xxxxxxxx
[371465000] READ WORD = xxxxxxxx
[372085000] READ WORD = xxxxxxxx
[372705000] READ WORD = xxxxxxxx
[373325000] READ WORD = xxxxxxxx
[373945000] READ WORD = xxxxxxxx
[374565000] READ WORD = xxxxxxxx
[375185000] READ WORD = xxxxxxxx
[375805000] READ WORD = xxxxxxxx
[376425000] READ WORD = xxxxxxxx
[377045000] READ WORD = xxxxxxxx
[377665000] READ WORD = xxxxxxxx
[378285000] READ WORD = xxxxxxxx
[378905000] READ WORD = xxxxxxxx
[379525000] READ WORD = xxxxxxxx
[380145000] READ WORD = xxxxxxxx
[380765000] READ WORD = xxxxxxxx
[381385000] READ WORD = xxxxxxxx
[382005000] READ WORD = xxxxxxxx
[382625000] READ WORD = xxxxxxxx
[383245000] READ WORD = xxxxxxxx
[383865000] READ WORD = xxxxxxxx
[384485000] READ WORD = xxxxxxxx
[385105000] READ WORD = xxxxxxxx
[385725000] READ WORD = xxxxxxxx
[386345000] READ WORD = xxxxxxxx
[386965000] READ WORD = xxxxxxxx
[387585000] READ WORD = xxxxxxxx
[388205000] READ WORD = xxxxxxxx
[388825000] READ WORD = xxxxxxxx
[389445000] READ WORD = xxxxxxxx
[390065000] READ WORD = xxxxxxxx
[390685000] READ WORD = xxxxxxxx
[391305000] READ WORD = xxxxxxxx
[391925000] READ WORD = xxxxxxxx
[392545000] READ WORD = xxxxxxxx
[393165000] READ WORD = xxxxxxxx
[393785000] READ WORD = xxxxxxxx
[394405000] READ WORD = xxxxxxxx
[395025000] READ WORD = xxxxxxxx
[395645000] READ WORD = xxxxxxxx
[396265000] READ WORD = xxxxxxxx
[396885000] READ WORD = xxxxxxxx
[397505000] READ WORD = xxxxxxxx
[398125000] READ WORD = xxxxxxxx
[398745000] READ WORD = xxxxxxxx
[399365000] READ WORD = xxxxxxxx
[399985000] READ WORD = xxxxxxxx
[400605000] READ WORD = xxxxxxxx
[401225000] READ WORD = xxxxxxxx
[401845000] READ WORD = xxxxxxxx
[402465000] READ WORD = xxxxxxxx
[403085000] READ WORD = xxxxxxxx
[403705000] READ WORD = xxxxxxxx
[404325000] READ WORD = xxxxxxxx
[404945000] READ WORD = xxxxxxxx
[405565000] READ WORD = xxxxxxxx
[406185000] READ WORD = xxxxxxxx
[406805000] READ WORD = xxxxxxxx
[407425000] READ WORD = xxxxxxxx
[408045000] READ WORD = xxxxxxxx
[408665000] READ WORD = xxxxxxxx
[409285000] READ WORD = xxxxxxxx
[409905000] READ WORD = xxxxxxxx
[410525000] READ WORD = xxxxxxxx
[411145000] READ WORD = xxxxxxxx
[411765000] READ WORD = xxxxxxxx
[412385000] READ WORD = xxxxxxxx
[413005000] READ WORD = xxxxxxxx
[413625000] READ WORD = xxxxxxxx
[414245000] READ WORD = xxxxxxxx
[414865000] READ WORD = xxxxxxxx
[415485000] READ WORD = xxxxxxxx
[416105000] READ WORD = xxxxxxxx
[416725000] READ WORD = xxxxxxxx
[417345000] READ WORD = xxxxxxxx
[417965000] READ WORD = xxxxxxxx
[418585000] READ WORD = xxxxxxxx
[419205000] READ WORD = xxxxxxxx
[419825000] READ WORD = xxxxxxxx
[420445000] READ WORD = xxxxxxxx
[421065000] READ WORD = xxxxxxxx
[421685000] READ WORD = xxxxxxxx
[422305000] READ WORD = xxxxxxxx
[422925000] READ WORD = xxxxxxxx
[423545000] READ WORD = xxxxxxxx
[424165000] READ WORD = xxxxxxxx
[424785000] READ WORD = xxxxxxxx
[425405000] READ WORD = xxxxxxxx
[426025000] READ WORD = xxxxxxxx
[426645000] READ WORD = xxxxxxxx
[427265000] READ WORD = xxxxxxxx
[427885000] READ WORD = xxxxxxxx
[428505000] READ WORD = xxxxxxxx
[429125000] READ WORD = xxxxxxxx
[429745000] READ WORD = xxxxxxxx
[430365000] READ WORD = xxxxxxxx
[430985000] READ WORD = xxxxxxxx
[431605000] READ WORD = xxxxxxxx
[432225000] READ WORD = xxxxxxxx
[432845000] READ WORD = xxxxxxxx
[433465000] READ WORD = xxxxxxxx
[434085000] READ WORD = xxxxxxxx
[434705000] READ WORD = xxxxxxxx
[435325000] READ WORD = xxxxxxxx
[435945000] READ WORD = xxxxxxxx
[436565000] READ WORD = xxxxxxxx
[437185000] READ WORD = xxxxxxxx
[437805000] READ WORD = xxxxxxxx
[438425000] READ WORD = xxxxxxxx
[439045000] READ WORD = xxxxxxxx
[439665000] READ WORD = xxxxxxxx
[440285000] READ WORD = xxxxxxxx
[440905000] READ WORD = xxxxxxxx
[441525000] READ WORD = xxxxxxxx
[442145000] READ WORD = xxxxxxxx
[442765000] READ WORD = xxxxxxxx
[443385000] READ WORD = xxxxxxxx
[444005000] READ WORD = xxxxxxxx
[444625000] READ WORD = xxxxxxxx
[445245000] READ WORD = xxxxxxxx
[445865000] READ WORD = xxxxxxxx
[446485000] READ WORD = xxxxxxxx
[447105000] READ WORD = xxxxxxxx
[447725000] READ WORD = xxxxxxxx
[448345000] READ WORD = xxxxxxxx
[448965000] READ WORD = xxxxxxxx
[449585000] READ WORD = xxxxxxxx
[450205000] READ WORD = xxxxxxxx
[450825000] READ WORD = xxxxxxxx
[451445000] READ WORD = xxxxxxxx
[452065000] READ WORD = xxxxxxxx
[452685000] READ WORD = xxxxxxxx
[453305000] READ WORD = xxxxxxxx
[453925000] READ WORD = xxxxxxxx
[454545000] READ WORD = xxxxxxxx
[455165000] READ WORD = xxxxxxxx
[455785000] READ WORD = xxxxxxxx
[456405000] READ WORD = xxxxxxxx
[457025000] READ WORD = xxxxxxxx
[457645000] READ WORD = xxxxxxxx
[458265000] READ WORD = xxxxxxxx
[458885000] READ WORD = xxxxxxxx
[459505000] READ WORD = xxxxxxxx
[460125000] READ WORD = xxxxxxxx
[460745000] READ WORD = xxxxxxxx
[461365000] READ WORD = xxxxxxxx
[461985000] READ WORD = xxxxxxxx
[462605000] READ WORD = xxxxxxxx
[463225000] READ WORD = xxxxxxxx
[463845000] READ WORD = xxxxxxxx
[464465000] READ WORD = xxxxxxxx
[465085000] READ WORD = xxxxxxxx
[465705000] READ WORD = xxxxxxxx
[466325000] READ WORD = xxxxxxxx
[466945000] READ WORD = xxxxxxxx
[467565000] READ WORD = xxxxxxxx
[468185000] READ WORD = xxxxxxxx
[468805000] READ WORD = xxxxxxxx
[469425000] READ WORD = xxxxxxxx
[470045000] READ WORD = xxxxxxxx
[470665000] READ WORD = xxxxxxxx
[471285000] READ WORD = xxxxxxxx
[471905000] READ WORD = xxxxxxxx
[472525000] READ WORD = xxxxxxxx
[473145000] READ WORD = xxxxxxxx
[473765000] READ WORD = xxxxxxxx
[474385000] READ WORD = xxxxxxxx
[475005000] READ WORD = xxxxxxxx
[475625000] READ WORD = xxxxxxxx
[476245000] READ WORD = xxxxxxxx
[476865000] READ WORD = xxxxxxxx
[477485000] READ WORD = xxxxxxxx
[478105000] READ WORD = xxxxxxxx
[478725000] READ WORD = xxxxxxxx
[479345000] READ WORD = xxxxxxxx
[479965000] READ WORD = xxxxxxxx
[480585000] READ WORD = xxxxxxxx
[481205000] READ WORD = xxxxxxxx
[481825000] READ WORD = xxxxxxxx
[482445000] READ WORD = xxxxxxxx
[483065000] READ WORD = xxxxxxxx
[483685000] READ WORD = xxxxxxxx
[484305000] READ WORD = xxxxxxxx
[484925000] READ WORD = xxxxxxxx
[485545000] READ WORD = xxxxxxxx
[486165000] READ WORD = xxxxxxxx
[486785000] READ WORD = xxxxxxxx
[487405000] READ WORD = xxxxxxxx
[488025000] READ WORD = xxxxxxxx
[488645000] READ WORD = xxxxxxxx
[489265000] READ WORD = xxxxxxxx
[489885000] READ WORD = xxxxxxxx
[490505000] READ WORD = xxxxxxxx
[491125000] READ WORD = xxxxxxxx
[491745000] READ WORD = xxxxxxxx
[492365000] READ WORD = xxxxxxxx
[492985000] READ WORD = xxxxxxxx
[493605000] READ WORD = xxxxxxxx
[494225000] READ WORD = xxxxxxxx
[494845000] READ WORD = xxxxxxxx
[495465000] READ WORD = xxxxxxxx
[496085000] READ WORD = xxxxxxxx
[496705000] READ WORD = xxxxxxxx
[497325000] READ WORD = xxxxxxxx
[497945000] READ WORD = xxxxxxxx
[498565000] READ WORD = xxxxxxxx
[499185000] READ WORD = xxxxxxxx
[499805000] READ WORD = xxxxxxxx
[500425000] READ WORD = xxxxxxxx
[501045000] READ WORD = xxxxxxxx
[501665000] READ WORD = xxxxxxxx
[502285000] READ WORD = xxxxxxxx
[502905000] READ WORD = xxxxxxxx
[503525000] READ WORD = xxxxxxxx
[504145000] READ WORD = xxxxxxxx
[504765000] READ WORD = xxxxxxxx
[505385000] READ WORD = xxxxxxxx
[506005000] READ WORD = xxxxxxxx
[506625000] READ WORD = xxxxxxxx
[507245000] READ WORD = xxxxxxxx
[507865000] READ WORD = xxxxxxxx
[508485000] READ WORD = xxxxxxxx
[509105000] READ WORD = xxxxxxxx
[509725000] READ WORD = xxxxxxxx
[510345000] READ WORD = xxxxxxxx
[510965000] READ WORD = xxxxxxxx
[511585000] READ WORD = xxxxxxxx
[512205000] READ WORD = xxxxxxxx
[512825000] READ WORD = xxxxxxxx
[513445000] READ WORD = xxxxxxxx
[514065000] READ WORD = xxxxxxxx
[514685000] READ WORD = xxxxxxxx
[515305000] READ WORD = xxxxxxxx
[515925000] READ WORD = xxxxxxxx
[516545000] READ WORD = xxxxxxxx
[517165000] READ WORD = xxxxxxxx
[517785000] READ WORD = xxxxxxxx
[518405000] READ WORD = xxxxxxxx
[519025000] READ WORD = xxxxxxxx
[519645000] READ WORD = xxxxxxxx
[520265000] READ WORD = xxxxxxxx
[520885000] READ WORD = xxxxxxxx
[521505000] READ WORD = xxxxxxxx
[522125000] READ WORD = xxxxxxxx
[522745000] READ WORD = xxxxxxxx
[523365000] READ WORD = xxxxxxxx
[523985000] READ WORD = xxxxxxxx
[524605000] READ WORD = xxxxxxxx
[525225000] READ WORD = xxxxxxxx
[525845000] READ WORD = xxxxxxxx
[526465000] READ WORD = xxxxxxxx
[527085000] READ WORD = xxxxxxxx
[527705000] READ WORD = xxxxxxxx
[528325000] READ WORD = xxxxxxxx
[528945000] READ WORD = xxxxxxxx
[529565000] READ WORD = xxxxxxxx
[530185000] READ WORD = xxxxxxxx
[530805000] READ WORD = xxxxxxxx
[531425000] READ WORD = xxxxxxxx
[532045000] READ WORD = xxxxxxxx
[532665000] READ WORD = xxxxxxxx
[533285000] READ WORD = xxxxxxxx
[533905000] READ WORD = xxxxxxxx
[534525000] READ WORD = xxxxxxxx
[535145000] READ WORD = xxxxxxxx
[535765000] READ WORD = xxxxxxxx
[536385000] READ WORD = xxxxxxxx
[537005000] READ WORD = xxxxxxxx
[537625000] READ WORD = xxxxxxxx
[538245000] READ WORD = xxxxxxxx
[538865000] READ WORD = xxxxxxxx
[539485000] READ WORD = xxxxxxxx
[540105000] READ WORD = xxxxxxxx
[540725000] READ WORD = xxxxxxxx
[541345000] READ WORD = xxxxxxxx
[541965000] READ WORD = xxxxxxxx
[542585000] READ WORD = xxxxxxxx
[543205000] READ WORD = xxxxxxxx
[543825000] READ WORD = xxxxxxxx
[544445000] READ WORD = xxxxxxxx
[545065000] READ WORD = xxxxxxxx
[545685000] READ WORD = xxxxxxxx
[546305000] READ WORD = xxxxxxxx
[546925000] READ WORD = xxxxxxxx
[547545000] READ WORD = xxxxxxxx
[548165000] READ WORD = xxxxxxxx
[548785000] READ WORD = xxxxxxxx
[549405000] READ WORD = xxxxxxxx
[550025000] READ WORD = xxxxxxxx
[550645000] READ WORD = xxxxxxxx
[551265000] READ WORD = xxxxxxxx
[551885000] READ WORD = xxxxxxxx
[552505000] READ WORD = xxxxxxxx
[553125000] READ WORD = xxxxxxxx
[553745000] READ WORD = xxxxxxxx
[554365000] READ WORD = xxxxxxxx
[554985000] READ WORD = xxxxxxxx
[555605000] READ WORD = xxxxxxxx
[556225000] READ WORD = xxxxxxxx
[556845000] READ WORD = xxxxxxxx
[557465000] READ WORD = xxxxxxxx
[558085000] READ WORD = xxxxxxxx
[558705000] READ WORD = xxxxxxxx
[559325000] READ WORD = xxxxxxxx
[559945000] READ WORD = xxxxxxxx
[560565000] READ WORD = xxxxxxxx
[561185000] READ WORD = xxxxxxxx
[561805000] READ WORD = xxxxxxxx
[562425000] READ WORD = xxxxxxxx
[563045000] READ WORD = xxxxxxxx
[563665000] READ WORD = xxxxxxxx
[564285000] READ WORD = xxxxxxxx
[564905000] READ WORD = xxxxxxxx
[565525000] READ WORD = xxxxxxxx
[566145000] READ WORD = xxxxxxxx
[566765000] READ WORD = xxxxxxxx
[567385000] READ WORD = xxxxxxxx
[568005000] READ WORD = xxxxxxxx
[568625000] READ WORD = xxxxxxxx
[569245000] READ WORD = xxxxxxxx
[569865000] READ WORD = xxxxxxxx
[570485000] READ WORD = xxxxxxxx
[571105000] READ WORD = xxxxxxxx
[571725000] READ WORD = xxxxxxxx
[572345000] READ WORD = xxxxxxxx
[572965000] READ WORD = xxxxxxxx
[573585000] READ WORD = xxxxxxxx
[574205000] READ WORD = xxxxxxxx
[574825000] READ WORD = xxxxxxxx
[575445000] READ WORD = xxxxxxxx
[576065000] READ WORD = xxxxxxxx
[576685000] READ WORD = xxxxxxxx
[577305000] READ WORD = xxxxxxxx
[577925000] READ WORD = xxxxxxxx
[578545000] READ WORD = xxxxxxxx
[579165000] READ WORD = xxxxxxxx
[579785000] READ WORD = xxxxxxxx
[580405000] READ WORD = xxxxxxxx
[581025000] READ WORD = xxxxxxxx
[581645000] READ WORD = xxxxxxxx
[582265000] READ WORD = xxxxxxxx
[582885000] READ WORD = xxxxxxxx
[583505000] READ WORD = xxxxxxxx
[584125000] READ WORD = xxxxxxxx
[584745000] READ WORD = xxxxxxxx
[585365000] READ WORD = xxxxxxxx
[585985000] READ WORD = xxxxxxxx
[586605000] READ WORD = xxxxxxxx
[587225000] READ WORD = xxxxxxxx
[587845000] READ WORD = xxxxxxxx
[588465000] READ WORD = xxxxxxxx
[589085000] READ WORD = xxxxxxxx
[589705000] READ WORD = xxxxxxxx
[590325000] READ WORD = xxxxxxxx
[590945000] READ WORD = xxxxxxxx
[591565000] READ WORD = xxxxxxxx
[592185000] READ WORD = xxxxxxxx
[592805000] READ WORD = xxxxxxxx
[593425000] READ WORD = xxxxxxxx
[594045000] READ WORD = xxxxxxxx
[594665000] READ WORD = xxxxxxxx
[595285000] READ WORD = xxxxxxxx
[595905000] READ WORD = xxxxxxxx
[596525000] READ WORD = xxxxxxxx
[597145000] READ WORD = xxxxxxxx
[597765000] READ WORD = xxxxxxxx
[598385000] READ WORD = xxxxxxxx
[599005000] READ WORD = xxxxxxxx
[599625000] READ WORD = xxxxxxxx
[600245000] READ WORD = xxxxxxxx
[600865000] READ WORD = xxxxxxxx
[601485000] READ WORD = xxxxxxxx
[602105000] READ WORD = xxxxxxxx
[602725000] READ WORD = xxxxxxxx
[603345000] READ WORD = xxxxxxxx
[603965000] READ WORD = xxxxxxxx
[604585000] READ WORD = xxxxxxxx
[605205000] READ WORD = xxxxxxxx
[605825000] READ WORD = xxxxxxxx
[606445000] READ WORD = xxxxxxxx
[607065000] READ WORD = xxxxxxxx
[607685000] READ WORD = xxxxxxxx
[608305000] READ WORD = xxxxxxxx
[608925000] READ WORD = xxxxxxxx
[609545000] READ WORD = xxxxxxxx
[610165000] READ WORD = xxxxxxxx
[610785000] READ WORD = xxxxxxxx
[611405000] READ WORD = xxxxxxxx
[612025000] READ WORD = xxxxxxxx
[612645000] READ WORD = xxxxxxxx
[613265000] READ WORD = xxxxxxxx
[613885000] READ WORD = xxxxxxxx
[614505000] READ WORD = xxxxxxxx
[615125000] READ WORD = xxxxxxxx
[615745000] READ WORD = xxxxxxxx
[616365000] READ WORD = xxxxxxxx
[616985000] READ WORD = xxxxxxxx
[617605000] READ WORD = xxxxxxxx
[618225000] READ WORD = xxxxxxxx
[618845000] READ WORD = xxxxxxxx
[619465000] READ WORD = xxxxxxxx
[620085000] READ WORD = xxxxxxxx
[620705000] READ WORD = xxxxxxxx
[621325000] READ WORD = xxxxxxxx
[621945000] READ WORD = xxxxxxxx
[622565000] READ WORD = xxxxxxxx
[623185000] READ WORD = xxxxxxxx
[623805000] READ WORD = xxxxxxxx
[624425000] READ WORD = xxxxxxxx
[625045000] READ WORD = xxxxxxxx
[625665000] READ WORD = xxxxxxxx
[626285000] READ WORD = xxxxxxxx
[626905000] READ WORD = xxxxxxxx
[627525000] READ WORD = xxxxxxxx
[628145000] READ WORD = xxxxxxxx
[628765000] READ WORD = xxxxxxxx
[629385000] READ WORD = xxxxxxxx
[630005000] READ WORD = xxxxxxxx
[630625000] READ WORD = xxxxxxxx
[631245000] READ WORD = xxxxxxxx
[631865000] READ WORD = xxxxxxxx
[632485000] READ WORD = xxxxxxxx
[633105000] READ WORD = xxxxxxxx
[633725000] READ WORD = xxxxxxxx
[634345000] READ WORD = xxxxxxxx
[634965000] READ WORD = xxxxxxxx
[635585000] READ WORD = xxxxxxxx
[636205000] READ WORD = xxxxxxxx
[636825000] READ WORD = xxxxxxxx
[637445000] READ WORD = xxxxxxxx
[638065000] READ WORD = xxxxxxxx
[638685000] READ WORD = xxxxxxxx
[639305000] READ WORD = xxxxxxxx
[639925000] READ WORD = xxxxxxxx
[640545000] READ WORD = xxxxxxxx
[641165000] READ WORD = xxxxxxxx
[641785000] READ WORD = xxxxxxxx
[642405000] READ WORD = xxxxxxxx
[643025000] READ WORD = xxxxxxxx
[643645000] READ WORD = xxxxxxxx
[644265000] READ WORD = xxxxxxxx
[644885000] READ WORD = xxxxxxxx
[645505000] READ WORD = xxxxxxxx
[646125000] READ WORD = xxxxxxxx
[646745000] READ WORD = xxxxxxxx
[647365000] READ WORD = xxxxxxxx
[647985000] READ WORD = xxxxxxxx
[648605000] READ WORD = xxxxxxxx
[649225000] READ WORD = xxxxxxxx
[649845000] READ WORD = xxxxxxxx
[650465000] READ WORD = xxxxxxxx
[651085000] READ WORD = xxxxxxxx
[651705000] READ WORD = xxxxxxxx
[652325000] READ WORD = xxxxxxxx
[652945000] READ WORD = xxxxxxxx
[653565000] READ WORD = xxxxxxxx
[654185000] READ WORD = xxxxxxxx
[654805000] READ WORD = xxxxxxxx
[655425000] READ WORD = xxxxxxxx
[656045000] READ WORD = xxxxxxxx
[656665000] READ WORD = xxxxxxxx
[657285000] READ WORD = xxxxxxxx
[657905000] READ WORD = xxxxxxxx
[658525000] READ WORD = xxxxxxxx
[659145000] READ WORD = xxxxxxxx
[659765000] READ WORD = xxxxxxxx
[660385000] READ WORD = xxxxxxxx
[661005000] READ WORD = xxxxxxxx
[661625000] READ WORD = xxxxxxxx
[662245000] READ WORD = xxxxxxxx
[662865000] READ WORD = xxxxxxxx
[663485000] READ WORD = xxxxxxxx
[664105000] READ WORD = xxxxxxxx
[664725000] READ WORD = xxxxxxxx
[665345000] READ WORD = xxxxxxxx
[665965000] READ WORD = xxxxxxxx
[666585000] READ WORD = xxxxxxxx
[667205000] READ WORD = xxxxxxxx
[667825000] READ WORD = xxxxxxxx
[668445000] READ WORD = xxxxxxxx
[669065000] READ WORD = xxxxxxxx
[669685000] READ WORD = xxxxxxxx
[670305000] READ WORD = xxxxxxxx
[670925000] READ WORD = xxxxxxxx
[671545000] READ WORD = xxxxxxxx
[672165000] READ WORD = xxxxxxxx
[672785000] READ WORD = xxxxxxxx
[673405000] READ WORD = xxxxxxxx
[674025000] READ WORD = xxxxxxxx
[674645000] READ WORD = xxxxxxxx
[675265000] READ WORD = xxxxxxxx
[675885000] READ WORD = xxxxxxxx
[676505000] READ WORD = xxxxxxxx
[677125000] READ WORD = xxxxxxxx
[677745000] READ WORD = xxxxxxxx
[678365000] READ WORD = xxxxxxxx
[678985000] READ WORD = xxxxxxxx
[679605000] READ WORD = xxxxxxxx
[680225000] READ WORD = xxxxxxxx
[680845000] READ WORD = xxxxxxxx
[681465000] READ WORD = xxxxxxxx
[682085000] READ WORD = xxxxxxxx
[682705000] READ WORD = xxxxxxxx
[683325000] READ WORD = xxxxxxxx
[683945000] READ WORD = xxxxxxxx
[684565000] READ WORD = xxxxxxxx
[685185000] READ WORD = xxxxxxxx
[685805000] READ WORD = xxxxxxxx
[686425000] READ WORD = xxxxxxxx
[687045000] READ WORD = xxxxxxxx
[687665000] READ WORD = xxxxxxxx
[688285000] READ WORD = xxxxxxxx
[688905000] READ WORD = xxxxxxxx
[689525000] READ WORD = xxxxxxxx
[690145000] READ WORD = xxxxxxxx
[690765000] READ WORD = xxxxxxxx
[691385000] READ WORD = xxxxxxxx
[692005000] READ WORD = xxxxxxxx
[692625000] READ WORD = xxxxxxxx
[693245000] READ WORD = xxxxxxxx
[693865000] READ WORD = xxxxxxxx
[694485000] READ WORD = xxxxxxxx
[695105000] READ WORD = xxxxxxxx
[695725000] READ WORD = xxxxxxxx
[696345000] READ WORD = xxxxxxxx
[696965000] READ WORD = xxxxxxxx
[697585000] READ WORD = xxxxxxxx
[698205000] READ WORD = xxxxxxxx
[698825000] READ WORD = xxxxxxxx
[699445000] READ WORD = xxxxxxxx
[700065000] READ WORD = xxxxxxxx
[700685000] READ WORD = xxxxxxxx
[701305000] READ WORD = xxxxxxxx
[701925000] READ WORD = xxxxxxxx
[702545000] READ WORD = xxxxxxxx
[703165000] READ WORD = xxxxxxxx
[703785000] READ WORD = xxxxxxxx
[704405000] READ WORD = xxxxxxxx
[705025000] READ WORD = xxxxxxxx
[705645000] READ WORD = xxxxxxxx
[706265000] READ WORD = xxxxxxxx
[706885000] READ WORD = xxxxxxxx
[707505000] READ WORD = xxxxxxxx
[708125000] READ WORD = xxxxxxxx
[708745000] READ WORD = xxxxxxxx
[709365000] READ WORD = xxxxxxxx
[709985000] READ WORD = xxxxxxxx
[710605000] READ WORD = xxxxxxxx
[711225000] READ WORD = xxxxxxxx
[711845000] READ WORD = xxxxxxxx
[712465000] READ WORD = xxxxxxxx
[713085000] READ WORD = xxxxxxxx
[713705000] READ WORD = xxxxxxxx
[714325000] READ WORD = xxxxxxxx
[714945000] READ WORD = xxxxxxxx
[715565000] READ WORD = xxxxxxxx
[716185000] READ WORD = xxxxxxxx
[716805000] READ WORD = xxxxxxxx
[717425000] READ WORD = xxxxxxxx
[718045000] READ WORD = xxxxxxxx
[718665000] READ WORD = xxxxxxxx
[719285000] READ WORD = xxxxxxxx
[719905000] READ WORD = xxxxxxxx
[720525000] READ WORD = xxxxxxxx
[721145000] READ WORD = xxxxxxxx
[721765000] READ WORD = xxxxxxxx
[722385000] READ WORD = xxxxxxxx
[723005000] READ WORD = xxxxxxxx
[723625000] READ WORD = xxxxxxxx
[724245000] READ WORD = xxxxxxxx
[724865000] READ WORD = xxxxxxxx
[725485000] READ WORD = xxxxxxxx
[726105000] READ WORD = xxxxxxxx
[726725000] READ WORD = xxxxxxxx
[727345000] READ WORD = xxxxxxxx
[727965000] READ WORD = xxxxxxxx
[728585000] READ WORD = xxxxxxxx
[729205000] READ WORD = xxxxxxxx
[729825000] READ WORD = xxxxxxxx
[730445000] READ WORD = xxxxxxxx
[731065000] READ WORD = xxxxxxxx
[731685000] READ WORD = xxxxxxxx
[732305000] READ WORD = xxxxxxxx
[732925000] READ WORD = xxxxxxxx
[733545000] READ WORD = xxxxxxxx
[734165000] READ WORD = xxxxxxxx
[734785000] READ WORD = xxxxxxxx
[735405000] READ WORD = xxxxxxxx
[736025000] READ WORD = xxxxxxxx
[736645000] READ WORD = xxxxxxxx
[737265000] READ WORD = xxxxxxxx
[737885000] READ WORD = xxxxxxxx
[738505000] READ WORD = xxxxxxxx
[739125000] READ WORD = xxxxxxxx
[739745000] READ WORD = xxxxxxxx
[740365000] READ WORD = xxxxxxxx
[740985000] READ WORD = xxxxxxxx
[741605000] READ WORD = xxxxxxxx
[742225000] READ WORD = xxxxxxxx
[742845000] READ WORD = xxxxxxxx
[743465000] READ WORD = xxxxxxxx
[744085000] READ WORD = xxxxxxxx
[744705000] READ WORD = xxxxxxxx
[745325000] READ WORD = xxxxxxxx
[745945000] READ WORD = xxxxxxxx
[746565000] READ WORD = xxxxxxxx
[747185000] READ WORD = xxxxxxxx
[747805000] READ WORD = xxxxxxxx
[748425000] READ WORD = xxxxxxxx
[749045000] READ WORD = xxxxxxxx
[749665000] READ WORD = xxxxxxxx
[750285000] READ WORD = xxxxxxxx
[750905000] READ WORD = xxxxxxxx
[751525000] READ WORD = xxxxxxxx
[752145000] READ WORD = xxxxxxxx
[752765000] READ WORD = xxxxxxxx
[753385000] READ WORD = xxxxxxxx
[754005000] READ WORD = xxxxxxxx
[754625000] READ WORD = xxxxxxxx
[755245000] READ WORD = xxxxxxxx
[755865000] READ WORD = xxxxxxxx
[756485000] READ WORD = xxxxxxxx
[757105000] READ WORD = xxxxxxxx
[757725000] READ WORD = xxxxxxxx
[758345000] READ WORD = xxxxxxxx
[758965000] READ WORD = xxxxxxxx
[759585000] READ WORD = xxxxxxxx
[760205000] READ WORD = xxxxxxxx
[760825000] READ WORD = xxxxxxxx
[761445000] READ WORD = xxxxxxxx
[762065000] READ WORD = xxxxxxxx
[762685000] READ WORD = xxxxxxxx
[763305000] READ WORD = xxxxxxxx
[763925000] READ WORD = xxxxxxxx
[764545000] READ WORD = xxxxxxxx
[765165000] READ WORD = xxxxxxxx
[765785000] READ WORD = xxxxxxxx
[766405000] READ WORD = xxxxxxxx
[767025000] READ WORD = xxxxxxxx
[767645000] READ WORD = xxxxxxxx
[768265000] READ WORD = xxxxxxxx
[768885000] READ WORD = xxxxxxxx
[769505000] READ WORD = xxxxxxxx
[770125000] READ WORD = xxxxxxxx
[770745000] READ WORD = xxxxxxxx
[771365000] READ WORD = xxxxxxxx
[771985000] READ WORD = xxxxxxxx
[772605000] READ WORD = xxxxxxxx
[773225000] READ WORD = xxxxxxxx
[773845000] READ WORD = xxxxxxxx
[774465000] READ WORD = xxxxxxxx
[775085000] READ WORD = xxxxxxxx
[775705000] READ WORD = xxxxxxxx
[776325000] READ WORD = xxxxxxxx
[776945000] READ WORD = xxxxxxxx
[777565000] READ WORD = xxxxxxxx
[778185000] READ WORD = xxxxxxxx
[778805000] READ WORD = xxxxxxxx
[779425000] READ WORD = xxxxxxxx
[780045000] READ WORD = xxxxxxxx
[780665000] READ WORD = xxxxxxxx
[781285000] READ WORD = xxxxxxxx
[781905000] READ WORD = xxxxxxxx
[782525000] READ WORD = xxxxxxxx
[783145000] READ WORD = xxxxxxxx
[783765000] READ WORD = xxxxxxxx
[784385000] READ WORD = xxxxxxxx
[785005000] READ WORD = xxxxxxxx
[785625000] READ WORD = xxxxxxxx
[786245000] READ WORD = xxxxxxxx
[786865000] READ WORD = xxxxxxxx
[787485000] READ WORD = xxxxxxxx
[788105000] READ WORD = xxxxxxxx
[788725000] READ WORD = xxxxxxxx
[789345000] READ WORD = xxxxxxxx
[789965000] READ WORD = xxxxxxxx
[790585000] READ WORD = xxxxxxxx
[791205000] READ WORD = xxxxxxxx
[791825000] READ WORD = xxxxxxxx
[792445000] READ WORD = xxxxxxxx
[793065000] READ WORD = xxxxxxxx
[793685000] READ WORD = xxxxxxxx
[794305000] READ WORD = xxxxxxxx
[794925000] READ WORD = xxxxxxxx
[795545000] READ WORD = xxxxxxxx
[796165000] READ WORD = xxxxxxxx
[796785000] READ WORD = xxxxxxxx
[797405000] READ WORD = xxxxxxxx
[798025000] READ WORD = xxxxxxxx
[798645000] READ WORD = xxxxxxxx
[799265000] READ WORD = xxxxxxxx
[799885000] READ WORD = xxxxxxxx
[800505000] READ WORD = xxxxxxxx
[801125000] READ WORD = xxxxxxxx
[801745000] READ WORD = xxxxxxxx
[802365000] READ WORD = xxxxxxxx
[802985000] READ WORD = xxxxxxxx
[803605000] READ WORD = xxxxxxxx
[804225000] READ WORD = xxxxxxxx
[804845000] READ WORD = xxxxxxxx
[805465000] READ WORD = xxxxxxxx
[806085000] READ WORD = xxxxxxxx
[806705000] READ WORD = xxxxxxxx
[807325000] READ WORD = xxxxxxxx
[807945000] READ WORD = xxxxxxxx
[808565000] READ WORD = xxxxxxxx
[809185000] READ WORD = xxxxxxxx
[809805000] READ WORD = xxxxxxxx
[810425000] READ WORD = xxxxxxxx
[811045000] READ WORD = xxxxxxxx
[811665000] READ WORD = xxxxxxxx
[812285000] READ WORD = xxxxxxxx
[812905000] READ WORD = xxxxxxxx
[813525000] READ WORD = xxxxxxxx
[814145000] READ WORD = xxxxxxxx
[814765000] READ WORD = xxxxxxxx
[815385000] READ WORD = xxxxxxxx
[816005000] READ WORD = xxxxxxxx
[816625000] READ WORD = xxxxxxxx
[817245000] READ WORD = xxxxxxxx
[817865000] READ WORD = xxxxxxxx
[818485000] READ WORD = xxxxxxxx
[819105000] READ WORD = xxxxxxxx
[819725000] READ WORD = xxxxxxxx
[820345000] READ WORD = xxxxxxxx
[820965000] READ WORD = xxxxxxxx
[821585000] READ WORD = xxxxxxxx
[822205000] READ WORD = xxxxxxxx
[822825000] READ WORD = xxxxxxxx
[823445000] READ WORD = xxxxxxxx
[824065000] READ WORD = xxxxxxxx
[824685000] READ WORD = xxxxxxxx
[825305000] READ WORD = xxxxxxxx
[825925000] READ WORD = xxxxxxxx
[826545000] READ WORD = xxxxxxxx
[827165000] READ WORD = xxxxxxxx
[827785000] READ WORD = xxxxxxxx
[828405000] READ WORD = xxxxxxxx
[829025000] READ WORD = xxxxxxxx
[829645000] READ WORD = xxxxxxxx
[830265000] READ WORD = xxxxxxxx
[830885000] READ WORD = xxxxxxxx
[831505000] READ WORD = xxxxxxxx
[832125000] READ WORD = xxxxxxxx
[832745000] READ WORD = xxxxxxxx
[833365000] READ WORD = xxxxxxxx
[833985000] READ WORD = xxxxxxxx
[834605000] READ WORD = xxxxxxxx
[835225000] READ WORD = xxxxxxxx
[835845000] READ WORD = xxxxxxxx
[836465000] READ WORD = xxxxxxxx
[837085000] READ WORD = xxxxxxxx
[837705000] READ WORD = xxxxxxxx
[838325000] READ WORD = xxxxxxxx
[838945000] READ WORD = xxxxxxxx
[839565000] READ WORD = xxxxxxxx
[840185000] READ WORD = xxxxxxxx
[840805000] READ WORD = xxxxxxxx
[841425000] READ WORD = xxxxxxxx
[842045000] READ WORD = xxxxxxxx
[842665000] READ WORD = xxxxxxxx
[843285000] READ WORD = xxxxxxxx
[843905000] READ WORD = xxxxxxxx
[844525000] READ WORD = xxxxxxxx
[845145000] READ WORD = xxxxxxxx
[845765000] READ WORD = xxxxxxxx
[846385000] READ WORD = xxxxxxxx
[847005000] READ WORD = xxxxxxxx
[847625000] READ WORD = xxxxxxxx
[848245000] READ WORD = xxxxxxxx
[848865000] READ WORD = xxxxxxxx
[849485000] READ WORD = xxxxxxxx
[850105000] READ WORD = xxxxxxxx
[850725000] READ WORD = xxxxxxxx
[851345000] READ WORD = xxxxxxxx
[851965000] READ WORD = xxxxxxxx
[852585000] READ WORD = xxxxxxxx
[853205000] READ WORD = xxxxxxxx
[853825000] READ WORD = xxxxxxxx
[854445000] READ WORD = xxxxxxxx
[855065000] READ WORD = xxxxxxxx
[855685000] READ WORD = xxxxxxxx
[856305000] READ WORD = xxxxxxxx
[856925000] READ WORD = xxxxxxxx
[857545000] READ WORD = xxxxxxxx
[858165000] READ WORD = xxxxxxxx
[858785000] READ WORD = xxxxxxxx
[859405000] READ WORD = xxxxxxxx
[860025000] READ WORD = xxxxxxxx
[860645000] READ WORD = xxxxxxxx
[861265000] READ WORD = xxxxxxxx
[861885000] READ WORD = xxxxxxxx
[862505000] READ WORD = xxxxxxxx
[863125000] READ WORD = xxxxxxxx
[863745000] READ WORD = xxxxxxxx
[864365000] READ WORD = xxxxxxxx
[864985000] READ WORD = xxxxxxxx
[865605000] READ WORD = xxxxxxxx
[866225000] READ WORD = xxxxxxxx
[866845000] READ WORD = xxxxxxxx
[867465000] READ WORD = xxxxxxxx
[868085000] READ WORD = xxxxxxxx
[868705000] READ WORD = xxxxxxxx
[869325000] READ WORD = xxxxxxxx
[869945000] READ WORD = xxxxxxxx
[870565000] READ WORD = xxxxxxxx
[871185000] READ WORD = xxxxxxxx
[871805000] READ WORD = xxxxxxxx
[872425000] READ WORD = xxxxxxxx
[873045000] READ WORD = xxxxxxxx
[873665000] READ WORD = xxxxxxxx
[874285000] READ WORD = xxxxxxxx
[874905000] READ WORD = xxxxxxxx
[875525000] READ WORD = xxxxxxxx
[876145000] READ WORD = xxxxxxxx
[876765000] READ WORD = xxxxxxxx
[877385000] READ WORD = xxxxxxxx
[878005000] READ WORD = xxxxxxxx
[878625000] READ WORD = xxxxxxxx
[879245000] READ WORD = xxxxxxxx
[879865000] READ WORD = xxxxxxxx
[880485000] READ WORD = xxxxxxxx
[881105000] READ WORD = xxxxxxxx
[881725000] READ WORD = xxxxxxxx
[882345000] READ WORD = xxxxxxxx
[882965000] READ WORD = xxxxxxxx
[883585000] READ WORD = xxxxxxxx
[884205000] READ WORD = xxxxxxxx
[884825000] READ WORD = xxxxxxxx
[885445000] READ WORD = xxxxxxxx
[886065000] READ WORD = xxxxxxxx
[886685000] READ WORD = xxxxxxxx
[887305000] READ WORD = xxxxxxxx
[887925000] READ WORD = xxxxxxxx
[888545000] READ WORD = xxxxxxxx
[889165000] READ WORD = xxxxxxxx
[889785000] READ WORD = xxxxxxxx
[890405000] READ WORD = xxxxxxxx
[891025000] READ WORD = xxxxxxxx
[891645000] READ WORD = xxxxxxxx
[892265000] READ WORD = xxxxxxxx
[892885000] READ WORD = xxxxxxxx
[893505000] READ WORD = xxxxxxxx
[894125000] READ WORD = xxxxxxxx
[894745000] READ WORD = xxxxxxxx
[895365000] READ WORD = xxxxxxxx
[895985000] READ WORD = xxxxxxxx
[896605000] READ WORD = xxxxxxxx
[897225000] READ WORD = xxxxxxxx
[897845000] READ WORD = xxxxxxxx
[898465000] READ WORD = xxxxxxxx
[899085000] READ WORD = xxxxxxxx
[899705000] READ WORD = xxxxxxxx
[900325000] READ WORD = xxxxxxxx
[900945000] READ WORD = xxxxxxxx
[901565000] READ WORD = xxxxxxxx
[902185000] READ WORD = xxxxxxxx
[902805000] READ WORD = xxxxxxxx
[903425000] READ WORD = xxxxxxxx
[904045000] READ WORD = xxxxxxxx
[904665000] READ WORD = xxxxxxxx
[905285000] READ WORD = xxxxxxxx
[905905000] READ WORD = xxxxxxxx
[906525000] READ WORD = xxxxxxxx
[907145000] READ WORD = xxxxxxxx
[907765000] READ WORD = xxxxxxxx
[908385000] READ WORD = xxxxxxxx
[909005000] READ WORD = xxxxxxxx
[909625000] READ WORD = xxxxxxxx
[910245000] READ WORD = xxxxxxxx
[910865000] READ WORD = xxxxxxxx
[911485000] READ WORD = xxxxxxxx
[912105000] READ WORD = xxxxxxxx
[912725000] READ WORD = xxxxxxxx
[913345000] READ WORD = xxxxxxxx
[913965000] READ WORD = xxxxxxxx
[914585000] READ WORD = xxxxxxxx
[915205000] READ WORD = xxxxxxxx
[915825000] READ WORD = xxxxxxxx
[916445000] READ WORD = xxxxxxxx
[917065000] READ WORD = xxxxxxxx
[917685000] READ WORD = xxxxxxxx
[918305000] READ WORD = xxxxxxxx
[918925000] READ WORD = xxxxxxxx
[919545000] READ WORD = xxxxxxxx
[920165000] READ WORD = xxxxxxxx
[920785000] READ WORD = xxxxxxxx
[921405000] READ WORD = xxxxxxxx
[922025000] READ WORD = xxxxxxxx
[922645000] READ WORD = xxxxxxxx
[923265000] READ WORD = xxxxxxxx
[923885000] READ WORD = xxxxxxxx
[924505000] READ WORD = xxxxxxxx
[925125000] READ WORD = xxxxxxxx
[925745000] READ WORD = xxxxxxxx
[926365000] READ WORD = xxxxxxxx
[926985000] READ WORD = xxxxxxxx
[927605000] READ WORD = xxxxxxxx
[928225000] READ WORD = xxxxxxxx
[928845000] READ WORD = xxxxxxxx
[929465000] READ WORD = xxxxxxxx
[930085000] READ WORD = xxxxxxxx
[930705000] READ WORD = xxxxxxxx
[931325000] READ WORD = xxxxxxxx
[931945000] READ WORD = xxxxxxxx
[932565000] READ WORD = xxxxxxxx
[933185000] READ WORD = xxxxxxxx
[933805000] READ WORD = xxxxxxxx
[934425000] READ WORD = xxxxxxxx
[935045000] READ WORD = xxxxxxxx
[935665000] READ WORD = xxxxxxxx
[936285000] READ WORD = xxxxxxxx
[936905000] READ WORD = xxxxxxxx
[937525000] READ WORD = xxxxxxxx
[938145000] READ WORD = xxxxxxxx
[938765000] READ WORD = xxxxxxxx
[939385000] READ WORD = xxxxxxxx
[940005000] READ WORD = xxxxxxxx
[940625000] READ WORD = xxxxxxxx
[941245000] READ WORD = xxxxxxxx
[941865000] READ WORD = xxxxxxxx
[942485000] READ WORD = xxxxxxxx
[943105000] READ WORD = xxxxxxxx
[943725000] READ WORD = xxxxxxxx
[944345000] READ WORD = xxxxxxxx
[944965000] READ WORD = xxxxxxxx
[945585000] READ WORD = xxxxxxxx
[946205000] READ WORD = xxxxxxxx
[946825000] READ WORD = xxxxxxxx
[947445000] READ WORD = xxxxxxxx
[948065000] READ WORD = xxxxxxxx
[948685000] READ WORD = xxxxxxxx
[949305000] READ WORD = xxxxxxxx
[949925000] READ WORD = xxxxxxxx
[950545000] READ WORD = xxxxxxxx
[951165000] READ WORD = xxxxxxxx
[951785000] READ WORD = xxxxxxxx
[952405000] READ WORD = xxxxxxxx
[953025000] READ WORD = xxxxxxxx
[953645000] READ WORD = xxxxxxxx
[954265000] READ WORD = xxxxxxxx
[954885000] READ WORD = xxxxxxxx
[955505000] READ WORD = xxxxxxxx
[956125000] READ WORD = xxxxxxxx
[956745000] READ WORD = xxxxxxxx
[957365000] READ WORD = xxxxxxxx
[957985000] READ WORD = xxxxxxxx
[958605000] READ WORD = xxxxxxxx
[959225000] READ WORD = xxxxxxxx
[959845000] READ WORD = xxxxxxxx
[960465000] READ WORD = xxxxxxxx
[961085000] READ WORD = xxxxxxxx
[961705000] READ WORD = xxxxxxxx
[962325000] READ WORD = xxxxxxxx
[962945000] READ WORD = xxxxxxxx
[963565000] READ WORD = xxxxxxxx
[964185000] READ WORD = xxxxxxxx
[964805000] READ WORD = xxxxxxxx
[965425000] READ WORD = xxxxxxxx
[966045000] READ WORD = xxxxxxxx
[966665000] READ WORD = xxxxxxxx
[967285000] READ WORD = xxxxxxxx
[967905000] READ WORD = xxxxxxxx
[968525000] READ WORD = xxxxxxxx
[969145000] READ WORD = xxxxxxxx
[969765000] READ WORD = xxxxxxxx
[970385000] READ WORD = xxxxxxxx
[971005000] READ WORD = xxxxxxxx
[971625000] READ WORD = xxxxxxxx
[972245000] READ WORD = xxxxxxxx
[972865000] READ WORD = xxxxxxxx
[973485000] READ WORD = xxxxxxxx
[974105000] READ WORD = xxxxxxxx
[974725000] READ WORD = xxxxxxxx
[975345000] READ WORD = xxxxxxxx
[975965000] READ WORD = xxxxxxxx
[976585000] READ WORD = xxxxxxxx
[977205000] READ WORD = xxxxxxxx
[977825000] READ WORD = xxxxxxxx
[978445000] READ WORD = xxxxxxxx
[979065000] READ WORD = xxxxxxxx
[979685000] READ WORD = xxxxxxxx
[980305000] READ WORD = xxxxxxxx
[980925000] READ WORD = xxxxxxxx
[981545000] READ WORD = xxxxxxxx
[982165000] READ WORD = xxxxxxxx
[982785000] READ WORD = xxxxxxxx
[983405000] READ WORD = xxxxxxxx
[984025000] READ WORD = xxxxxxxx
[984645000] READ WORD = xxxxxxxx
[985265000] READ WORD = xxxxxxxx
[985885000] READ WORD = xxxxxxxx
[986505000] READ WORD = xxxxxxxx
[987125000] READ WORD = xxxxxxxx
[987745000] READ WORD = xxxxxxxx
[988365000] READ WORD = xxxxxxxx
[988985000] READ WORD = xxxxxxxx
[989605000] READ WORD = xxxxxxxx
[990225000] READ WORD = xxxxxxxx
[990845000] READ WORD = xxxxxxxx
[991465000] READ WORD = xxxxxxxx
[992085000] READ WORD = xxxxxxxx
[992705000] READ WORD = xxxxxxxx
[993325000] READ WORD = xxxxxxxx
[993945000] READ WORD = xxxxxxxx
[994565000] READ WORD = xxxxxxxx
[995185000] READ WORD = xxxxxxxx
[995805000] READ WORD = xxxxxxxx
[996425000] READ WORD = xxxxxxxx
[997045000] READ WORD = xxxxxxxx
[997665000] READ WORD = xxxxxxxx
[998285000] READ WORD = xxxxxxxx
[998905000] READ WORD = xxxxxxxx
[999525000] READ WORD = xxxxxxxx
[1000145000] READ WORD = xxxxxxxx
[1000765000] READ WORD = xxxxxxxx
WARNING: [filemgmt 56-199] Attempt to get parsing info during refresh. "On-the-fly" syntax checking information may be incorrect. [C:\Users\SIVA DHANUSH REDDY\Downloads\SPI_Bootloader\Spi_Flashcontroller.srcs\sources_1\new\pc_reader.v:]
WARNING: [filemgmt 56-199] Attempt to get parsing info during refresh. "On-the-fly" syntax checking information may be incorrect. [C:\Users\SIVA DHANUSH REDDY\Downloads\SPI_Bootloader\Spi_Flashcontroller.srcs\sources_1\new\top_module.v:]
WARNING: [filemgmt 56-199] Attempt to get parsing info during refresh. "On-the-fly" syntax checking information may be incorrect. [C:\Users\SIVA DHANUSH REDDY\Downloads\SPI_Bootloader\Spi_Flashcontroller.srcs\sim_1\new\flash_tb.v:]
WARNING: [filemgmt 56-199] Attempt to get parsing info during refresh. "On-the-fly" syntax checking information may be incorrect. [C:\Users\SIVA DHANUSH REDDY\Downloads\SPI_Bootloader\Spi_Flashcontroller.srcs\sources_1\new\Spi_flashcontroller.v:]
WARNING: [filemgmt 56-199] Attempt to get parsing info during refresh. "On-the-fly" syntax checking information may be incorrect. [C:\Users\SIVA DHANUSH REDDY\Downloads\SPI_Bootloader\Spi_Flashcontroller.srcs\sim_1\new\flash_tb.v:]
WARNING: [filemgmt 56-199] Attempt to get parsing info during refresh. "On-the-fly" syntax checking information may be incorrect. [C:\Users\SIVA DHANUSH REDDY\Downloads\SPI_Bootloader\Spi_Flashcontroller.srcs\sim_1\new\flash_tb.v:]
WARNING: [filemgmt 56-199] Attempt to get parsing info during refresh. "On-the-fly" syntax checking information may be incorrect. [C:\Users\SIVA DHANUSH REDDY\Downloads\SPI_Bootloader\Spi_Flashcontroller.srcs\sources_1\new\pc_reader.v:]
WARNING: [filemgmt 56-199] Attempt to get parsing info during refresh. "On-the-fly" syntax checking information may be incorrect. [C:\Users\SIVA DHANUSH REDDY\Downloads\SPI_Bootloader\Spi_Flashcontroller.srcs\sources_1\new\top_module.v:]
WARNING: [filemgmt 56-199] Attempt to get parsing info during refresh. "On-the-fly" syntax checking information may be incorrect. [C:\Users\SIVA DHANUSH REDDY\Downloads\SPI_Bootloader\Spi_Flashcontroller.srcs\sim_1\new\flash_tb.v:]
WARNING: [filemgmt 56-199] Attempt to get parsing info during refresh. "On-the-fly" syntax checking information may be incorrect. [C:\Users\SIVA DHANUSH REDDY\Downloads\SPI_Bootloader\Spi_Flashcontroller.srcs\sources_1\new\Spi_flashcontroller.v:]
WARNING: [filemgmt 56-199] Attempt to get parsing info during refresh. "On-the-fly" syntax checking information may be incorrect. [C:\Users\SIVA DHANUSH REDDY\Downloads\SPI_Bootloader\Spi_Flashcontroller.srcs\sources_1\new\pc_reader.v:]
WARNING: [filemgmt 56-199] Attempt to get parsing info during refresh. "On-the-fly" syntax checking information may be incorrect. [C:\Users\SIVA DHANUSH REDDY\Downloads\SPI_Bootloader\Spi_Flashcontroller.srcs\sources_1\new\pc_reader.v:]
ERROR: [Common 17-180] Spawn failed: No error
WARNING: [filemgmt 56-199] Attempt to get parsing info during refresh. "On-the-fly" syntax checking information may be incorrect. [C:\Users\SIVA DHANUSH REDDY\Downloads\SPI_Bootloader\Spi_Flashcontroller.srcs\sources_1\new\pc_reader.v:]
WARNING: [filemgmt 56-199] Attempt to get parsing info during refresh. "On-the-fly" syntax checking information may be incorrect. [C:\Users\SIVA DHANUSH REDDY\Downloads\SPI_Bootloader\Spi_Flashcontroller.srcs\sources_1\new\top_module.v:]
WARNING: [filemgmt 56-199] Attempt to get parsing info during refresh. "On-the-fly" syntax checking information may be incorrect. [C:\Users\SIVA DHANUSH REDDY\Downloads\SPI_Bootloader\Spi_Flashcontroller.srcs\sim_1\new\flash_tb.v:]
WARNING: [filemgmt 56-199] Attempt to get parsing info during refresh. "On-the-fly" syntax checking information may be incorrect. [C:\Users\SIVA DHANUSH REDDY\Downloads\SPI_Bootloader\Spi_Flashcontroller.srcs\sources_1\new\Spi_flashcontroller.v:]
WARNING: [filemgmt 56-199] Attempt to get parsing info during refresh. "On-the-fly" syntax checking information may be incorrect. [C:\Users\SIVA DHANUSH REDDY\Downloads\SPI_Bootloader\Spi_Flashcontroller.srcs\sources_1\new\Spi_flashcontroller.v:]
WARNING: [filemgmt 56-199] Attempt to get parsing info during refresh. "On-the-fly" syntax checking information may be incorrect. [C:\Users\SIVA DHANUSH REDDY\Downloads\SPI_Bootloader\Spi_Flashcontroller.srcs\sources_1\new\Spi_flashcontroller.v:]
ERROR: [Common 17-180] Spawn failed: No error
WARNING: [filemgmt 56-199] Attempt to get parsing info during refresh. "On-the-fly" syntax checking information may be incorrect. [C:\Users\SIVA DHANUSH REDDY\Downloads\SPI_Bootloader\Spi_Flashcontroller.srcs\sources_1\new\pc_reader.v:]
WARNING: [filemgmt 56-199] Attempt to get parsing info during refresh. "On-the-fly" syntax checking information may be incorrect. [C:\Users\SIVA DHANUSH REDDY\Downloads\SPI_Bootloader\Spi_Flashcontroller.srcs\sources_1\new\top_module.v:]
WARNING: [filemgmt 56-199] Attempt to get parsing info during refresh. "On-the-fly" syntax checking information may be incorrect. [C:\Users\SIVA DHANUSH REDDY\Downloads\SPI_Bootloader\Spi_Flashcontroller.srcs\sim_1\new\flash_tb.v:]
WARNING: [filemgmt 56-199] Attempt to get parsing info during refresh. "On-the-fly" syntax checking information may be incorrect. [C:\Users\SIVA DHANUSH REDDY\Downloads\SPI_Bootloader\Spi_Flashcontroller.srcs\sources_1\new\Spi_flashcontroller.v:]
WARNING: [filemgmt 56-199] Attempt to get parsing info during refresh. "On-the-fly" syntax checking information may be incorrect. [C:\Users\SIVA DHANUSH REDDY\Downloads\SPI_Bootloader\Spi_Flashcontroller.srcs\sim_1\new\flash_tb.v:]
WARNING: [filemgmt 56-199] Attempt to get parsing info during refresh. "On-the-fly" syntax checking information may be incorrect. [C:\Users\SIVA DHANUSH REDDY\Downloads\SPI_Bootloader\Spi_Flashcontroller.srcs\sim_1\new\flash_tb.v:]
WARNING: [filemgmt 56-199] Attempt to get parsing info during refresh. "On-the-fly" syntax checking information may be incorrect. [C:\Users\SIVA DHANUSH REDDY\Downloads\SPI_Bootloader\Spi_Flashcontroller.srcs\sources_1\new\pc_reader.v:]
WARNING: [filemgmt 56-199] Attempt to get parsing info during refresh. "On-the-fly" syntax checking information may be incorrect. [C:\Users\SIVA DHANUSH REDDY\Downloads\SPI_Bootloader\Spi_Flashcontroller.srcs\sources_1\new\top_module.v:]
WARNING: [filemgmt 56-199] Attempt to get parsing info during refresh. "On-the-fly" syntax checking information may be incorrect. [C:\Users\SIVA DHANUSH REDDY\Downloads\SPI_Bootloader\Spi_Flashcontroller.srcs\sim_1\new\flash_tb.v:]
WARNING: [filemgmt 56-199] Attempt to get parsing info during refresh. "On-the-fly" syntax checking information may be incorrect. [C:\Users\SIVA DHANUSH REDDY\Downloads\SPI_Bootloader\Spi_Flashcontroller.srcs\sources_1\new\Spi_flashcontroller.v:]
WARNING: [filemgmt 56-199] Attempt to get parsing info during refresh. "On-the-fly" syntax checking information may be incorrect. [C:\Users\SIVA DHANUSH REDDY\Downloads\SPI_Bootloader\Spi_Flashcontroller.srcs\sources_1\new\pc_reader.v:]
WARNING: [filemgmt 56-199] Attempt to get parsing info during refresh. "On-the-fly" syntax checking information may be incorrect. [C:\Users\SIVA DHANUSH REDDY\Downloads\SPI_Bootloader\Spi_Flashcontroller.srcs\sources_1\new\pc_reader.v:]
ERROR: [Common 17-180] Spawn failed: No error
WARNING: [filemgmt 56-199] Attempt to get parsing info during refresh. "On-the-fly" syntax checking information may be incorrect. [C:\Users\SIVA DHANUSH REDDY\Downloads\SPI_Bootloader\Spi_Flashcontroller.srcs\sources_1\new\pc_reader.v:]
WARNING: [filemgmt 56-199] Attempt to get parsing info during refresh. "On-the-fly" syntax checking information may be incorrect. [C:\Users\SIVA DHANUSH REDDY\Downloads\SPI_Bootloader\Spi_Flashcontroller.srcs\sources_1\new\top_module.v:]
WARNING: [filemgmt 56-199] Attempt to get parsing info during refresh. "On-the-fly" syntax checking information may be incorrect. [C:\Users\SIVA DHANUSH REDDY\Downloads\SPI_Bootloader\Spi_Flashcontroller.srcs\sim_1\new\flash_tb.v:]
WARNING: [filemgmt 56-199] Attempt to get parsing info during refresh. "On-the-fly" syntax checking information may be incorrect. [C:\Users\SIVA DHANUSH REDDY\Downloads\SPI_Bootloader\Spi_Flashcontroller.srcs\sources_1\new\Spi_flashcontroller.v:]
WARNING: [filemgmt 56-199] Attempt to get parsing info during refresh. "On-the-fly" syntax checking information may be incorrect. [C:\Users\SIVA DHANUSH REDDY\Downloads\SPI_Bootloader\Spi_Flashcontroller.srcs\sources_1\new\Spi_flashcontroller.v:]
WARNING: [filemgmt 56-199] Attempt to get parsing info during refresh. "On-the-fly" syntax checking information may be incorrect. [C:\Users\SIVA DHANUSH REDDY\Downloads\SPI_Bootloader\Spi_Flashcontroller.srcs\sources_1\new\Spi_flashcontroller.v:]
ERROR: [Common 17-180] Spawn failed: No error
relaunch_sim
Command: launch_simulation -step compile -simset sim_1 -mode behavioral
INFO: [Vivado 12-12493] Simulation top is 'tb_flash'
WARNING: [Vivado 12-13340] Unable to auto find GCC executables from simulator install path! (path not set)
INFO: [Vivado 12-5698] Checking validity of IPs in the design for the 'XSim' simulator...
INFO: [Vivado 12-5682] Launching behavioral simulation in 'C:/Users/SIVA DHANUSH REDDY/Downloads/SPI_Bootloader/Spi_Flashcontroller.sim/sim_1/behav/xsim'
INFO: [Vivado 12-4795] Using compiled simulation libraries for IPs
INFO: [SIM-utils-51] Simulation object is 'sim_1'
INFO: [USF-XSim-2] XSim::Compile design
INFO: [USF-XSim-61] Executing 'COMPILE and ANALYZE' step in 'C:/Users/SIVA DHANUSH REDDY/Downloads/SPI_Bootloader/Spi_Flashcontroller.sim/sim_1/behav/xsim'
"xvlog --incr --relax -L uvm -prj tb_flash_vlog.prj"
INFO: [VRFC 10-2263] Analyzing Verilog file "C:/Users/SIVA DHANUSH REDDY/Downloads/SPI_Bootloader/Spi_Flashcontroller.gen/sources_1/ip/blk_mem_gen_0/sim/blk_mem_gen_0.v" into library xil_defaultlib
INFO: [VRFC 10-311] analyzing module blk_mem_gen_0
INFO: [VRFC 10-2263] Analyzing Verilog file "C:/Users/SIVA DHANUSH REDDY/Downloads/SPI_Bootloader/Spi_Flashcontroller.srcs/sources_1/new/SPI_Test.v" into library xil_defaultlib
INFO: [VRFC 10-311] analyzing module SPI_Driver
INFO: [VRFC 10-2263] Analyzing Verilog file "C:/Users/SIVA DHANUSH REDDY/Downloads/SPI_Bootloader/Spi_Flashcontroller.srcs/sources_1/new/Spi_flashcontroller.v" into library xil_defaultlib
INFO: [VRFC 10-311] analyzing module Spi_flash_controller
INFO: [VRFC 10-2263] Analyzing Verilog file "C:/Users/SIVA DHANUSH REDDY/Downloads/SPI_Bootloader/Spi_Flashcontroller.srcs/sources_1/new/Bulkerase.v" into library xil_defaultlib
INFO: [VRFC 10-311] analyzing module BULK_ERASE
INFO: [VRFC 10-2263] Analyzing Verilog file "C:/Users/SIVA DHANUSH REDDY/Downloads/SPI_Bootloader/Spi_Flashcontroller.srcs/sources_1/new/LED_DRIVER.v" into library xil_defaultlib
INFO: [VRFC 10-311] analyzing module led_driver
INFO: [VRFC 10-2263] Analyzing Verilog file "C:/Users/SIVA DHANUSH REDDY/Downloads/SPI_Bootloader/Spi_Flashcontroller.srcs/sources_1/new/pc_reader.v" into library xil_defaultlib
INFO: [VRFC 10-311] analyzing module pc_reader
INFO: [VRFC 10-2263] Analyzing Verilog file "C:/Users/SIVA DHANUSH REDDY/Downloads/SPI_Bootloader/Spi_Flashcontroller.srcs/sources_1/new/top_module.v" into library xil_defaultlib
INFO: [VRFC 10-311] analyzing module top_flash
INFO: [VRFC 10-2263] Analyzing Verilog file "C:/Users/SIVA DHANUSH REDDY/Downloads/Spi_Flashcontroller/Spi_Flashcontroller.srcs/sim_1/new/Tb_pi.v" into library xil_defaultlib
INFO: [VRFC 10-311] analyzing module tb_SPI_Driver
INFO: [VRFC 10-2263] Analyzing Verilog file "C:/Users/SIVA DHANUSH REDDY/Downloads/SPI_Bootloader/Spi_Flashcontroller.srcs/sim_1/new/flash_tb.v" into library xil_defaultlib
INFO: [VRFC 10-311] analyzing module tb_flash
INFO: [VRFC 10-2263] Analyzing Verilog file "C:/Users/SIVA DHANUSH REDDY/Downloads/SPI_Bootloader/Spi_Flashcontroller.srcs/sim_1/new/tb_practice.v" into library xil_defaultlib
INFO: [USF-XSim-69] 'compile' step finished in '3' seconds
Command: launch_simulation -step elaborate -simset sim_1 -mode behavioral
INFO: [Vivado 12-12493] Simulation top is 'tb_flash'
WARNING: [Vivado 12-13340] Unable to auto find GCC executables from simulator install path! (path not set)
INFO: [Vivado 12-5698] Checking validity of IPs in the design for the 'XSim' simulator...
INFO: [Vivado 12-5682] Launching behavioral simulation in 'C:/Users/SIVA DHANUSH REDDY/Downloads/SPI_Bootloader/Spi_Flashcontroller.sim/sim_1/behav/xsim'
INFO: [Vivado 12-4795] Using compiled simulation libraries for IPs
INFO: [SIM-utils-51] Simulation object is 'sim_1'
INFO: [USF-XSim-3] XSim::Elaborate design
INFO: [USF-XSim-61] Executing 'ELABORATE' step in 'C:/Users/SIVA DHANUSH REDDY/Downloads/SPI_Bootloader/Spi_Flashcontroller.sim/sim_1/behav/xsim'
"xelab --incr --debug typical --relax --mt 2 -L xil_defaultlib -L blk_mem_gen_v8_4_9 -L uvm -L unisims_ver -L unimacro_ver -L secureip -L xpm --snapshot tb_flash_behav xil_defaultlib.tb_flash xil_defaultlib.glbl -log elaborate.log"
Vivado Simulator v2024.2.0
Copyright 1986-2022 Xilinx, Inc. All Rights Reserved.
Copyright 2022-2024 Advanced Micro Devices, Inc. All Rights Reserved.
Running: C:/Xilinx/Vivado/2024.2/bin/unwrapped/win64.o/xelab.exe --incr --debug typical --relax --mt 2 -L xil_defaultlib -L blk_mem_gen_v8_4_9 -L uvm -L unisims_ver -L unimacro_ver -L secureip -L xpm --snapshot tb_flash_behav xil_defaultlib.tb_flash xil_defaultlib.glbl -log elaborate.log 
Using 2 slave threads.
Starting static elaboration
Pass Through NonSizing Optimizer
Completed static elaboration
Starting simulation data flow analysis
Completed simulation data flow analysis
Time Resolution for simulation is 1ps
Compiling module xil_defaultlib.Spi_flash_controller
Compiling module xil_defaultlib.tb_flash
Compiling module xil_defaultlib.glbl
Built simulation snapshot tb_flash_behav
INFO: [USF-XSim-69] 'elaborate' step finished in '3' seconds
Time resolution is 1 ps
relaunch_sim: Time (s): cpu = 00:00:03 ; elapsed = 00:00:09 . Memory (MB): peak = 3708.523 ; gain = 0.000
run 1000 us
[1305000] READ WORD = Z995201c
[1925000] READ WORD = 04c41000
[2545000] READ WORD = 20223000
[3165000] READ WORD = 053203c3
[3785000] READ WORD = e0f90800
[4405000] READ WORD = 00ffffff
[5025000] READ WORD = ffXxxxxx
[5645000] READ WORD = xxxxxxxx
[6265000] READ WORD = xxxxxxxx
[6885000] READ WORD = xxxxxxxx
[7505000] READ WORD = xxxxxxxx
[8125000] READ WORD = xxxxxxxx
[8745000] READ WORD = xxxxxxxx
[9365000] READ WORD = xxxxxxxx
[9985000] READ WORD = xxxxxxxx
[10605000] READ WORD = xxxxxxxx
[11225000] READ WORD = xxxxxxxx
[11845000] READ WORD = xxxxxxxx
[12465000] READ WORD = xxxxxxxx
[13085000] READ WORD = xxxxxxxx
[13705000] READ WORD = xxxxxxxx
[14325000] READ WORD = xxxxxxxx
[14945000] READ WORD = xxxxxxxx
[15565000] READ WORD = xxxxxxxx
[16185000] READ WORD = xxxxxxxx
[16805000] READ WORD = xxxxxxxx
[17425000] READ WORD = xxxxxxxx
[18045000] READ WORD = xxxxxxxx
[18665000] READ WORD = xxxxxxxx
[19285000] READ WORD = xxxxxxxx
[19905000] READ WORD = xxxxxxxx
[20525000] READ WORD = xxxxxxxx
[21145000] READ WORD = xxxxxxxx
[21765000] READ WORD = xxxxxxxx
[22385000] READ WORD = xxxxxxxx
[23005000] READ WORD = xxxxxxxx
[23625000] READ WORD = xxxxxxxx
[24245000] READ WORD = xxxxxxxx
[24865000] READ WORD = xxxxxxxx
[25485000] READ WORD = xxxxxxxx
[26105000] READ WORD = xxxxxxxx
[26725000] READ WORD = xxxxxxxx
[27345000] READ WORD = xxxxxxxx
[27965000] READ WORD = xxxxxxxx
[28585000] READ WORD = xxxxxxxx
[29205000] READ WORD = xxxxxxxx
[29825000] READ WORD = xxxxxxxx
[30445000] READ WORD = xxxxxxxx
[31065000] READ WORD = xxxxxxxx
[31685000] READ WORD = xxxxxxxx
[32305000] READ WORD = xxxxxxxx
[32925000] READ WORD = xxxxxxxx
[33545000] READ WORD = xxxxxxxx
[34165000] READ WORD = xxxxxxxx
[34785000] READ WORD = xxxxxxxx
[35405000] READ WORD = xxxxxxxx
[36025000] READ WORD = xxxxxxxx
[36645000] READ WORD = xxxxxxxx
[37265000] READ WORD = xxxxxxxx
[37885000] READ WORD = xxxxxxxx
[38505000] READ WORD = xxxxxxxx
[39125000] READ WORD = xxxxxxxx
[39745000] READ WORD = xxxxxxxx
[40365000] READ WORD = xxxxxxxx
[40985000] READ WORD = xxxxxxxx
[41605000] READ WORD = xxxxxxxx
[42225000] READ WORD = xxxxxxxx
[42845000] READ WORD = xxxxxxxx
[43465000] READ WORD = xxxxxxxx
[44085000] READ WORD = xxxxxxxx
[44705000] READ WORD = xxxxxxxx
[45325000] READ WORD = xxxxxxxx
[45945000] READ WORD = xxxxxxxx
[46565000] READ WORD = xxxxxxxx
[47185000] READ WORD = xxxxxxxx
[47805000] READ WORD = xxxxxxxx
[48425000] READ WORD = xxxxxxxx
[49045000] READ WORD = xxxxxxxx
[49665000] READ WORD = xxxxxxxx
[50285000] READ WORD = xxxxxxxx
[50905000] READ WORD = xxxxxxxx
[51525000] READ WORD = xxxxxxxx
[52145000] READ WORD = xxxxxxxx
[52765000] READ WORD = xxxxxxxx
[53385000] READ WORD = xxxxxxxx
[54005000] READ WORD = xxxxxxxx
[54625000] READ WORD = xxxxxxxx
[55245000] READ WORD = xxxxxxxx
[55865000] READ WORD = xxxxxxxx
[56485000] READ WORD = xxxxxxxx
[57105000] READ WORD = xxxxxxxx
[57725000] READ WORD = xxxxxxxx
[58345000] READ WORD = xxxxxxxx
[58965000] READ WORD = xxxxxxxx
[59585000] READ WORD = xxxxxxxx
[60205000] READ WORD = xxxxxxxx
[60825000] READ WORD = xxxxxxxx
[61445000] READ WORD = xxxxxxxx
[62065000] READ WORD = xxxxxxxx
[62685000] READ WORD = xxxxxxxx
[63305000] READ WORD = xxxxxxxx
[63925000] READ WORD = xxxxxxxx
[64545000] READ WORD = xxxxxxxx
[65165000] READ WORD = xxxxxxxx
[65785000] READ WORD = xxxxxxxx
[66405000] READ WORD = xxxxxxxx
[67025000] READ WORD = xxxxxxxx
[67645000] READ WORD = xxxxxxxx
[68265000] READ WORD = xxxxxxxx
[68885000] READ WORD = xxxxxxxx
[69505000] READ WORD = xxxxxxxx
[70125000] READ WORD = xxxxxxxx
[70745000] READ WORD = xxxxxxxx
[71365000] READ WORD = xxxxxxxx
[71985000] READ WORD = xxxxxxxx
[72605000] READ WORD = xxxxxxxx
[73225000] READ WORD = xxxxxxxx
[73845000] READ WORD = xxxxxxxx
[74465000] READ WORD = xxxxxxxx
[75085000] READ WORD = xxxxxxxx
[75705000] READ WORD = xxxxxxxx
[76325000] READ WORD = xxxxxxxx
[76945000] READ WORD = xxxxxxxx
[77565000] READ WORD = xxxxxxxx
[78185000] READ WORD = xxxxxxxx
[78805000] READ WORD = xxxxxxxx
[79425000] READ WORD = xxxxxxxx
[80045000] READ WORD = xxxxxxxx
[80665000] READ WORD = xxxxxxxx
[81285000] READ WORD = xxxxxxxx
[81905000] READ WORD = xxxxxxxx
[82525000] READ WORD = xxxxxxxx
[83145000] READ WORD = xxxxxxxx
[83765000] READ WORD = xxxxxxxx
[84385000] READ WORD = xxxxxxxx
[85005000] READ WORD = xxxxxxxx
[85625000] READ WORD = xxxxxxxx
[86245000] READ WORD = xxxxxxxx
[86865000] READ WORD = xxxxxxxx
[87485000] READ WORD = xxxxxxxx
[88105000] READ WORD = xxxxxxxx
[88725000] READ WORD = xxxxxxxx
[89345000] READ WORD = xxxxxxxx
[89965000] READ WORD = xxxxxxxx
[90585000] READ WORD = xxxxxxxx
[91205000] READ WORD = xxxxxxxx
[91825000] READ WORD = xxxxxxxx
[92445000] READ WORD = xxxxxxxx
[93065000] READ WORD = xxxxxxxx
[93685000] READ WORD = xxxxxxxx
[94305000] READ WORD = xxxxxxxx
[94925000] READ WORD = xxxxxxxx
[95545000] READ WORD = xxxxxxxx
[96165000] READ WORD = xxxxxxxx
[96785000] READ WORD = xxxxxxxx
[97405000] READ WORD = xxxxxxxx
[98025000] READ WORD = xxxxxxxx
[98645000] READ WORD = xxxxxxxx
[99265000] READ WORD = xxxxxxxx
[99885000] READ WORD = xxxxxxxx
[100505000] READ WORD = xxxxxxxx
[101125000] READ WORD = xxxxxxxx
[101745000] READ WORD = xxxxxxxx
[102365000] READ WORD = xxxxxxxx
[102985000] READ WORD = xxxxxxxx
[103605000] READ WORD = xxxxxxxx
[104225000] READ WORD = xxxxxxxx
[104845000] READ WORD = xxxxxxxx
[105465000] READ WORD = xxxxxxxx
[106085000] READ WORD = xxxxxxxx
[106705000] READ WORD = xxxxxxxx
[107325000] READ WORD = xxxxxxxx
[107945000] READ WORD = xxxxxxxx
[108565000] READ WORD = xxxxxxxx
[109185000] READ WORD = xxxxxxxx
[109805000] READ WORD = xxxxxxxx
[110425000] READ WORD = xxxxxxxx
[111045000] READ WORD = xxxxxxxx
[111665000] READ WORD = xxxxxxxx
[112285000] READ WORD = xxxxxxxx
[112905000] READ WORD = xxxxxxxx
[113525000] READ WORD = xxxxxxxx
[114145000] READ WORD = xxxxxxxx
[114765000] READ WORD = xxxxxxxx
[115385000] READ WORD = xxxxxxxx
[116005000] READ WORD = xxxxxxxx
[116625000] READ WORD = xxxxxxxx
[117245000] READ WORD = xxxxxxxx
[117865000] READ WORD = xxxxxxxx
[118485000] READ WORD = xxxxxxxx
[119105000] READ WORD = xxxxxxxx
[119725000] READ WORD = xxxxxxxx
[120345000] READ WORD = xxxxxxxx
[120965000] READ WORD = xxxxxxxx
[121585000] READ WORD = xxxxxxxx
[122205000] READ WORD = xxxxxxxx
[122825000] READ WORD = xxxxxxxx
[123445000] READ WORD = xxxxxxxx
[124065000] READ WORD = xxxxxxxx
[124685000] READ WORD = xxxxxxxx
[125305000] READ WORD = xxxxxxxx
[125925000] READ WORD = xxxxxxxx
[126545000] READ WORD = xxxxxxxx
[127165000] READ WORD = xxxxxxxx
[127785000] READ WORD = xxxxxxxx
[128405000] READ WORD = xxxxxxxx
[129025000] READ WORD = xxxxxxxx
[129645000] READ WORD = xxxxxxxx
[130265000] READ WORD = xxxxxxxx
[130885000] READ WORD = xxxxxxxx
[131505000] READ WORD = xxxxxxxx
[132125000] READ WORD = xxxxxxxx
[132745000] READ WORD = xxxxxxxx
[133365000] READ WORD = xxxxxxxx
[133985000] READ WORD = xxxxxxxx
[134605000] READ WORD = xxxxxxxx
[135225000] READ WORD = xxxxxxxx
[135845000] READ WORD = xxxxxxxx
[136465000] READ WORD = xxxxxxxx
[137085000] READ WORD = xxxxxxxx
[137705000] READ WORD = xxxxxxxx
[138325000] READ WORD = xxxxxxxx
[138945000] READ WORD = xxxxxxxx
[139565000] READ WORD = xxxxxxxx
[140185000] READ WORD = xxxxxxxx
[140805000] READ WORD = xxxxxxxx
[141425000] READ WORD = xxxxxxxx
[142045000] READ WORD = xxxxxxxx
[142665000] READ WORD = xxxxxxxx
[143285000] READ WORD = xxxxxxxx
[143905000] READ WORD = xxxxxxxx
[144525000] READ WORD = xxxxxxxx
[145145000] READ WORD = xxxxxxxx
[145765000] READ WORD = xxxxxxxx
[146385000] READ WORD = xxxxxxxx
[147005000] READ WORD = xxxxxxxx
[147625000] READ WORD = xxxxxxxx
[148245000] READ WORD = xxxxxxxx
[148865000] READ WORD = xxxxxxxx
[149485000] READ WORD = xxxxxxxx
[150105000] READ WORD = xxxxxxxx
[150725000] READ WORD = xxxxxxxx
[151345000] READ WORD = xxxxxxxx
[151965000] READ WORD = xxxxxxxx
[152585000] READ WORD = xxxxxxxx
[153205000] READ WORD = xxxxxxxx
[153825000] READ WORD = xxxxxxxx
[154445000] READ WORD = xxxxxxxx
[155065000] READ WORD = xxxxxxxx
[155685000] READ WORD = xxxxxxxx
[156305000] READ WORD = xxxxxxxx
[156925000] READ WORD = xxxxxxxx
[157545000] READ WORD = xxxxxxxx
[158165000] READ WORD = xxxxxxxx
[158785000] READ WORD = xxxxxxxx
[159405000] READ WORD = xxxxxxxx
[160025000] READ WORD = xxxxxxxx
[160645000] READ WORD = xxxxxxxx
[161265000] READ WORD = xxxxxxxx
[161885000] READ WORD = xxxxxxxx
[162505000] READ WORD = xxxxxxxx
[163125000] READ WORD = xxxxxxxx
[163745000] READ WORD = xxxxxxxx
[164365000] READ WORD = xxxxxxxx
[164985000] READ WORD = xxxxxxxx
[165605000] READ WORD = xxxxxxxx
[166225000] READ WORD = xxxxxxxx
[166845000] READ WORD = xxxxxxxx
[167465000] READ WORD = xxxxxxxx
[168085000] READ WORD = xxxxxxxx
[168705000] READ WORD = xxxxxxxx
[169325000] READ WORD = xxxxxxxx
[169945000] READ WORD = xxxxxxxx
[170565000] READ WORD = xxxxxxxx
[171185000] READ WORD = xxxxxxxx
[171805000] READ WORD = xxxxxxxx
[172425000] READ WORD = xxxxxxxx
[173045000] READ WORD = xxxxxxxx
[173665000] READ WORD = xxxxxxxx
[174285000] READ WORD = xxxxxxxx
[174905000] READ WORD = xxxxxxxx
[175525000] READ WORD = xxxxxxxx
[176145000] READ WORD = xxxxxxxx
[176765000] READ WORD = xxxxxxxx
[177385000] READ WORD = xxxxxxxx
[178005000] READ WORD = xxxxxxxx
[178625000] READ WORD = xxxxxxxx
[179245000] READ WORD = xxxxxxxx
[179865000] READ WORD = xxxxxxxx
[180485000] READ WORD = xxxxxxxx
[181105000] READ WORD = xxxxxxxx
[181725000] READ WORD = xxxxxxxx
[182345000] READ WORD = xxxxxxxx
[182965000] READ WORD = xxxxxxxx
[183585000] READ WORD = xxxxxxxx
[184205000] READ WORD = xxxxxxxx
[184825000] READ WORD = xxxxxxxx
[185445000] READ WORD = xxxxxxxx
[186065000] READ WORD = xxxxxxxx
[186685000] READ WORD = xxxxxxxx
[187305000] READ WORD = xxxxxxxx
[187925000] READ WORD = xxxxxxxx
[188545000] READ WORD = xxxxxxxx
[189165000] READ WORD = xxxxxxxx
[189785000] READ WORD = xxxxxxxx
[190405000] READ WORD = xxxxxxxx
[191025000] READ WORD = xxxxxxxx
[191645000] READ WORD = xxxxxxxx
[192265000] READ WORD = xxxxxxxx
[192885000] READ WORD = xxxxxxxx
[193505000] READ WORD = xxxxxxxx
[194125000] READ WORD = xxxxxxxx
[194745000] READ WORD = xxxxxxxx
[195365000] READ WORD = xxxxxxxx
[195985000] READ WORD = xxxxxxxx
[196605000] READ WORD = xxxxxxxx
[197225000] READ WORD = xxxxxxxx
[197845000] READ WORD = xxxxxxxx
[198465000] READ WORD = xxxxxxxx
[199085000] READ WORD = xxxxxxxx
[199705000] READ WORD = xxxxxxxx
[200325000] READ WORD = xxxxxxxx
[200945000] READ WORD = xxxxxxxx
[201565000] READ WORD = xxxxxxxx
[202185000] READ WORD = xxxxxxxx
[202805000] READ WORD = xxxxxxxx
[203425000] READ WORD = xxxxxxxx
[204045000] READ WORD = xxxxxxxx
[204665000] READ WORD = xxxxxxxx
[205285000] READ WORD = xxxxxxxx
[205905000] READ WORD = xxxxxxxx
[206525000] READ WORD = xxxxxxxx
[207145000] READ WORD = xxxxxxxx
[207765000] READ WORD = xxxxxxxx
[208385000] READ WORD = xxxxxxxx
[209005000] READ WORD = xxxxxxxx
[209625000] READ WORD = xxxxxxxx
[210245000] READ WORD = xxxxxxxx
[210865000] READ WORD = xxxxxxxx
[211485000] READ WORD = xxxxxxxx
[212105000] READ WORD = xxxxxxxx
[212725000] READ WORD = xxxxxxxx
[213345000] READ WORD = xxxxxxxx
[213965000] READ WORD = xxxxxxxx
[214585000] READ WORD = xxxxxxxx
[215205000] READ WORD = xxxxxxxx
[215825000] READ WORD = xxxxxxxx
[216445000] READ WORD = xxxxxxxx
[217065000] READ WORD = xxxxxxxx
[217685000] READ WORD = xxxxxxxx
[218305000] READ WORD = xxxxxxxx
[218925000] READ WORD = xxxxxxxx
[219545000] READ WORD = xxxxxxxx
[220165000] READ WORD = xxxxxxxx
[220785000] READ WORD = xxxxxxxx
[221405000] READ WORD = xxxxxxxx
[222025000] READ WORD = xxxxxxxx
[222645000] READ WORD = xxxxxxxx
[223265000] READ WORD = xxxxxxxx
[223885000] READ WORD = xxxxxxxx
[224505000] READ WORD = xxxxxxxx
[225125000] READ WORD = xxxxxxxx
[225745000] READ WORD = xxxxxxxx
[226365000] READ WORD = xxxxxxxx
[226985000] READ WORD = xxxxxxxx
[227605000] READ WORD = xxxxxxxx
[228225000] READ WORD = xxxxxxxx
[228845000] READ WORD = xxxxxxxx
[229465000] READ WORD = xxxxxxxx
[230085000] READ WORD = xxxxxxxx
[230705000] READ WORD = xxxxxxxx
[231325000] READ WORD = xxxxxxxx
[231945000] READ WORD = xxxxxxxx
[232565000] READ WORD = xxxxxxxx
[233185000] READ WORD = xxxxxxxx
[233805000] READ WORD = xxxxxxxx
[234425000] READ WORD = xxxxxxxx
[235045000] READ WORD = xxxxxxxx
[235665000] READ WORD = xxxxxxxx
[236285000] READ WORD = xxxxxxxx
[236905000] READ WORD = xxxxxxxx
[237525000] READ WORD = xxxxxxxx
[238145000] READ WORD = xxxxxxxx
[238765000] READ WORD = xxxxxxxx
[239385000] READ WORD = xxxxxxxx
[240005000] READ WORD = xxxxxxxx
[240625000] READ WORD = xxxxxxxx
[241245000] READ WORD = xxxxxxxx
[241865000] READ WORD = xxxxxxxx
[242485000] READ WORD = xxxxxxxx
[243105000] READ WORD = xxxxxxxx
[243725000] READ WORD = xxxxxxxx
[244345000] READ WORD = xxxxxxxx
[244965000] READ WORD = xxxxxxxx
[245585000] READ WORD = xxxxxxxx
[246205000] READ WORD = xxxxxxxx
[246825000] READ WORD = xxxxxxxx
[247445000] READ WORD = xxxxxxxx
[248065000] READ WORD = xxxxxxxx
[248685000] READ WORD = xxxxxxxx
[249305000] READ WORD = xxxxxxxx
[249925000] READ WORD = xxxxxxxx
[250545000] READ WORD = xxxxxxxx
[251165000] READ WORD = xxxxxxxx
[251785000] READ WORD = xxxxxxxx
[252405000] READ WORD = xxxxxxxx
[253025000] READ WORD = xxxxxxxx
[253645000] READ WORD = xxxxxxxx
[254265000] READ WORD = xxxxxxxx
[254885000] READ WORD = xxxxxxxx
[255505000] READ WORD = xxxxxxxx
[256125000] READ WORD = xxxxxxxx
[256745000] READ WORD = xxxxxxxx
[257365000] READ WORD = xxxxxxxx
[257985000] READ WORD = xxxxxxxx
[258605000] READ WORD = xxxxxxxx
[259225000] READ WORD = xxxxxxxx
[259845000] READ WORD = xxxxxxxx
[260465000] READ WORD = xxxxxxxx
[261085000] READ WORD = xxxxxxxx
[261705000] READ WORD = xxxxxxxx
[262325000] READ WORD = xxxxxxxx
[262945000] READ WORD = xxxxxxxx
[263565000] READ WORD = xxxxxxxx
[264185000] READ WORD = xxxxxxxx
[264805000] READ WORD = xxxxxxxx
[265425000] READ WORD = xxxxxxxx
[266045000] READ WORD = xxxxxxxx
[266665000] READ WORD = xxxxxxxx
[267285000] READ WORD = xxxxxxxx
[267905000] READ WORD = xxxxxxxx
[268525000] READ WORD = xxxxxxxx
[269145000] READ WORD = xxxxxxxx
[269765000] READ WORD = xxxxxxxx
[270385000] READ WORD = xxxxxxxx
[271005000] READ WORD = xxxxxxxx
[271625000] READ WORD = xxxxxxxx
[272245000] READ WORD = xxxxxxxx
[272865000] READ WORD = xxxxxxxx
[273485000] READ WORD = xxxxxxxx
[274105000] READ WORD = xxxxxxxx
[274725000] READ WORD = xxxxxxxx
[275345000] READ WORD = xxxxxxxx
[275965000] READ WORD = xxxxxxxx
[276585000] READ WORD = xxxxxxxx
[277205000] READ WORD = xxxxxxxx
[277825000] READ WORD = xxxxxxxx
[278445000] READ WORD = xxxxxxxx
[279065000] READ WORD = xxxxxxxx
[279685000] READ WORD = xxxxxxxx
[280305000] READ WORD = xxxxxxxx
[280925000] READ WORD = xxxxxxxx
[281545000] READ WORD = xxxxxxxx
[282165000] READ WORD = xxxxxxxx
[282785000] READ WORD = xxxxxxxx
[283405000] READ WORD = xxxxxxxx
[284025000] READ WORD = xxxxxxxx
[284645000] READ WORD = xxxxxxxx
[285265000] READ WORD = xxxxxxxx
[285885000] READ WORD = xxxxxxxx
[286505000] READ WORD = xxxxxxxx
[287125000] READ WORD = xxxxxxxx
[287745000] READ WORD = xxxxxxxx
[288365000] READ WORD = xxxxxxxx
[288985000] READ WORD = xxxxxxxx
[289605000] READ WORD = xxxxxxxx
[290225000] READ WORD = xxxxxxxx
[290845000] READ WORD = xxxxxxxx
[291465000] READ WORD = xxxxxxxx
[292085000] READ WORD = xxxxxxxx
[292705000] READ WORD = xxxxxxxx
[293325000] READ WORD = xxxxxxxx
[293945000] READ WORD = xxxxxxxx
[294565000] READ WORD = xxxxxxxx
[295185000] READ WORD = xxxxxxxx
[295805000] READ WORD = xxxxxxxx
[296425000] READ WORD = xxxxxxxx
[297045000] READ WORD = xxxxxxxx
[297665000] READ WORD = xxxxxxxx
[298285000] READ WORD = xxxxxxxx
[298905000] READ WORD = xxxxxxxx
[299525000] READ WORD = xxxxxxxx
[300145000] READ WORD = xxxxxxxx
[300765000] READ WORD = xxxxxxxx
[301385000] READ WORD = xxxxxxxx
[302005000] READ WORD = xxxxxxxx
[302625000] READ WORD = xxxxxxxx
[303245000] READ WORD = xxxxxxxx
[303865000] READ WORD = xxxxxxxx
[304485000] READ WORD = xxxxxxxx
[305105000] READ WORD = xxxxxxxx
[305725000] READ WORD = xxxxxxxx
[306345000] READ WORD = xxxxxxxx
[306965000] READ WORD = xxxxxxxx
[307585000] READ WORD = xxxxxxxx
[308205000] READ WORD = xxxxxxxx
[308825000] READ WORD = xxxxxxxx
[309445000] READ WORD = xxxxxxxx
[310065000] READ WORD = xxxxxxxx
[310685000] READ WORD = xxxxxxxx
[311305000] READ WORD = xxxxxxxx
[311925000] READ WORD = xxxxxxxx
[312545000] READ WORD = xxxxxxxx
[313165000] READ WORD = xxxxxxxx
[313785000] READ WORD = xxxxxxxx
[314405000] READ WORD = xxxxxxxx
[315025000] READ WORD = xxxxxxxx
[315645000] READ WORD = xxxxxxxx
[316265000] READ WORD = xxxxxxxx
[316885000] READ WORD = xxxxxxxx
[317505000] READ WORD = xxxxxxxx
[318125000] READ WORD = xxxxxxxx
[318745000] READ WORD = xxxxxxxx
[319365000] READ WORD = xxxxxxxx
[319985000] READ WORD = xxxxxxxx
[320605000] READ WORD = xxxxxxxx
[321225000] READ WORD = xxxxxxxx
[321845000] READ WORD = xxxxxxxx
[322465000] READ WORD = xxxxxxxx
[323085000] READ WORD = xxxxxxxx
[323705000] READ WORD = xxxxxxxx
[324325000] READ WORD = xxxxxxxx
[324945000] READ WORD = xxxxxxxx
[325565000] READ WORD = xxxxxxxx
[326185000] READ WORD = xxxxxxxx
[326805000] READ WORD = xxxxxxxx
[327425000] READ WORD = xxxxxxxx
[328045000] READ WORD = xxxxxxxx
[328665000] READ WORD = xxxxxxxx
[329285000] READ WORD = xxxxxxxx
[329905000] READ WORD = xxxxxxxx
[330525000] READ WORD = xxxxxxxx
[331145000] READ WORD = xxxxxxxx
[331765000] READ WORD = xxxxxxxx
[332385000] READ WORD = xxxxxxxx
[333005000] READ WORD = xxxxxxxx
[333625000] READ WORD = xxxxxxxx
[334245000] READ WORD = xxxxxxxx
[334865000] READ WORD = xxxxxxxx
[335485000] READ WORD = xxxxxxxx
[336105000] READ WORD = xxxxxxxx
[336725000] READ WORD = xxxxxxxx
[337345000] READ WORD = xxxxxxxx
[337965000] READ WORD = xxxxxxxx
[338585000] READ WORD = xxxxxxxx
[339205000] READ WORD = xxxxxxxx
[339825000] READ WORD = xxxxxxxx
[340445000] READ WORD = xxxxxxxx
[341065000] READ WORD = xxxxxxxx
[341685000] READ WORD = xxxxxxxx
[342305000] READ WORD = xxxxxxxx
[342925000] READ WORD = xxxxxxxx
[343545000] READ WORD = xxxxxxxx
[344165000] READ WORD = xxxxxxxx
[344785000] READ WORD = xxxxxxxx
[345405000] READ WORD = xxxxxxxx
[346025000] READ WORD = xxxxxxxx
[346645000] READ WORD = xxxxxxxx
[347265000] READ WORD = xxxxxxxx
[347885000] READ WORD = xxxxxxxx
[348505000] READ WORD = xxxxxxxx
[349125000] READ WORD = xxxxxxxx
[349745000] READ WORD = xxxxxxxx
[350365000] READ WORD = xxxxxxxx
[350985000] READ WORD = xxxxxxxx
[351605000] READ WORD = xxxxxxxx
[352225000] READ WORD = xxxxxxxx
[352845000] READ WORD = xxxxxxxx
[353465000] READ WORD = xxxxxxxx
[354085000] READ WORD = xxxxxxxx
[354705000] READ WORD = xxxxxxxx
[355325000] READ WORD = xxxxxxxx
[355945000] READ WORD = xxxxxxxx
[356565000] READ WORD = xxxxxxxx
[357185000] READ WORD = xxxxxxxx
[357805000] READ WORD = xxxxxxxx
[358425000] READ WORD = xxxxxxxx
[359045000] READ WORD = xxxxxxxx
[359665000] READ WORD = xxxxxxxx
[360285000] READ WORD = xxxxxxxx
[360905000] READ WORD = xxxxxxxx
[361525000] READ WORD = xxxxxxxx
[362145000] READ WORD = xxxxxxxx
[362765000] READ WORD = xxxxxxxx
[363385000] READ WORD = xxxxxxxx
[364005000] READ WORD = xxxxxxxx
[364625000] READ WORD = xxxxxxxx
[365245000] READ WORD = xxxxxxxx
[365865000] READ WORD = xxxxxxxx
[366485000] READ WORD = xxxxxxxx
[367105000] READ WORD = xxxxxxxx
[367725000] READ WORD = xxxxxxxx
[368345000] READ WORD = xxxxxxxx
[368965000] READ WORD = xxxxxxxx
[369585000] READ WORD = xxxxxxxx
[370205000] READ WORD = xxxxxxxx
[370825000] READ WORD = xxxxxxxx
[371445000] READ WORD = xxxxxxxx
[372065000] READ WORD = xxxxxxxx
[372685000] READ WORD = xxxxxxxx
[373305000] READ WORD = xxxxxxxx
[373925000] READ WORD = xxxxxxxx
[374545000] READ WORD = xxxxxxxx
[375165000] READ WORD = xxxxxxxx
[375785000] READ WORD = xxxxxxxx
[376405000] READ WORD = xxxxxxxx
[377025000] READ WORD = xxxxxxxx
[377645000] READ WORD = xxxxxxxx
[378265000] READ WORD = xxxxxxxx
[378885000] READ WORD = xxxxxxxx
[379505000] READ WORD = xxxxxxxx
[380125000] READ WORD = xxxxxxxx
[380745000] READ WORD = xxxxxxxx
[381365000] READ WORD = xxxxxxxx
[381985000] READ WORD = xxxxxxxx
[382605000] READ WORD = xxxxxxxx
[383225000] READ WORD = xxxxxxxx
[383845000] READ WORD = xxxxxxxx
[384465000] READ WORD = xxxxxxxx
[385085000] READ WORD = xxxxxxxx
[385705000] READ WORD = xxxxxxxx
[386325000] READ WORD = xxxxxxxx
[386945000] READ WORD = xxxxxxxx
[387565000] READ WORD = xxxxxxxx
[388185000] READ WORD = xxxxxxxx
[388805000] READ WORD = xxxxxxxx
[389425000] READ WORD = xxxxxxxx
[390045000] READ WORD = xxxxxxxx
[390665000] READ WORD = xxxxxxxx
[391285000] READ WORD = xxxxxxxx
[391905000] READ WORD = xxxxxxxx
[392525000] READ WORD = xxxxxxxx
[393145000] READ WORD = xxxxxxxx
[393765000] READ WORD = xxxxxxxx
[394385000] READ WORD = xxxxxxxx
[395005000] READ WORD = xxxxxxxx
[395625000] READ WORD = xxxxxxxx
[396245000] READ WORD = xxxxxxxx
[396865000] READ WORD = xxxxxxxx
[397485000] READ WORD = xxxxxxxx
[398105000] READ WORD = xxxxxxxx
[398725000] READ WORD = xxxxxxxx
[399345000] READ WORD = xxxxxxxx
[399965000] READ WORD = xxxxxxxx
[400585000] READ WORD = xxxxxxxx
[401205000] READ WORD = xxxxxxxx
[401825000] READ WORD = xxxxxxxx
[402445000] READ WORD = xxxxxxxx
[403065000] READ WORD = xxxxxxxx
[403685000] READ WORD = xxxxxxxx
[404305000] READ WORD = xxxxxxxx
[404925000] READ WORD = xxxxxxxx
[405545000] READ WORD = xxxxxxxx
[406165000] READ WORD = xxxxxxxx
[406785000] READ WORD = xxxxxxxx
[407405000] READ WORD = xxxxxxxx
[408025000] READ WORD = xxxxxxxx
[408645000] READ WORD = xxxxxxxx
[409265000] READ WORD = xxxxxxxx
[409885000] READ WORD = xxxxxxxx
[410505000] READ WORD = xxxxxxxx
[411125000] READ WORD = xxxxxxxx
[411745000] READ WORD = xxxxxxxx
[412365000] READ WORD = xxxxxxxx
[412985000] READ WORD = xxxxxxxx
[413605000] READ WORD = xxxxxxxx
[414225000] READ WORD = xxxxxxxx
[414845000] READ WORD = xxxxxxxx
[415465000] READ WORD = xxxxxxxx
[416085000] READ WORD = xxxxxxxx
[416705000] READ WORD = xxxxxxxx
[417325000] READ WORD = xxxxxxxx
[417945000] READ WORD = xxxxxxxx
[418565000] READ WORD = xxxxxxxx
[419185000] READ WORD = xxxxxxxx
[419805000] READ WORD = xxxxxxxx
[420425000] READ WORD = xxxxxxxx
[421045000] READ WORD = xxxxxxxx
[421665000] READ WORD = xxxxxxxx
[422285000] READ WORD = xxxxxxxx
[422905000] READ WORD = xxxxxxxx
[423525000] READ WORD = xxxxxxxx
[424145000] READ WORD = xxxxxxxx
[424765000] READ WORD = xxxxxxxx
[425385000] READ WORD = xxxxxxxx
[426005000] READ WORD = xxxxxxxx
[426625000] READ WORD = xxxxxxxx
[427245000] READ WORD = xxxxxxxx
[427865000] READ WORD = xxxxxxxx
[428485000] READ WORD = xxxxxxxx
[429105000] READ WORD = xxxxxxxx
[429725000] READ WORD = xxxxxxxx
[430345000] READ WORD = xxxxxxxx
[430965000] READ WORD = xxxxxxxx
[431585000] READ WORD = xxxxxxxx
[432205000] READ WORD = xxxxxxxx
[432825000] READ WORD = xxxxxxxx
[433445000] READ WORD = xxxxxxxx
[434065000] READ WORD = xxxxxxxx
[434685000] READ WORD = xxxxxxxx
[435305000] READ WORD = xxxxxxxx
[435925000] READ WORD = xxxxxxxx
[436545000] READ WORD = xxxxxxxx
[437165000] READ WORD = xxxxxxxx
[437785000] READ WORD = xxxxxxxx
[438405000] READ WORD = xxxxxxxx
[439025000] READ WORD = xxxxxxxx
[439645000] READ WORD = xxxxxxxx
[440265000] READ WORD = xxxxxxxx
[440885000] READ WORD = xxxxxxxx
[441505000] READ WORD = xxxxxxxx
[442125000] READ WORD = xxxxxxxx
[442745000] READ WORD = xxxxxxxx
[443365000] READ WORD = xxxxxxxx
[443985000] READ WORD = xxxxxxxx
[444605000] READ WORD = xxxxxxxx
[445225000] READ WORD = xxxxxxxx
[445845000] READ WORD = xxxxxxxx
[446465000] READ WORD = xxxxxxxx
[447085000] READ WORD = xxxxxxxx
[447705000] READ WORD = xxxxxxxx
[448325000] READ WORD = xxxxxxxx
[448945000] READ WORD = xxxxxxxx
[449565000] READ WORD = xxxxxxxx
[450185000] READ WORD = xxxxxxxx
[450805000] READ WORD = xxxxxxxx
[451425000] READ WORD = xxxxxxxx
[452045000] READ WORD = xxxxxxxx
[452665000] READ WORD = xxxxxxxx
[453285000] READ WORD = xxxxxxxx
[453905000] READ WORD = xxxxxxxx
[454525000] READ WORD = xxxxxxxx
[455145000] READ WORD = xxxxxxxx
[455765000] READ WORD = xxxxxxxx
[456385000] READ WORD = xxxxxxxx
[457005000] READ WORD = xxxxxxxx
[457625000] READ WORD = xxxxxxxx
[458245000] READ WORD = xxxxxxxx
[458865000] READ WORD = xxxxxxxx
[459485000] READ WORD = xxxxxxxx
[460105000] READ WORD = xxxxxxxx
[460725000] READ WORD = xxxxxxxx
[461345000] READ WORD = xxxxxxxx
[461965000] READ WORD = xxxxxxxx
[462585000] READ WORD = xxxxxxxx
[463205000] READ WORD = xxxxxxxx
[463825000] READ WORD = xxxxxxxx
[464445000] READ WORD = xxxxxxxx
[465065000] READ WORD = xxxxxxxx
[465685000] READ WORD = xxxxxxxx
[466305000] READ WORD = xxxxxxxx
[466925000] READ WORD = xxxxxxxx
[467545000] READ WORD = xxxxxxxx
[468165000] READ WORD = xxxxxxxx
[468785000] READ WORD = xxxxxxxx
[469405000] READ WORD = xxxxxxxx
[470025000] READ WORD = xxxxxxxx
[470645000] READ WORD = xxxxxxxx
[471265000] READ WORD = xxxxxxxx
[471885000] READ WORD = xxxxxxxx
[472505000] READ WORD = xxxxxxxx
[473125000] READ WORD = xxxxxxxx
[473745000] READ WORD = xxxxxxxx
[474365000] READ WORD = xxxxxxxx
[474985000] READ WORD = xxxxxxxx
[475605000] READ WORD = xxxxxxxx
[476225000] READ WORD = xxxxxxxx
[476845000] READ WORD = xxxxxxxx
[477465000] READ WORD = xxxxxxxx
[478085000] READ WORD = xxxxxxxx
[478705000] READ WORD = xxxxxxxx
[479325000] READ WORD = xxxxxxxx
[479945000] READ WORD = xxxxxxxx
[480565000] READ WORD = xxxxxxxx
[481185000] READ WORD = xxxxxxxx
[481805000] READ WORD = xxxxxxxx
[482425000] READ WORD = xxxxxxxx
[483045000] READ WORD = xxxxxxxx
[483665000] READ WORD = xxxxxxxx
[484285000] READ WORD = xxxxxxxx
[484905000] READ WORD = xxxxxxxx
[485525000] READ WORD = xxxxxxxx
[486145000] READ WORD = xxxxxxxx
[486765000] READ WORD = xxxxxxxx
[487385000] READ WORD = xxxxxxxx
[488005000] READ WORD = xxxxxxxx
[488625000] READ WORD = xxxxxxxx
[489245000] READ WORD = xxxxxxxx
[489865000] READ WORD = xxxxxxxx
[490485000] READ WORD = xxxxxxxx
[491105000] READ WORD = xxxxxxxx
[491725000] READ WORD = xxxxxxxx
[492345000] READ WORD = xxxxxxxx
[492965000] READ WORD = xxxxxxxx
[493585000] READ WORD = xxxxxxxx
[494205000] READ WORD = xxxxxxxx
[494825000] READ WORD = xxxxxxxx
[495445000] READ WORD = xxxxxxxx
[496065000] READ WORD = xxxxxxxx
[496685000] READ WORD = xxxxxxxx
[497305000] READ WORD = xxxxxxxx
[497925000] READ WORD = xxxxxxxx
[498545000] READ WORD = xxxxxxxx
[499165000] READ WORD = xxxxxxxx
[499785000] READ WORD = xxxxxxxx
[500405000] READ WORD = xxxxxxxx
[501025000] READ WORD = xxxxxxxx
[501645000] READ WORD = xxxxxxxx
[502265000] READ WORD = xxxxxxxx
[502885000] READ WORD = xxxxxxxx
[503505000] READ WORD = xxxxxxxx
[504125000] READ WORD = xxxxxxxx
[504745000] READ WORD = xxxxxxxx
[505365000] READ WORD = xxxxxxxx
[505985000] READ WORD = xxxxxxxx
[506605000] READ WORD = xxxxxxxx
[507225000] READ WORD = xxxxxxxx
[507845000] READ WORD = xxxxxxxx
[508465000] READ WORD = xxxxxxxx
[509085000] READ WORD = xxxxxxxx
[509705000] READ WORD = xxxxxxxx
[510325000] READ WORD = xxxxxxxx
[510945000] READ WORD = xxxxxxxx
[511565000] READ WORD = xxxxxxxx
[512185000] READ WORD = xxxxxxxx
[512805000] READ WORD = xxxxxxxx
[513425000] READ WORD = xxxxxxxx
[514045000] READ WORD = xxxxxxxx
[514665000] READ WORD = xxxxxxxx
[515285000] READ WORD = xxxxxxxx
[515905000] READ WORD = xxxxxxxx
[516525000] READ WORD = xxxxxxxx
[517145000] READ WORD = xxxxxxxx
[517765000] READ WORD = xxxxxxxx
[518385000] READ WORD = xxxxxxxx
[519005000] READ WORD = xxxxxxxx
[519625000] READ WORD = xxxxxxxx
[520245000] READ WORD = xxxxxxxx
[520865000] READ WORD = xxxxxxxx
[521485000] READ WORD = xxxxxxxx
[522105000] READ WORD = xxxxxxxx
[522725000] READ WORD = xxxxxxxx
[523345000] READ WORD = xxxxxxxx
[523965000] READ WORD = xxxxxxxx
[524585000] READ WORD = xxxxxxxx
[525205000] READ WORD = xxxxxxxx
[525825000] READ WORD = xxxxxxxx
[526445000] READ WORD = xxxxxxxx
[527065000] READ WORD = xxxxxxxx
[527685000] READ WORD = xxxxxxxx
[528305000] READ WORD = xxxxxxxx
[528925000] READ WORD = xxxxxxxx
[529545000] READ WORD = xxxxxxxx
[530165000] READ WORD = xxxxxxxx
[530785000] READ WORD = xxxxxxxx
[531405000] READ WORD = xxxxxxxx
[532025000] READ WORD = xxxxxxxx
[532645000] READ WORD = xxxxxxxx
[533265000] READ WORD = xxxxxxxx
[533885000] READ WORD = xxxxxxxx
[534505000] READ WORD = xxxxxxxx
[535125000] READ WORD = xxxxxxxx
[535745000] READ WORD = xxxxxxxx
[536365000] READ WORD = xxxxxxxx
[536985000] READ WORD = xxxxxxxx
[537605000] READ WORD = xxxxxxxx
[538225000] READ WORD = xxxxxxxx
[538845000] READ WORD = xxxxxxxx
[539465000] READ WORD = xxxxxxxx
[540085000] READ WORD = xxxxxxxx
[540705000] READ WORD = xxxxxxxx
[541325000] READ WORD = xxxxxxxx
[541945000] READ WORD = xxxxxxxx
[542565000] READ WORD = xxxxxxxx
[543185000] READ WORD = xxxxxxxx
[543805000] READ WORD = xxxxxxxx
[544425000] READ WORD = xxxxxxxx
[545045000] READ WORD = xxxxxxxx
[545665000] READ WORD = xxxxxxxx
[546285000] READ WORD = xxxxxxxx
[546905000] READ WORD = xxxxxxxx
[547525000] READ WORD = xxxxxxxx
[548145000] READ WORD = xxxxxxxx
[548765000] READ WORD = xxxxxxxx
[549385000] READ WORD = xxxxxxxx
[550005000] READ WORD = xxxxxxxx
[550625000] READ WORD = xxxxxxxx
[551245000] READ WORD = xxxxxxxx
[551865000] READ WORD = xxxxxxxx
[552485000] READ WORD = xxxxxxxx
[553105000] READ WORD = xxxxxxxx
[553725000] READ WORD = xxxxxxxx
[554345000] READ WORD = xxxxxxxx
[554965000] READ WORD = xxxxxxxx
[555585000] READ WORD = xxxxxxxx
[556205000] READ WORD = xxxxxxxx
[556825000] READ WORD = xxxxxxxx
[557445000] READ WORD = xxxxxxxx
[558065000] READ WORD = xxxxxxxx
[558685000] READ WORD = xxxxxxxx
[559305000] READ WORD = xxxxxxxx
[559925000] READ WORD = xxxxxxxx
[560545000] READ WORD = xxxxxxxx
[561165000] READ WORD = xxxxxxxx
[561785000] READ WORD = xxxxxxxx
[562405000] READ WORD = xxxxxxxx
[563025000] READ WORD = xxxxxxxx
[563645000] READ WORD = xxxxxxxx
[564265000] READ WORD = xxxxxxxx
[564885000] READ WORD = xxxxxxxx
[565505000] READ WORD = xxxxxxxx
[566125000] READ WORD = xxxxxxxx
[566745000] READ WORD = xxxxxxxx
[567365000] READ WORD = xxxxxxxx
[567985000] READ WORD = xxxxxxxx
[568605000] READ WORD = xxxxxxxx
[569225000] READ WORD = xxxxxxxx
[569845000] READ WORD = xxxxxxxx
[570465000] READ WORD = xxxxxxxx
[571085000] READ WORD = xxxxxxxx
[571705000] READ WORD = xxxxxxxx
[572325000] READ WORD = xxxxxxxx
[572945000] READ WORD = xxxxxxxx
[573565000] READ WORD = xxxxxxxx
[574185000] READ WORD = xxxxxxxx
[574805000] READ WORD = xxxxxxxx
[575425000] READ WORD = xxxxxxxx
[576045000] READ WORD = xxxxxxxx
[576665000] READ WORD = xxxxxxxx
[577285000] READ WORD = xxxxxxxx
[577905000] READ WORD = xxxxxxxx
[578525000] READ WORD = xxxxxxxx
[579145000] READ WORD = xxxxxxxx
[579765000] READ WORD = xxxxxxxx
[580385000] READ WORD = xxxxxxxx
[581005000] READ WORD = xxxxxxxx
[581625000] READ WORD = xxxxxxxx
[582245000] READ WORD = xxxxxxxx
[582865000] READ WORD = xxxxxxxx
[583485000] READ WORD = xxxxxxxx
[584105000] READ WORD = xxxxxxxx
[584725000] READ WORD = xxxxxxxx
[585345000] READ WORD = xxxxxxxx
[585965000] READ WORD = xxxxxxxx
[586585000] READ WORD = xxxxxxxx
[587205000] READ WORD = xxxxxxxx
[587825000] READ WORD = xxxxxxxx
[588445000] READ WORD = xxxxxxxx
[589065000] READ WORD = xxxxxxxx
[589685000] READ WORD = xxxxxxxx
[590305000] READ WORD = xxxxxxxx
[590925000] READ WORD = xxxxxxxx
[591545000] READ WORD = xxxxxxxx
[592165000] READ WORD = xxxxxxxx
[592785000] READ WORD = xxxxxxxx
[593405000] READ WORD = xxxxxxxx
[594025000] READ WORD = xxxxxxxx
[594645000] READ WORD = xxxxxxxx
[595265000] READ WORD = xxxxxxxx
[595885000] READ WORD = xxxxxxxx
[596505000] READ WORD = xxxxxxxx
[597125000] READ WORD = xxxxxxxx
[597745000] READ WORD = xxxxxxxx
[598365000] READ WORD = xxxxxxxx
[598985000] READ WORD = xxxxxxxx
[599605000] READ WORD = xxxxxxxx
[600225000] READ WORD = xxxxxxxx
[600845000] READ WORD = xxxxxxxx
[601465000] READ WORD = xxxxxxxx
[602085000] READ WORD = xxxxxxxx
[602705000] READ WORD = xxxxxxxx
[603325000] READ WORD = xxxxxxxx
[603945000] READ WORD = xxxxxxxx
[604565000] READ WORD = xxxxxxxx
[605185000] READ WORD = xxxxxxxx
[605805000] READ WORD = xxxxxxxx
[606425000] READ WORD = xxxxxxxx
[607045000] READ WORD = xxxxxxxx
[607665000] READ WORD = xxxxxxxx
[608285000] READ WORD = xxxxxxxx
[608905000] READ WORD = xxxxxxxx
[609525000] READ WORD = xxxxxxxx
[610145000] READ WORD = xxxxxxxx
[610765000] READ WORD = xxxxxxxx
[611385000] READ WORD = xxxxxxxx
[612005000] READ WORD = xxxxxxxx
[612625000] READ WORD = xxxxxxxx
[613245000] READ WORD = xxxxxxxx
[613865000] READ WORD = xxxxxxxx
[614485000] READ WORD = xxxxxxxx
[615105000] READ WORD = xxxxxxxx
[615725000] READ WORD = xxxxxxxx
[616345000] READ WORD = xxxxxxxx
[616965000] READ WORD = xxxxxxxx
[617585000] READ WORD = xxxxxxxx
[618205000] READ WORD = xxxxxxxx
[618825000] READ WORD = xxxxxxxx
[619445000] READ WORD = xxxxxxxx
[620065000] READ WORD = xxxxxxxx
[620685000] READ WORD = xxxxxxxx
[621305000] READ WORD = xxxxxxxx
[621925000] READ WORD = xxxxxxxx
[622545000] READ WORD = xxxxxxxx
[623165000] READ WORD = xxxxxxxx
[623785000] READ WORD = xxxxxxxx
[624405000] READ WORD = xxxxxxxx
[625025000] READ WORD = xxxxxxxx
[625645000] READ WORD = xxxxxxxx
[626265000] READ WORD = xxxxxxxx
[626885000] READ WORD = xxxxxxxx
[627505000] READ WORD = xxxxxxxx
[628125000] READ WORD = xxxxxxxx
[628745000] READ WORD = xxxxxxxx
[629365000] READ WORD = xxxxxxxx
[629985000] READ WORD = xxxxxxxx
[630605000] READ WORD = xxxxxxxx
[631225000] READ WORD = xxxxxxxx
[631845000] READ WORD = xxxxxxxx
[632465000] READ WORD = xxxxxxxx
[633085000] READ WORD = xxxxxxxx
[633705000] READ WORD = xxxxxxxx
[634325000] READ WORD = xxxxxxxx
[634945000] READ WORD = xxxxxxxx
[635565000] READ WORD = xxxxxxxx
[636185000] READ WORD = xxxxxxxx
[636805000] READ WORD = xxxxxxxx
[637425000] READ WORD = xxxxxxxx
[638045000] READ WORD = xxxxxxxx
[638665000] READ WORD = xxxxxxxx
[639285000] READ WORD = xxxxxxxx
[639905000] READ WORD = xxxxxxxx
[640525000] READ WORD = xxxxxxxx
[641145000] READ WORD = xxxxxxxx
[641765000] READ WORD = xxxxxxxx
[642385000] READ WORD = xxxxxxxx
[643005000] READ WORD = xxxxxxxx
[643625000] READ WORD = xxxxxxxx
[644245000] READ WORD = xxxxxxxx
[644865000] READ WORD = xxxxxxxx
[645485000] READ WORD = xxxxxxxx
[646105000] READ WORD = xxxxxxxx
[646725000] READ WORD = xxxxxxxx
[647345000] READ WORD = xxxxxxxx
[647965000] READ WORD = xxxxxxxx
[648585000] READ WORD = xxxxxxxx
[649205000] READ WORD = xxxxxxxx
[649825000] READ WORD = xxxxxxxx
[650445000] READ WORD = xxxxxxxx
[651065000] READ WORD = xxxxxxxx
[651685000] READ WORD = xxxxxxxx
[652305000] READ WORD = xxxxxxxx
[652925000] READ WORD = xxxxxxxx
[653545000] READ WORD = xxxxxxxx
[654165000] READ WORD = xxxxxxxx
[654785000] READ WORD = xxxxxxxx
[655405000] READ WORD = xxxxxxxx
[656025000] READ WORD = xxxxxxxx
[656645000] READ WORD = xxxxxxxx
[657265000] READ WORD = xxxxxxxx
[657885000] READ WORD = xxxxxxxx
[658505000] READ WORD = xxxxxxxx
[659125000] READ WORD = xxxxxxxx
[659745000] READ WORD = xxxxxxxx
[660365000] READ WORD = xxxxxxxx
[660985000] READ WORD = xxxxxxxx
[661605000] READ WORD = xxxxxxxx
[662225000] READ WORD = xxxxxxxx
[662845000] READ WORD = xxxxxxxx
[663465000] READ WORD = xxxxxxxx
[664085000] READ WORD = xxxxxxxx
[664705000] READ WORD = xxxxxxxx
[665325000] READ WORD = xxxxxxxx
[665945000] READ WORD = xxxxxxxx
[666565000] READ WORD = xxxxxxxx
[667185000] READ WORD = xxxxxxxx
[667805000] READ WORD = xxxxxxxx
[668425000] READ WORD = xxxxxxxx
[669045000] READ WORD = xxxxxxxx
[669665000] READ WORD = xxxxxxxx
[670285000] READ WORD = xxxxxxxx
[670905000] READ WORD = xxxxxxxx
[671525000] READ WORD = xxxxxxxx
[672145000] READ WORD = xxxxxxxx
[672765000] READ WORD = xxxxxxxx
[673385000] READ WORD = xxxxxxxx
[674005000] READ WORD = xxxxxxxx
[674625000] READ WORD = xxxxxxxx
[675245000] READ WORD = xxxxxxxx
[675865000] READ WORD = xxxxxxxx
[676485000] READ WORD = xxxxxxxx
[677105000] READ WORD = xxxxxxxx
[677725000] READ WORD = xxxxxxxx
[678345000] READ WORD = xxxxxxxx
[678965000] READ WORD = xxxxxxxx
[679585000] READ WORD = xxxxxxxx
[680205000] READ WORD = xxxxxxxx
[680825000] READ WORD = xxxxxxxx
[681445000] READ WORD = xxxxxxxx
[682065000] READ WORD = xxxxxxxx
[682685000] READ WORD = xxxxxxxx
[683305000] READ WORD = xxxxxxxx
[683925000] READ WORD = xxxxxxxx
[684545000] READ WORD = xxxxxxxx
[685165000] READ WORD = xxxxxxxx
[685785000] READ WORD = xxxxxxxx
[686405000] READ WORD = xxxxxxxx
[687025000] READ WORD = xxxxxxxx
[687645000] READ WORD = xxxxxxxx
[688265000] READ WORD = xxxxxxxx
[688885000] READ WORD = xxxxxxxx
[689505000] READ WORD = xxxxxxxx
[690125000] READ WORD = xxxxxxxx
[690745000] READ WORD = xxxxxxxx
[691365000] READ WORD = xxxxxxxx
[691985000] READ WORD = xxxxxxxx
[692605000] READ WORD = xxxxxxxx
[693225000] READ WORD = xxxxxxxx
[693845000] READ WORD = xxxxxxxx
[694465000] READ WORD = xxxxxxxx
[695085000] READ WORD = xxxxxxxx
[695705000] READ WORD = xxxxxxxx
[696325000] READ WORD = xxxxxxxx
[696945000] READ WORD = xxxxxxxx
[697565000] READ WORD = xxxxxxxx
[698185000] READ WORD = xxxxxxxx
[698805000] READ WORD = xxxxxxxx
[699425000] READ WORD = xxxxxxxx
[700045000] READ WORD = xxxxxxxx
[700665000] READ WORD = xxxxxxxx
[701285000] READ WORD = xxxxxxxx
[701905000] READ WORD = xxxxxxxx
[702525000] READ WORD = xxxxxxxx
[703145000] READ WORD = xxxxxxxx
[703765000] READ WORD = xxxxxxxx
[704385000] READ WORD = xxxxxxxx
[705005000] READ WORD = xxxxxxxx
[705625000] READ WORD = xxxxxxxx
[706245000] READ WORD = xxxxxxxx
[706865000] READ WORD = xxxxxxxx
[707485000] READ WORD = xxxxxxxx
[708105000] READ WORD = xxxxxxxx
[708725000] READ WORD = xxxxxxxx
[709345000] READ WORD = xxxxxxxx
[709965000] READ WORD = xxxxxxxx
[710585000] READ WORD = xxxxxxxx
[711205000] READ WORD = xxxxxxxx
[711825000] READ WORD = xxxxxxxx
[712445000] READ WORD = xxxxxxxx
[713065000] READ WORD = xxxxxxxx
[713685000] READ WORD = xxxxxxxx
[714305000] READ WORD = xxxxxxxx
[714925000] READ WORD = xxxxxxxx
[715545000] READ WORD = xxxxxxxx
[716165000] READ WORD = xxxxxxxx
[716785000] READ WORD = xxxxxxxx
[717405000] READ WORD = xxxxxxxx
[718025000] READ WORD = xxxxxxxx
[718645000] READ WORD = xxxxxxxx
[719265000] READ WORD = xxxxxxxx
[719885000] READ WORD = xxxxxxxx
[720505000] READ WORD = xxxxxxxx
[721125000] READ WORD = xxxxxxxx
[721745000] READ WORD = xxxxxxxx
[722365000] READ WORD = xxxxxxxx
[722985000] READ WORD = xxxxxxxx
[723605000] READ WORD = xxxxxxxx
[724225000] READ WORD = xxxxxxxx
[724845000] READ WORD = xxxxxxxx
[725465000] READ WORD = xxxxxxxx
[726085000] READ WORD = xxxxxxxx
[726705000] READ WORD = xxxxxxxx
[727325000] READ WORD = xxxxxxxx
[727945000] READ WORD = xxxxxxxx
[728565000] READ WORD = xxxxxxxx
[729185000] READ WORD = xxxxxxxx
[729805000] READ WORD = xxxxxxxx
[730425000] READ WORD = xxxxxxxx
[731045000] READ WORD = xxxxxxxx
[731665000] READ WORD = xxxxxxxx
[732285000] READ WORD = xxxxxxxx
[732905000] READ WORD = xxxxxxxx
[733525000] READ WORD = xxxxxxxx
[734145000] READ WORD = xxxxxxxx
[734765000] READ WORD = xxxxxxxx
[735385000] READ WORD = xxxxxxxx
[736005000] READ WORD = xxxxxxxx
[736625000] READ WORD = xxxxxxxx
[737245000] READ WORD = xxxxxxxx
[737865000] READ WORD = xxxxxxxx
[738485000] READ WORD = xxxxxxxx
[739105000] READ WORD = xxxxxxxx
[739725000] READ WORD = xxxxxxxx
[740345000] READ WORD = xxxxxxxx
[740965000] READ WORD = xxxxxxxx
[741585000] READ WORD = xxxxxxxx
[742205000] READ WORD = xxxxxxxx
[742825000] READ WORD = xxxxxxxx
[743445000] READ WORD = xxxxxxxx
[744065000] READ WORD = xxxxxxxx
[744685000] READ WORD = xxxxxxxx
[745305000] READ WORD = xxxxxxxx
[745925000] READ WORD = xxxxxxxx
[746545000] READ WORD = xxxxxxxx
[747165000] READ WORD = xxxxxxxx
[747785000] READ WORD = xxxxxxxx
[748405000] READ WORD = xxxxxxxx
[749025000] READ WORD = xxxxxxxx
[749645000] READ WORD = xxxxxxxx
[750265000] READ WORD = xxxxxxxx
[750885000] READ WORD = xxxxxxxx
[751505000] READ WORD = xxxxxxxx
[752125000] READ WORD = xxxxxxxx
[752745000] READ WORD = xxxxxxxx
[753365000] READ WORD = xxxxxxxx
[753985000] READ WORD = xxxxxxxx
[754605000] READ WORD = xxxxxxxx
[755225000] READ WORD = xxxxxxxx
[755845000] READ WORD = xxxxxxxx
[756465000] READ WORD = xxxxxxxx
[757085000] READ WORD = xxxxxxxx
[757705000] READ WORD = xxxxxxxx
[758325000] READ WORD = xxxxxxxx
[758945000] READ WORD = xxxxxxxx
[759565000] READ WORD = xxxxxxxx
[760185000] READ WORD = xxxxxxxx
[760805000] READ WORD = xxxxxxxx
[761425000] READ WORD = xxxxxxxx
[762045000] READ WORD = xxxxxxxx
[762665000] READ WORD = xxxxxxxx
[763285000] READ WORD = xxxxxxxx
[763905000] READ WORD = xxxxxxxx
[764525000] READ WORD = xxxxxxxx
[765145000] READ WORD = xxxxxxxx
[765765000] READ WORD = xxxxxxxx
[766385000] READ WORD = xxxxxxxx
[767005000] READ WORD = xxxxxxxx
[767625000] READ WORD = xxxxxxxx
[768245000] READ WORD = xxxxxxxx
[768865000] READ WORD = xxxxxxxx
[769485000] READ WORD = xxxxxxxx
[770105000] READ WORD = xxxxxxxx
[770725000] READ WORD = xxxxxxxx
[771345000] READ WORD = xxxxxxxx
[771965000] READ WORD = xxxxxxxx
[772585000] READ WORD = xxxxxxxx
[773205000] READ WORD = xxxxxxxx
[773825000] READ WORD = xxxxxxxx
[774445000] READ WORD = xxxxxxxx
[775065000] READ WORD = xxxxxxxx
[775685000] READ WORD = xxxxxxxx
[776305000] READ WORD = xxxxxxxx
[776925000] READ WORD = xxxxxxxx
[777545000] READ WORD = xxxxxxxx
[778165000] READ WORD = xxxxxxxx
[778785000] READ WORD = xxxxxxxx
[779405000] READ WORD = xxxxxxxx
[780025000] READ WORD = xxxxxxxx
[780645000] READ WORD = xxxxxxxx
[781265000] READ WORD = xxxxxxxx
[781885000] READ WORD = xxxxxxxx
[782505000] READ WORD = xxxxxxxx
[783125000] READ WORD = xxxxxxxx
[783745000] READ WORD = xxxxxxxx
[784365000] READ WORD = xxxxxxxx
[784985000] READ WORD = xxxxxxxx
[785605000] READ WORD = xxxxxxxx
[786225000] READ WORD = xxxxxxxx
[786845000] READ WORD = xxxxxxxx
[787465000] READ WORD = xxxxxxxx
[788085000] READ WORD = xxxxxxxx
[788705000] READ WORD = xxxxxxxx
[789325000] READ WORD = xxxxxxxx
[789945000] READ WORD = xxxxxxxx
[790565000] READ WORD = xxxxxxxx
[791185000] READ WORD = xxxxxxxx
[791805000] READ WORD = xxxxxxxx
[792425000] READ WORD = xxxxxxxx
[793045000] READ WORD = xxxxxxxx
[793665000] READ WORD = xxxxxxxx
[794285000] READ WORD = xxxxxxxx
[794905000] READ WORD = xxxxxxxx
[795525000] READ WORD = xxxxxxxx
[796145000] READ WORD = xxxxxxxx
[796765000] READ WORD = xxxxxxxx
[797385000] READ WORD = xxxxxxxx
[798005000] READ WORD = xxxxxxxx
[798625000] READ WORD = xxxxxxxx
[799245000] READ WORD = xxxxxxxx
[799865000] READ WORD = xxxxxxxx
[800485000] READ WORD = xxxxxxxx
[801105000] READ WORD = xxxxxxxx
[801725000] READ WORD = xxxxxxxx
[802345000] READ WORD = xxxxxxxx
[802965000] READ WORD = xxxxxxxx
[803585000] READ WORD = xxxxxxxx
[804205000] READ WORD = xxxxxxxx
[804825000] READ WORD = xxxxxxxx
[805445000] READ WORD = xxxxxxxx
[806065000] READ WORD = xxxxxxxx
[806685000] READ WORD = xxxxxxxx
[807305000] READ WORD = xxxxxxxx
[807925000] READ WORD = xxxxxxxx
[808545000] READ WORD = xxxxxxxx
[809165000] READ WORD = xxxxxxxx
[809785000] READ WORD = xxxxxxxx
[810405000] READ WORD = xxxxxxxx
[811025000] READ WORD = xxxxxxxx
[811645000] READ WORD = xxxxxxxx
[812265000] READ WORD = xxxxxxxx
[812885000] READ WORD = xxxxxxxx
[813505000] READ WORD = xxxxxxxx
[814125000] READ WORD = xxxxxxxx
[814745000] READ WORD = xxxxxxxx
[815365000] READ WORD = xxxxxxxx
[815985000] READ WORD = xxxxxxxx
[816605000] READ WORD = xxxxxxxx
[817225000] READ WORD = xxxxxxxx
[817845000] READ WORD = xxxxxxxx
[818465000] READ WORD = xxxxxxxx
[819085000] READ WORD = xxxxxxxx
[819705000] READ WORD = xxxxxxxx
[820325000] READ WORD = xxxxxxxx
[820945000] READ WORD = xxxxxxxx
[821565000] READ WORD = xxxxxxxx
[822185000] READ WORD = xxxxxxxx
[822805000] READ WORD = xxxxxxxx
[823425000] READ WORD = xxxxxxxx
[824045000] READ WORD = xxxxxxxx
[824665000] READ WORD = xxxxxxxx
[825285000] READ WORD = xxxxxxxx
[825905000] READ WORD = xxxxxxxx
[826525000] READ WORD = xxxxxxxx
[827145000] READ WORD = xxxxxxxx
[827765000] READ WORD = xxxxxxxx
[828385000] READ WORD = xxxxxxxx
[829005000] READ WORD = xxxxxxxx
[829625000] READ WORD = xxxxxxxx
[830245000] READ WORD = xxxxxxxx
[830865000] READ WORD = xxxxxxxx
[831485000] READ WORD = xxxxxxxx
[832105000] READ WORD = xxxxxxxx
[832725000] READ WORD = xxxxxxxx
[833345000] READ WORD = xxxxxxxx
[833965000] READ WORD = xxxxxxxx
[834585000] READ WORD = xxxxxxxx
[835205000] READ WORD = xxxxxxxx
[835825000] READ WORD = xxxxxxxx
[836445000] READ WORD = xxxxxxxx
[837065000] READ WORD = xxxxxxxx
[837685000] READ WORD = xxxxxxxx
[838305000] READ WORD = xxxxxxxx
[838925000] READ WORD = xxxxxxxx
[839545000] READ WORD = xxxxxxxx
[840165000] READ WORD = xxxxxxxx
[840785000] READ WORD = xxxxxxxx
[841405000] READ WORD = xxxxxxxx
[842025000] READ WORD = xxxxxxxx
[842645000] READ WORD = xxxxxxxx
[843265000] READ WORD = xxxxxxxx
[843885000] READ WORD = xxxxxxxx
[844505000] READ WORD = xxxxxxxx
[845125000] READ WORD = xxxxxxxx
[845745000] READ WORD = xxxxxxxx
[846365000] READ WORD = xxxxxxxx
[846985000] READ WORD = xxxxxxxx
[847605000] READ WORD = xxxxxxxx
[848225000] READ WORD = xxxxxxxx
[848845000] READ WORD = xxxxxxxx
[849465000] READ WORD = xxxxxxxx
[850085000] READ WORD = xxxxxxxx
[850705000] READ WORD = xxxxxxxx
[851325000] READ WORD = xxxxxxxx
[851945000] READ WORD = xxxxxxxx
[852565000] READ WORD = xxxxxxxx
[853185000] READ WORD = xxxxxxxx
[853805000] READ WORD = xxxxxxxx
[854425000] READ WORD = xxxxxxxx
[855045000] READ WORD = xxxxxxxx
[855665000] READ WORD = xxxxxxxx
[856285000] READ WORD = xxxxxxxx
[856905000] READ WORD = xxxxxxxx
[857525000] READ WORD = xxxxxxxx
[858145000] READ WORD = xxxxxxxx
[858765000] READ WORD = xxxxxxxx
[859385000] READ WORD = xxxxxxxx
[860005000] READ WORD = xxxxxxxx
[860625000] READ WORD = xxxxxxxx
[861245000] READ WORD = xxxxxxxx
[861865000] READ WORD = xxxxxxxx
[862485000] READ WORD = xxxxxxxx
[863105000] READ WORD = xxxxxxxx
[863725000] READ WORD = xxxxxxxx
[864345000] READ WORD = xxxxxxxx
[864965000] READ WORD = xxxxxxxx
[865585000] READ WORD = xxxxxxxx
[866205000] READ WORD = xxxxxxxx
[866825000] READ WORD = xxxxxxxx
[867445000] READ WORD = xxxxxxxx
[868065000] READ WORD = xxxxxxxx
[868685000] READ WORD = xxxxxxxx
[869305000] READ WORD = xxxxxxxx
[869925000] READ WORD = xxxxxxxx
[870545000] READ WORD = xxxxxxxx
[871165000] READ WORD = xxxxxxxx
[871785000] READ WORD = xxxxxxxx
[872405000] READ WORD = xxxxxxxx
[873025000] READ WORD = xxxxxxxx
[873645000] READ WORD = xxxxxxxx
[874265000] READ WORD = xxxxxxxx
[874885000] READ WORD = xxxxxxxx
[875505000] READ WORD = xxxxxxxx
[876125000] READ WORD = xxxxxxxx
[876745000] READ WORD = xxxxxxxx
[877365000] READ WORD = xxxxxxxx
[877985000] READ WORD = xxxxxxxx
[878605000] READ WORD = xxxxxxxx
[879225000] READ WORD = xxxxxxxx
[879845000] READ WORD = xxxxxxxx
[880465000] READ WORD = xxxxxxxx
[881085000] READ WORD = xxxxxxxx
[881705000] READ WORD = xxxxxxxx
[882325000] READ WORD = xxxxxxxx
[882945000] READ WORD = xxxxxxxx
[883565000] READ WORD = xxxxxxxx
[884185000] READ WORD = xxxxxxxx
[884805000] READ WORD = xxxxxxxx
[885425000] READ WORD = xxxxxxxx
[886045000] READ WORD = xxxxxxxx
[886665000] READ WORD = xxxxxxxx
[887285000] READ WORD = xxxxxxxx
[887905000] READ WORD = xxxxxxxx
[888525000] READ WORD = xxxxxxxx
[889145000] READ WORD = xxxxxxxx
[889765000] READ WORD = xxxxxxxx
[890385000] READ WORD = xxxxxxxx
[891005000] READ WORD = xxxxxxxx
[891625000] READ WORD = xxxxxxxx
[892245000] READ WORD = xxxxxxxx
[892865000] READ WORD = xxxxxxxx
[893485000] READ WORD = xxxxxxxx
[894105000] READ WORD = xxxxxxxx
[894725000] READ WORD = xxxxxxxx
[895345000] READ WORD = xxxxxxxx
[895965000] READ WORD = xxxxxxxx
[896585000] READ WORD = xxxxxxxx
[897205000] READ WORD = xxxxxxxx
[897825000] READ WORD = xxxxxxxx
[898445000] READ WORD = xxxxxxxx
[899065000] READ WORD = xxxxxxxx
[899685000] READ WORD = xxxxxxxx
[900305000] READ WORD = xxxxxxxx
[900925000] READ WORD = xxxxxxxx
[901545000] READ WORD = xxxxxxxx
[902165000] READ WORD = xxxxxxxx
[902785000] READ WORD = xxxxxxxx
[903405000] READ WORD = xxxxxxxx
[904025000] READ WORD = xxxxxxxx
[904645000] READ WORD = xxxxxxxx
[905265000] READ WORD = xxxxxxxx
[905885000] READ WORD = xxxxxxxx
[906505000] READ WORD = xxxxxxxx
[907125000] READ WORD = xxxxxxxx
[907745000] READ WORD = xxxxxxxx
[908365000] READ WORD = xxxxxxxx
[908985000] READ WORD = xxxxxxxx
[909605000] READ WORD = xxxxxxxx
[910225000] READ WORD = xxxxxxxx
[910845000] READ WORD = xxxxxxxx
[911465000] READ WORD = xxxxxxxx
[912085000] READ WORD = xxxxxxxx
[912705000] READ WORD = xxxxxxxx
[913325000] READ WORD = xxxxxxxx
[913945000] READ WORD = xxxxxxxx
[914565000] READ WORD = xxxxxxxx
[915185000] READ WORD = xxxxxxxx
[915805000] READ WORD = xxxxxxxx
[916425000] READ WORD = xxxxxxxx
[917045000] READ WORD = xxxxxxxx
[917665000] READ WORD = xxxxxxxx
[918285000] READ WORD = xxxxxxxx
[918905000] READ WORD = xxxxxxxx
[919525000] READ WORD = xxxxxxxx
[920145000] READ WORD = xxxxxxxx
[920765000] READ WORD = xxxxxxxx
[921385000] READ WORD = xxxxxxxx
[922005000] READ WORD = xxxxxxxx
[922625000] READ WORD = xxxxxxxx
[923245000] READ WORD = xxxxxxxx
[923865000] READ WORD = xxxxxxxx
[924485000] READ WORD = xxxxxxxx
[925105000] READ WORD = xxxxxxxx
[925725000] READ WORD = xxxxxxxx
[926345000] READ WORD = xxxxxxxx
[926965000] READ WORD = xxxxxxxx
[927585000] READ WORD = xxxxxxxx
[928205000] READ WORD = xxxxxxxx
[928825000] READ WORD = xxxxxxxx
[929445000] READ WORD = xxxxxxxx
[930065000] READ WORD = xxxxxxxx
[930685000] READ WORD = xxxxxxxx
[931305000] READ WORD = xxxxxxxx
[931925000] READ WORD = xxxxxxxx
[932545000] READ WORD = xxxxxxxx
[933165000] READ WORD = xxxxxxxx
[933785000] READ WORD = xxxxxxxx
[934405000] READ WORD = xxxxxxxx
[935025000] READ WORD = xxxxxxxx
[935645000] READ WORD = xxxxxxxx
[936265000] READ WORD = xxxxxxxx
[936885000] READ WORD = xxxxxxxx
[937505000] READ WORD = xxxxxxxx
[938125000] READ WORD = xxxxxxxx
[938745000] READ WORD = xxxxxxxx
[939365000] READ WORD = xxxxxxxx
[939985000] READ WORD = xxxxxxxx
[940605000] READ WORD = xxxxxxxx
[941225000] READ WORD = xxxxxxxx
[941845000] READ WORD = xxxxxxxx
[942465000] READ WORD = xxxxxxxx
[943085000] READ WORD = xxxxxxxx
[943705000] READ WORD = xxxxxxxx
[944325000] READ WORD = xxxxxxxx
[944945000] READ WORD = xxxxxxxx
[945565000] READ WORD = xxxxxxxx
[946185000] READ WORD = xxxxxxxx
[946805000] READ WORD = xxxxxxxx
[947425000] READ WORD = xxxxxxxx
[948045000] READ WORD = xxxxxxxx
[948665000] READ WORD = xxxxxxxx
[949285000] READ WORD = xxxxxxxx
[949905000] READ WORD = xxxxxxxx
[950525000] READ WORD = xxxxxxxx
[951145000] READ WORD = xxxxxxxx
[951765000] READ WORD = xxxxxxxx
[952385000] READ WORD = xxxxxxxx
[953005000] READ WORD = xxxxxxxx
[953625000] READ WORD = xxxxxxxx
[954245000] READ WORD = xxxxxxxx
[954865000] READ WORD = xxxxxxxx
[955485000] READ WORD = xxxxxxxx
[956105000] READ WORD = xxxxxxxx
[956725000] READ WORD = xxxxxxxx
[957345000] READ WORD = xxxxxxxx
[957965000] READ WORD = xxxxxxxx
[958585000] READ WORD = xxxxxxxx
[959205000] READ WORD = xxxxxxxx
[959825000] READ WORD = xxxxxxxx
[960445000] READ WORD = xxxxxxxx
[961065000] READ WORD = xxxxxxxx
[961685000] READ WORD = xxxxxxxx
[962305000] READ WORD = xxxxxxxx
[962925000] READ WORD = xxxxxxxx
[963545000] READ WORD = xxxxxxxx
[964165000] READ WORD = xxxxxxxx
[964785000] READ WORD = xxxxxxxx
[965405000] READ WORD = xxxxxxxx
[966025000] READ WORD = xxxxxxxx
[966645000] READ WORD = xxxxxxxx
[967265000] READ WORD = xxxxxxxx
[967885000] READ WORD = xxxxxxxx
[968505000] READ WORD = xxxxxxxx
[969125000] READ WORD = xxxxxxxx
[969745000] READ WORD = xxxxxxxx
[970365000] READ WORD = xxxxxxxx
[970985000] READ WORD = xxxxxxxx
[971605000] READ WORD = xxxxxxxx
[972225000] READ WORD = xxxxxxxx
[972845000] READ WORD = xxxxxxxx
[973465000] READ WORD = xxxxxxxx
[974085000] READ WORD = xxxxxxxx
[974705000] READ WORD = xxxxxxxx
[975325000] READ WORD = xxxxxxxx
[975945000] READ WORD = xxxxxxxx
[976565000] READ WORD = xxxxxxxx
[977185000] READ WORD = xxxxxxxx
[977805000] READ WORD = xxxxxxxx
[978425000] READ WORD = xxxxxxxx
[979045000] READ WORD = xxxxxxxx
[979665000] READ WORD = xxxxxxxx
[980285000] READ WORD = xxxxxxxx
[980905000] READ WORD = xxxxxxxx
[981525000] READ WORD = xxxxxxxx
[982145000] READ WORD = xxxxxxxx
[982765000] READ WORD = xxxxxxxx
[983385000] READ WORD = xxxxxxxx
[984005000] READ WORD = xxxxxxxx
[984625000] READ WORD = xxxxxxxx
[985245000] READ WORD = xxxxxxxx
[985865000] READ WORD = xxxxxxxx
[986485000] READ WORD = xxxxxxxx
[987105000] READ WORD = xxxxxxxx
[987725000] READ WORD = xxxxxxxx
[988345000] READ WORD = xxxxxxxx
[988965000] READ WORD = xxxxxxxx
[989585000] READ WORD = xxxxxxxx
[990205000] READ WORD = xxxxxxxx
[990825000] READ WORD = xxxxxxxx
[991445000] READ WORD = xxxxxxxx
[992065000] READ WORD = xxxxxxxx
[992685000] READ WORD = xxxxxxxx
[993305000] READ WORD = xxxxxxxx
[993925000] READ WORD = xxxxxxxx
[994545000] READ WORD = xxxxxxxx
[995165000] READ WORD = xxxxxxxx
[995785000] READ WORD = xxxxxxxx
[996405000] READ WORD = xxxxxxxx
[997025000] READ WORD = xxxxxxxx
[997645000] READ WORD = xxxxxxxx
[998265000] READ WORD = xxxxxxxx
[998885000] READ WORD = xxxxxxxx
[999505000] READ WORD = xxxxxxxx
[1000125000] READ WORD = xxxxxxxx
[1000745000] READ WORD = xxxxxxxx
current_wave_config {tb_flash_behav.wcfg}
tb_flash_behav.wcfg
add_wave {{/tb_flash/wait_pending}} 
current_wave_config {tb_flash_behav.wcfg}
tb_flash_behav.wcfg
add_wave {{/tb_flash/dut/state}} 
relaunch_sim
Command: launch_simulation -step compile -simset sim_1 -mode behavioral
INFO: [Vivado 12-12493] Simulation top is 'tb_flash'
WARNING: [Vivado 12-13340] Unable to auto find GCC executables from simulator install path! (path not set)
INFO: [Vivado 12-5698] Checking validity of IPs in the design for the 'XSim' simulator...
INFO: [Vivado 12-5682] Launching behavioral simulation in 'C:/Users/SIVA DHANUSH REDDY/Downloads/SPI_Bootloader/Spi_Flashcontroller.sim/sim_1/behav/xsim'
INFO: [Vivado 12-4795] Using compiled simulation libraries for IPs
INFO: [SIM-utils-51] Simulation object is 'sim_1'
INFO: [USF-XSim-2] XSim::Compile design
INFO: [USF-XSim-61] Executing 'COMPILE and ANALYZE' step in 'C:/Users/SIVA DHANUSH REDDY/Downloads/SPI_Bootloader/Spi_Flashcontroller.sim/sim_1/behav/xsim'
"xvlog --incr --relax -L uvm -prj tb_flash_vlog.prj"
INFO: [USF-XSim-69] 'compile' step finished in '5' seconds
Command: launch_simulation -step elaborate -simset sim_1 -mode behavioral
INFO: [Vivado 12-12493] Simulation top is 'tb_flash'
WARNING: [Vivado 12-13340] Unable to auto find GCC executables from simulator install path! (path not set)
INFO: [Vivado 12-5698] Checking validity of IPs in the design for the 'XSim' simulator...
INFO: [Vivado 12-5682] Launching behavioral simulation in 'C:/Users/SIVA DHANUSH REDDY/Downloads/SPI_Bootloader/Spi_Flashcontroller.sim/sim_1/behav/xsim'
INFO: [Vivado 12-4795] Using compiled simulation libraries for IPs
INFO: [SIM-utils-51] Simulation object is 'sim_1'
INFO: [USF-XSim-3] XSim::Elaborate design
INFO: [USF-XSim-61] Executing 'ELABORATE' step in 'C:/Users/SIVA DHANUSH REDDY/Downloads/SPI_Bootloader/Spi_Flashcontroller.sim/sim_1/behav/xsim'
"xelab --incr --debug typical --relax --mt 2 -L xil_defaultlib -L blk_mem_gen_v8_4_9 -L uvm -L unisims_ver -L unimacro_ver -L secureip -L xpm --snapshot tb_flash_behav xil_defaultlib.tb_flash xil_defaultlib.glbl -log elaborate.log"
Vivado Simulator v2024.2.0
Copyright 1986-2022 Xilinx, Inc. All Rights Reserved.
Copyright 2022-2024 Advanced Micro Devices, Inc. All Rights Reserved.
Running: C:/Xilinx/Vivado/2024.2/bin/unwrapped/win64.o/xelab.exe --incr --debug typical --relax --mt 2 -L xil_defaultlib -L blk_mem_gen_v8_4_9 -L uvm -L unisims_ver -L unimacro_ver -L secureip -L xpm --snapshot tb_flash_behav xil_defaultlib.tb_flash xil_defaultlib.glbl -log elaborate.log 
Using 2 slave threads.
Starting static elaboration
Pass Through NonSizing Optimizer
Completed static elaboration
INFO: [XSIM 43-4323] No Change in HDL. Linking previously generated obj files to create kernel
INFO: [USF-XSim-69] 'elaborate' step finished in '3' seconds
Time resolution is 1 ps
relaunch_sim: Time (s): cpu = 00:00:04 ; elapsed = 00:00:10 . Memory (MB): peak = 3710.613 ; gain = 0.000
current_wave_config {tb_flash_behav.wcfg}
tb_flash_behav.wcfg
add_wave {{/tb_flash/dut/rx_cnt}} 
current_wave_config {tb_flash_behav.wcfg}
tb_flash_behav.wcfg
add_wave {{/tb_flash/dut/tx_cnt}} 
relaunch_sim
Command: launch_simulation -step compile -simset sim_1 -mode behavioral
INFO: [Vivado 12-12493] Simulation top is 'tb_flash'
WARNING: [Vivado 12-13340] Unable to auto find GCC executables from simulator install path! (path not set)
INFO: [Vivado 12-5698] Checking validity of IPs in the design for the 'XSim' simulator...
INFO: [Vivado 12-5682] Launching behavioral simulation in 'C:/Users/SIVA DHANUSH REDDY/Downloads/SPI_Bootloader/Spi_Flashcontroller.sim/sim_1/behav/xsim'
INFO: [Vivado 12-4795] Using compiled simulation libraries for IPs
INFO: [SIM-utils-51] Simulation object is 'sim_1'
INFO: [USF-XSim-2] XSim::Compile design
INFO: [USF-XSim-61] Executing 'COMPILE and ANALYZE' step in 'C:/Users/SIVA DHANUSH REDDY/Downloads/SPI_Bootloader/Spi_Flashcontroller.sim/sim_1/behav/xsim'
"xvlog --incr --relax -L uvm -prj tb_flash_vlog.prj"
INFO: [USF-XSim-69] 'compile' step finished in '2' seconds
Command: launch_simulation -step elaborate -simset sim_1 -mode behavioral
INFO: [Vivado 12-12493] Simulation top is 'tb_flash'
WARNING: [Vivado 12-13340] Unable to auto find GCC executables from simulator install path! (path not set)
INFO: [Vivado 12-5698] Checking validity of IPs in the design for the 'XSim' simulator...
INFO: [Vivado 12-5682] Launching behavioral simulation in 'C:/Users/SIVA DHANUSH REDDY/Downloads/SPI_Bootloader/Spi_Flashcontroller.sim/sim_1/behav/xsim'
INFO: [Vivado 12-4795] Using compiled simulation libraries for IPs
INFO: [SIM-utils-51] Simulation object is 'sim_1'
INFO: [USF-XSim-3] XSim::Elaborate design
INFO: [USF-XSim-61] Executing 'ELABORATE' step in 'C:/Users/SIVA DHANUSH REDDY/Downloads/SPI_Bootloader/Spi_Flashcontroller.sim/sim_1/behav/xsim'
"xelab --incr --debug typical --relax --mt 2 -L xil_defaultlib -L blk_mem_gen_v8_4_9 -L uvm -L unisims_ver -L unimacro_ver -L secureip -L xpm --snapshot tb_flash_behav xil_defaultlib.tb_flash xil_defaultlib.glbl -log elaborate.log"
Vivado Simulator v2024.2.0
Copyright 1986-2022 Xilinx, Inc. All Rights Reserved.
Copyright 2022-2024 Advanced Micro Devices, Inc. All Rights Reserved.
Running: C:/Xilinx/Vivado/2024.2/bin/unwrapped/win64.o/xelab.exe --incr --debug typical --relax --mt 2 -L xil_defaultlib -L blk_mem_gen_v8_4_9 -L uvm -L unisims_ver -L unimacro_ver -L secureip -L xpm --snapshot tb_flash_behav xil_defaultlib.tb_flash xil_defaultlib.glbl -log elaborate.log 
Using 2 slave threads.
Starting static elaboration
Pass Through NonSizing Optimizer
Completed static elaboration
INFO: [XSIM 43-4323] No Change in HDL. Linking previously generated obj files to create kernel
INFO: [USF-XSim-69] 'elaborate' step finished in '3' seconds
Time resolution is 1 ps
relaunch_sim: Time (s): cpu = 00:00:02 ; elapsed = 00:00:07 . Memory (MB): peak = 3710.613 ; gain = 0.000
WARNING: [filemgmt 56-199] Attempt to get parsing info during refresh. "On-the-fly" syntax checking information may be incorrect. [C:\Users\SIVA DHANUSH REDDY\Downloads\SPI_Bootloader\Spi_Flashcontroller.srcs\sources_1\new\pc_reader.v:]
WARNING: [filemgmt 56-199] Attempt to get parsing info during refresh. "On-the-fly" syntax checking information may be incorrect. [C:\Users\SIVA DHANUSH REDDY\Downloads\SPI_Bootloader\Spi_Flashcontroller.srcs\sources_1\new\top_module.v:]
WARNING: [filemgmt 56-199] Attempt to get parsing info during refresh. "On-the-fly" syntax checking information may be incorrect. [C:\Users\SIVA DHANUSH REDDY\Downloads\SPI_Bootloader\Spi_Flashcontroller.srcs\sim_1\new\flash_tb.v:]
WARNING: [filemgmt 56-199] Attempt to get parsing info during refresh. "On-the-fly" syntax checking information may be incorrect. [C:\Users\SIVA DHANUSH REDDY\Downloads\SPI_Bootloader\Spi_Flashcontroller.srcs\sources_1\new\Spi_flashcontroller.v:]
WARNING: [filemgmt 56-199] Attempt to get parsing info during refresh. "On-the-fly" syntax checking information may be incorrect. [C:\Users\SIVA DHANUSH REDDY\Downloads\SPI_Bootloader\Spi_Flashcontroller.srcs\sources_1\new\top_module.v:]
WARNING: [filemgmt 56-199] Attempt to get parsing info during refresh. "On-the-fly" syntax checking information may be incorrect. [C:\Users\SIVA DHANUSH REDDY\Downloads\SPI_Bootloader\Spi_Flashcontroller.srcs\sources_1\new\top_module.v:]
WARNING: [filemgmt 56-199] Attempt to get parsing info during refresh. "On-the-fly" syntax checking information may be incorrect. [C:\Users\SIVA DHANUSH REDDY\Downloads\SPI_Bootloader\Spi_Flashcontroller.srcs\sources_1\new\pc_reader.v:]
WARNING: [filemgmt 56-199] Attempt to get parsing info during refresh. "On-the-fly" syntax checking information may be incorrect. [C:\Users\SIVA DHANUSH REDDY\Downloads\SPI_Bootloader\Spi_Flashcontroller.srcs\sources_1\new\top_module.v:]
WARNING: [filemgmt 56-199] Attempt to get parsing info during refresh. "On-the-fly" syntax checking information may be incorrect. [C:\Users\SIVA DHANUSH REDDY\Downloads\SPI_Bootloader\Spi_Flashcontroller.srcs\sim_1\new\flash_tb.v:]
WARNING: [filemgmt 56-199] Attempt to get parsing info during refresh. "On-the-fly" syntax checking information may be incorrect. [C:\Users\SIVA DHANUSH REDDY\Downloads\SPI_Bootloader\Spi_Flashcontroller.srcs\sources_1\new\Spi_flashcontroller.v:]
WARNING: [filemgmt 56-199] Attempt to get parsing info during refresh. "On-the-fly" syntax checking information may be incorrect. [C:\Users\SIVA DHANUSH REDDY\Downloads\SPI_Bootloader\Spi_Flashcontroller.srcs\sim_1\new\flash_tb.v:]
WARNING: [filemgmt 56-199] Attempt to get parsing info during refresh. "On-the-fly" syntax checking information may be incorrect. [C:\Users\SIVA DHANUSH REDDY\Downloads\SPI_Bootloader\Spi_Flashcontroller.srcs\sim_1\new\flash_tb.v:]
ERROR: [Common 17-180] Spawn failed: No error
WARNING: [filemgmt 56-199] Attempt to get parsing info during refresh. "On-the-fly" syntax checking information may be incorrect. [C:\Users\SIVA DHANUSH REDDY\Downloads\SPI_Bootloader\Spi_Flashcontroller.srcs\sources_1\new\pc_reader.v:]
WARNING: [filemgmt 56-199] Attempt to get parsing info during refresh. "On-the-fly" syntax checking information may be incorrect. [C:\Users\SIVA DHANUSH REDDY\Downloads\SPI_Bootloader\Spi_Flashcontroller.srcs\sources_1\new\top_module.v:]
WARNING: [filemgmt 56-199] Attempt to get parsing info during refresh. "On-the-fly" syntax checking information may be incorrect. [C:\Users\SIVA DHANUSH REDDY\Downloads\SPI_Bootloader\Spi_Flashcontroller.srcs\sim_1\new\flash_tb.v:]
WARNING: [filemgmt 56-199] Attempt to get parsing info during refresh. "On-the-fly" syntax checking information may be incorrect. [C:\Users\SIVA DHANUSH REDDY\Downloads\SPI_Bootloader\Spi_Flashcontroller.srcs\sources_1\new\Spi_flashcontroller.v:]
WARNING: [filemgmt 56-199] Attempt to get parsing info during refresh. "On-the-fly" syntax checking information may be incorrect. [C:\Users\SIVA DHANUSH REDDY\Downloads\SPI_Bootloader\Spi_Flashcontroller.srcs\sources_1\new\Spi_flashcontroller.v:]
WARNING: [filemgmt 56-199] Attempt to get parsing info during refresh. "On-the-fly" syntax checking information may be incorrect. [C:\Users\SIVA DHANUSH REDDY\Downloads\SPI_Bootloader\Spi_Flashcontroller.srcs\sources_1\new\Spi_flashcontroller.v:]
ERROR: [Common 17-180] Spawn failed: No error
relaunch_sim
Command: launch_simulation -step compile -simset sim_1 -mode behavioral
INFO: [Vivado 12-12493] Simulation top is 'tb_flash'
WARNING: [Vivado 12-13340] Unable to auto find GCC executables from simulator install path! (path not set)
INFO: [Vivado 12-5698] Checking validity of IPs in the design for the 'XSim' simulator...
INFO: [Vivado 12-5682] Launching behavioral simulation in 'C:/Users/SIVA DHANUSH REDDY/Downloads/SPI_Bootloader/Spi_Flashcontroller.sim/sim_1/behav/xsim'
INFO: [Vivado 12-4795] Using compiled simulation libraries for IPs
INFO: [SIM-utils-51] Simulation object is 'sim_1'
INFO: [USF-XSim-2] XSim::Compile design
INFO: [USF-XSim-61] Executing 'COMPILE and ANALYZE' step in 'C:/Users/SIVA DHANUSH REDDY/Downloads/SPI_Bootloader/Spi_Flashcontroller.sim/sim_1/behav/xsim'
"xvlog --incr --relax -L uvm -prj tb_flash_vlog.prj"
INFO: [VRFC 10-2263] Analyzing Verilog file "C:/Users/SIVA DHANUSH REDDY/Downloads/SPI_Bootloader/Spi_Flashcontroller.gen/sources_1/ip/blk_mem_gen_0/sim/blk_mem_gen_0.v" into library xil_defaultlib
INFO: [VRFC 10-311] analyzing module blk_mem_gen_0
INFO: [VRFC 10-2263] Analyzing Verilog file "C:/Users/SIVA DHANUSH REDDY/Downloads/SPI_Bootloader/Spi_Flashcontroller.srcs/sources_1/new/SPI_Test.v" into library xil_defaultlib
INFO: [VRFC 10-311] analyzing module SPI_Driver
INFO: [VRFC 10-2263] Analyzing Verilog file "C:/Users/SIVA DHANUSH REDDY/Downloads/SPI_Bootloader/Spi_Flashcontroller.srcs/sources_1/new/Spi_flashcontroller.v" into library xil_defaultlib
INFO: [VRFC 10-311] analyzing module Spi_flash_controller
INFO: [VRFC 10-2263] Analyzing Verilog file "C:/Users/SIVA DHANUSH REDDY/Downloads/SPI_Bootloader/Spi_Flashcontroller.srcs/sources_1/new/Bulkerase.v" into library xil_defaultlib
INFO: [VRFC 10-311] analyzing module BULK_ERASE
INFO: [VRFC 10-2263] Analyzing Verilog file "C:/Users/SIVA DHANUSH REDDY/Downloads/SPI_Bootloader/Spi_Flashcontroller.srcs/sources_1/new/LED_DRIVER.v" into library xil_defaultlib
INFO: [VRFC 10-311] analyzing module led_driver
INFO: [VRFC 10-2263] Analyzing Verilog file "C:/Users/SIVA DHANUSH REDDY/Downloads/SPI_Bootloader/Spi_Flashcontroller.srcs/sources_1/new/pc_reader.v" into library xil_defaultlib
INFO: [VRFC 10-311] analyzing module pc_reader
INFO: [VRFC 10-2263] Analyzing Verilog file "C:/Users/SIVA DHANUSH REDDY/Downloads/SPI_Bootloader/Spi_Flashcontroller.srcs/sources_1/new/top_module.v" into library xil_defaultlib
INFO: [VRFC 10-311] analyzing module top_flash
INFO: [VRFC 10-2263] Analyzing Verilog file "C:/Users/SIVA DHANUSH REDDY/Downloads/Spi_Flashcontroller/Spi_Flashcontroller.srcs/sim_1/new/Tb_pi.v" into library xil_defaultlib
INFO: [VRFC 10-311] analyzing module tb_SPI_Driver
INFO: [VRFC 10-2263] Analyzing Verilog file "C:/Users/SIVA DHANUSH REDDY/Downloads/SPI_Bootloader/Spi_Flashcontroller.srcs/sim_1/new/flash_tb.v" into library xil_defaultlib
INFO: [VRFC 10-311] analyzing module tb_flash
INFO: [VRFC 10-2263] Analyzing Verilog file "C:/Users/SIVA DHANUSH REDDY/Downloads/SPI_Bootloader/Spi_Flashcontroller.srcs/sim_1/new/tb_practice.v" into library xil_defaultlib
INFO: [USF-XSim-69] 'compile' step finished in '3' seconds
Command: launch_simulation -step elaborate -simset sim_1 -mode behavioral
INFO: [Vivado 12-12493] Simulation top is 'tb_flash'
WARNING: [Vivado 12-13340] Unable to auto find GCC executables from simulator install path! (path not set)
INFO: [Vivado 12-5698] Checking validity of IPs in the design for the 'XSim' simulator...
INFO: [Vivado 12-5682] Launching behavioral simulation in 'C:/Users/SIVA DHANUSH REDDY/Downloads/SPI_Bootloader/Spi_Flashcontroller.sim/sim_1/behav/xsim'
INFO: [Vivado 12-4795] Using compiled simulation libraries for IPs
INFO: [SIM-utils-51] Simulation object is 'sim_1'
INFO: [USF-XSim-3] XSim::Elaborate design
INFO: [USF-XSim-61] Executing 'ELABORATE' step in 'C:/Users/SIVA DHANUSH REDDY/Downloads/SPI_Bootloader/Spi_Flashcontroller.sim/sim_1/behav/xsim'
"xelab --incr --debug typical --relax --mt 2 -L xil_defaultlib -L blk_mem_gen_v8_4_9 -L uvm -L unisims_ver -L unimacro_ver -L secureip -L xpm --snapshot tb_flash_behav xil_defaultlib.tb_flash xil_defaultlib.glbl -log elaborate.log"
Vivado Simulator v2024.2.0
Copyright 1986-2022 Xilinx, Inc. All Rights Reserved.
Copyright 2022-2024 Advanced Micro Devices, Inc. All Rights Reserved.
Running: C:/Xilinx/Vivado/2024.2/bin/unwrapped/win64.o/xelab.exe --incr --debug typical --relax --mt 2 -L xil_defaultlib -L blk_mem_gen_v8_4_9 -L uvm -L unisims_ver -L unimacro_ver -L secureip -L xpm --snapshot tb_flash_behav xil_defaultlib.tb_flash xil_defaultlib.glbl -log elaborate.log 
Using 2 slave threads.
Starting static elaboration
Pass Through NonSizing Optimizer
Completed static elaboration
Starting simulation data flow analysis
Completed simulation data flow analysis
Time Resolution for simulation is 1ps
Compiling module xil_defaultlib.Spi_flash_controller
Compiling module xil_defaultlib.tb_flash
Compiling module xil_defaultlib.glbl
Built simulation snapshot tb_flash_behav
INFO: [USF-XSim-69] 'elaborate' step finished in '3' seconds
Time resolution is 1 ps
relaunch_sim: Time (s): cpu = 00:00:03 ; elapsed = 00:00:08 . Memory (MB): peak = 3710.613 ; gain = 0.000
run 1000 us
[1325000] READ WORD = Z32a4038
[1945000] READ WORD = 09882000
[2565000] READ WORD = 40446000
[3185000] READ WORD = 0a640787
[3805000] READ WORD = c1f21000
[4425000] READ WORD = 01ffffff
[5045000] READ WORD = ffxxxxxx
[5665000] READ WORD = xxxxxxxx
[6285000] READ WORD = xxxxxxxx
[6905000] READ WORD = xxxxxxxx
[7525000] READ WORD = xxxxxxxx
[8145000] READ WORD = xxxxxxxx
[8765000] READ WORD = xxxxxxxx
[9385000] READ WORD = xxxxxxxx
[10005000] READ WORD = xxxxxxxx
[10625000] READ WORD = xxxxxxxx
[11245000] READ WORD = xxxxxxxx
[11865000] READ WORD = xxxxxxxx
[12485000] READ WORD = xxxxxxxx
[13105000] READ WORD = xxxxxxxx
[13725000] READ WORD = xxxxxxxx
[14345000] READ WORD = xxxxxxxx
[14965000] READ WORD = xxxxxxxx
[15585000] READ WORD = xxxxxxxx
[16205000] READ WORD = xxxxxxxx
[16825000] READ WORD = xxxxxxxx
[17445000] READ WORD = xxxxxxxx
[18065000] READ WORD = xxxxxxxx
[18685000] READ WORD = xxxxxxxx
[19305000] READ WORD = xxxxxxxx
[19925000] READ WORD = xxxxxxxx
[20545000] READ WORD = xxxxxxxx
[21165000] READ WORD = xxxxxxxx
[21785000] READ WORD = xxxxxxxx
[22405000] READ WORD = xxxxxxxx
[23025000] READ WORD = xxxxxxxx
[23645000] READ WORD = xxxxxxxx
[24265000] READ WORD = xxxxxxxx
[24885000] READ WORD = xxxxxxxx
[25505000] READ WORD = xxxxxxxx
[26125000] READ WORD = xxxxxxxx
[26745000] READ WORD = xxxxxxxx
[27365000] READ WORD = xxxxxxxx
[27985000] READ WORD = xxxxxxxx
[28605000] READ WORD = xxxxxxxx
[29225000] READ WORD = xxxxxxxx
[29845000] READ WORD = xxxxxxxx
[30465000] READ WORD = xxxxxxxx
[31085000] READ WORD = xxxxxxxx
[31705000] READ WORD = xxxxxxxx
[32325000] READ WORD = xxxxxxxx
[32945000] READ WORD = xxxxxxxx
[33565000] READ WORD = xxxxxxxx
[34185000] READ WORD = xxxxxxxx
[34805000] READ WORD = xxxxxxxx
[35425000] READ WORD = xxxxxxxx
[36045000] READ WORD = xxxxxxxx
[36665000] READ WORD = xxxxxxxx
[37285000] READ WORD = xxxxxxxx
[37905000] READ WORD = xxxxxxxx
[38525000] READ WORD = xxxxxxxx
[39145000] READ WORD = xxxxxxxx
[39765000] READ WORD = xxxxxxxx
[40385000] READ WORD = xxxxxxxx
[41005000] READ WORD = xxxxxxxx
[41625000] READ WORD = xxxxxxxx
[42245000] READ WORD = xxxxxxxx
[42865000] READ WORD = xxxxxxxx
[43485000] READ WORD = xxxxxxxx
[44105000] READ WORD = xxxxxxxx
[44725000] READ WORD = xxxxxxxx
[45345000] READ WORD = xxxxxxxx
[45965000] READ WORD = xxxxxxxx
[46585000] READ WORD = xxxxxxxx
[47205000] READ WORD = xxxxxxxx
[47825000] READ WORD = xxxxxxxx
[48445000] READ WORD = xxxxxxxx
[49065000] READ WORD = xxxxxxxx
[49685000] READ WORD = xxxxxxxx
[50305000] READ WORD = xxxxxxxx
[50925000] READ WORD = xxxxxxxx
[51545000] READ WORD = xxxxxxxx
[52165000] READ WORD = xxxxxxxx
[52785000] READ WORD = xxxxxxxx
[53405000] READ WORD = xxxxxxxx
[54025000] READ WORD = xxxxxxxx
[54645000] READ WORD = xxxxxxxx
[55265000] READ WORD = xxxxxxxx
[55885000] READ WORD = xxxxxxxx
[56505000] READ WORD = xxxxxxxx
[57125000] READ WORD = xxxxxxxx
[57745000] READ WORD = xxxxxxxx
[58365000] READ WORD = xxxxxxxx
[58985000] READ WORD = xxxxxxxx
[59605000] READ WORD = xxxxxxxx
[60225000] READ WORD = xxxxxxxx
[60845000] READ WORD = xxxxxxxx
[61465000] READ WORD = xxxxxxxx
[62085000] READ WORD = xxxxxxxx
[62705000] READ WORD = xxxxxxxx
[63325000] READ WORD = xxxxxxxx
[63945000] READ WORD = xxxxxxxx
[64565000] READ WORD = xxxxxxxx
[65185000] READ WORD = xxxxxxxx
[65805000] READ WORD = xxxxxxxx
[66425000] READ WORD = xxxxxxxx
[67045000] READ WORD = xxxxxxxx
[67665000] READ WORD = xxxxxxxx
[68285000] READ WORD = xxxxxxxx
[68905000] READ WORD = xxxxxxxx
[69525000] READ WORD = xxxxxxxx
[70145000] READ WORD = xxxxxxxx
[70765000] READ WORD = xxxxxxxx
[71385000] READ WORD = xxxxxxxx
[72005000] READ WORD = xxxxxxxx
[72625000] READ WORD = xxxxxxxx
[73245000] READ WORD = xxxxxxxx
[73865000] READ WORD = xxxxxxxx
[74485000] READ WORD = xxxxxxxx
[75105000] READ WORD = xxxxxxxx
[75725000] READ WORD = xxxxxxxx
[76345000] READ WORD = xxxxxxxx
[76965000] READ WORD = xxxxxxxx
[77585000] READ WORD = xxxxxxxx
[78205000] READ WORD = xxxxxxxx
[78825000] READ WORD = xxxxxxxx
[79445000] READ WORD = xxxxxxxx
[80065000] READ WORD = xxxxxxxx
[80685000] READ WORD = xxxxxxxx
[81305000] READ WORD = xxxxxxxx
[81925000] READ WORD = xxxxxxxx
[82545000] READ WORD = xxxxxxxx
[83165000] READ WORD = xxxxxxxx
[83785000] READ WORD = xxxxxxxx
[84405000] READ WORD = xxxxxxxx
[85025000] READ WORD = xxxxxxxx
[85645000] READ WORD = xxxxxxxx
[86265000] READ WORD = xxxxxxxx
[86885000] READ WORD = xxxxxxxx
[87505000] READ WORD = xxxxxxxx
[88125000] READ WORD = xxxxxxxx
[88745000] READ WORD = xxxxxxxx
[89365000] READ WORD = xxxxxxxx
[89985000] READ WORD = xxxxxxxx
[90605000] READ WORD = xxxxxxxx
[91225000] READ WORD = xxxxxxxx
[91845000] READ WORD = xxxxxxxx
[92465000] READ WORD = xxxxxxxx
[93085000] READ WORD = xxxxxxxx
[93705000] READ WORD = xxxxxxxx
[94325000] READ WORD = xxxxxxxx
[94945000] READ WORD = xxxxxxxx
[95565000] READ WORD = xxxxxxxx
[96185000] READ WORD = xxxxxxxx
[96805000] READ WORD = xxxxxxxx
[97425000] READ WORD = xxxxxxxx
[98045000] READ WORD = xxxxxxxx
[98665000] READ WORD = xxxxxxxx
[99285000] READ WORD = xxxxxxxx
[99905000] READ WORD = xxxxxxxx
[100525000] READ WORD = xxxxxxxx
[101145000] READ WORD = xxxxxxxx
[101765000] READ WORD = xxxxxxxx
[102385000] READ WORD = xxxxxxxx
[103005000] READ WORD = xxxxxxxx
[103625000] READ WORD = xxxxxxxx
[104245000] READ WORD = xxxxxxxx
[104865000] READ WORD = xxxxxxxx
[105485000] READ WORD = xxxxxxxx
[106105000] READ WORD = xxxxxxxx
[106725000] READ WORD = xxxxxxxx
[107345000] READ WORD = xxxxxxxx
[107965000] READ WORD = xxxxxxxx
[108585000] READ WORD = xxxxxxxx
[109205000] READ WORD = xxxxxxxx
[109825000] READ WORD = xxxxxxxx
[110445000] READ WORD = xxxxxxxx
[111065000] READ WORD = xxxxxxxx
[111685000] READ WORD = xxxxxxxx
[112305000] READ WORD = xxxxxxxx
[112925000] READ WORD = xxxxxxxx
[113545000] READ WORD = xxxxxxxx
[114165000] READ WORD = xxxxxxxx
[114785000] READ WORD = xxxxxxxx
[115405000] READ WORD = xxxxxxxx
[116025000] READ WORD = xxxxxxxx
[116645000] READ WORD = xxxxxxxx
[117265000] READ WORD = xxxxxxxx
[117885000] READ WORD = xxxxxxxx
[118505000] READ WORD = xxxxxxxx
[119125000] READ WORD = xxxxxxxx
[119745000] READ WORD = xxxxxxxx
[120365000] READ WORD = xxxxxxxx
[120985000] READ WORD = xxxxxxxx
[121605000] READ WORD = xxxxxxxx
[122225000] READ WORD = xxxxxxxx
[122845000] READ WORD = xxxxxxxx
[123465000] READ WORD = xxxxxxxx
[124085000] READ WORD = xxxxxxxx
[124705000] READ WORD = xxxxxxxx
[125325000] READ WORD = xxxxxxxx
[125945000] READ WORD = xxxxxxxx
[126565000] READ WORD = xxxxxxxx
[127185000] READ WORD = xxxxxxxx
[127805000] READ WORD = xxxxxxxx
[128425000] READ WORD = xxxxxxxx
[129045000] READ WORD = xxxxxxxx
[129665000] READ WORD = xxxxxxxx
[130285000] READ WORD = xxxxxxxx
[130905000] READ WORD = xxxxxxxx
[131525000] READ WORD = xxxxxxxx
[132145000] READ WORD = xxxxxxxx
[132765000] READ WORD = xxxxxxxx
[133385000] READ WORD = xxxxxxxx
[134005000] READ WORD = xxxxxxxx
[134625000] READ WORD = xxxxxxxx
[135245000] READ WORD = xxxxxxxx
[135865000] READ WORD = xxxxxxxx
[136485000] READ WORD = xxxxxxxx
[137105000] READ WORD = xxxxxxxx
[137725000] READ WORD = xxxxxxxx
[138345000] READ WORD = xxxxxxxx
[138965000] READ WORD = xxxxxxxx
[139585000] READ WORD = xxxxxxxx
[140205000] READ WORD = xxxxxxxx
[140825000] READ WORD = xxxxxxxx
[141445000] READ WORD = xxxxxxxx
[142065000] READ WORD = xxxxxxxx
[142685000] READ WORD = xxxxxxxx
[143305000] READ WORD = xxxxxxxx
[143925000] READ WORD = xxxxxxxx
[144545000] READ WORD = xxxxxxxx
[145165000] READ WORD = xxxxxxxx
[145785000] READ WORD = xxxxxxxx
[146405000] READ WORD = xxxxxxxx
[147025000] READ WORD = xxxxxxxx
[147645000] READ WORD = xxxxxxxx
[148265000] READ WORD = xxxxxxxx
[148885000] READ WORD = xxxxxxxx
[149505000] READ WORD = xxxxxxxx
[150125000] READ WORD = xxxxxxxx
[150745000] READ WORD = xxxxxxxx
[151365000] READ WORD = xxxxxxxx
[151985000] READ WORD = xxxxxxxx
[152605000] READ WORD = xxxxxxxx
[153225000] READ WORD = xxxxxxxx
[153845000] READ WORD = xxxxxxxx
[154465000] READ WORD = xxxxxxxx
[155085000] READ WORD = xxxxxxxx
[155705000] READ WORD = xxxxxxxx
[156325000] READ WORD = xxxxxxxx
[156945000] READ WORD = xxxxxxxx
[157565000] READ WORD = xxxxxxxx
[158185000] READ WORD = xxxxxxxx
[158805000] READ WORD = xxxxxxxx
[159425000] READ WORD = xxxxxxxx
[160045000] READ WORD = xxxxxxxx
[160665000] READ WORD = xxxxxxxx
[161285000] READ WORD = xxxxxxxx
[161905000] READ WORD = xxxxxxxx
[162525000] READ WORD = xxxxxxxx
[163145000] READ WORD = xxxxxxxx
[163765000] READ WORD = xxxxxxxx
[164385000] READ WORD = xxxxxxxx
[165005000] READ WORD = xxxxxxxx
[165625000] READ WORD = xxxxxxxx
[166245000] READ WORD = xxxxxxxx
[166865000] READ WORD = xxxxxxxx
[167485000] READ WORD = xxxxxxxx
[168105000] READ WORD = xxxxxxxx
[168725000] READ WORD = xxxxxxxx
[169345000] READ WORD = xxxxxxxx
[169965000] READ WORD = xxxxxxxx
[170585000] READ WORD = xxxxxxxx
[171205000] READ WORD = xxxxxxxx
[171825000] READ WORD = xxxxxxxx
[172445000] READ WORD = xxxxxxxx
[173065000] READ WORD = xxxxxxxx
[173685000] READ WORD = xxxxxxxx
[174305000] READ WORD = xxxxxxxx
[174925000] READ WORD = xxxxxxxx
[175545000] READ WORD = xxxxxxxx
[176165000] READ WORD = xxxxxxxx
[176785000] READ WORD = xxxxxxxx
[177405000] READ WORD = xxxxxxxx
[178025000] READ WORD = xxxxxxxx
[178645000] READ WORD = xxxxxxxx
[179265000] READ WORD = xxxxxxxx
[179885000] READ WORD = xxxxxxxx
[180505000] READ WORD = xxxxxxxx
[181125000] READ WORD = xxxxxxxx
[181745000] READ WORD = xxxxxxxx
[182365000] READ WORD = xxxxxxxx
[182985000] READ WORD = xxxxxxxx
[183605000] READ WORD = xxxxxxxx
[184225000] READ WORD = xxxxxxxx
[184845000] READ WORD = xxxxxxxx
[185465000] READ WORD = xxxxxxxx
[186085000] READ WORD = xxxxxxxx
[186705000] READ WORD = xxxxxxxx
[187325000] READ WORD = xxxxxxxx
[187945000] READ WORD = xxxxxxxx
[188565000] READ WORD = xxxxxxxx
[189185000] READ WORD = xxxxxxxx
[189805000] READ WORD = xxxxxxxx
[190425000] READ WORD = xxxxxxxx
[191045000] READ WORD = xxxxxxxx
[191665000] READ WORD = xxxxxxxx
[192285000] READ WORD = xxxxxxxx
[192905000] READ WORD = xxxxxxxx
[193525000] READ WORD = xxxxxxxx
[194145000] READ WORD = xxxxxxxx
[194765000] READ WORD = xxxxxxxx
[195385000] READ WORD = xxxxxxxx
[196005000] READ WORD = xxxxxxxx
[196625000] READ WORD = xxxxxxxx
[197245000] READ WORD = xxxxxxxx
[197865000] READ WORD = xxxxxxxx
[198485000] READ WORD = xxxxxxxx
[199105000] READ WORD = xxxxxxxx
[199725000] READ WORD = xxxxxxxx
[200345000] READ WORD = xxxxxxxx
[200965000] READ WORD = xxxxxxxx
[201585000] READ WORD = xxxxxxxx
[202205000] READ WORD = xxxxxxxx
[202825000] READ WORD = xxxxxxxx
[203445000] READ WORD = xxxxxxxx
[204065000] READ WORD = xxxxxxxx
[204685000] READ WORD = xxxxxxxx
[205305000] READ WORD = xxxxxxxx
[205925000] READ WORD = xxxxxxxx
[206545000] READ WORD = xxxxxxxx
[207165000] READ WORD = xxxxxxxx
[207785000] READ WORD = xxxxxxxx
[208405000] READ WORD = xxxxxxxx
[209025000] READ WORD = xxxxxxxx
[209645000] READ WORD = xxxxxxxx
[210265000] READ WORD = xxxxxxxx
[210885000] READ WORD = xxxxxxxx
[211505000] READ WORD = xxxxxxxx
[212125000] READ WORD = xxxxxxxx
[212745000] READ WORD = xxxxxxxx
[213365000] READ WORD = xxxxxxxx
[213985000] READ WORD = xxxxxxxx
[214605000] READ WORD = xxxxxxxx
[215225000] READ WORD = xxxxxxxx
[215845000] READ WORD = xxxxxxxx
[216465000] READ WORD = xxxxxxxx
[217085000] READ WORD = xxxxxxxx
[217705000] READ WORD = xxxxxxxx
[218325000] READ WORD = xxxxxxxx
[218945000] READ WORD = xxxxxxxx
[219565000] READ WORD = xxxxxxxx
[220185000] READ WORD = xxxxxxxx
[220805000] READ WORD = xxxxxxxx
[221425000] READ WORD = xxxxxxxx
[222045000] READ WORD = xxxxxxxx
[222665000] READ WORD = xxxxxxxx
[223285000] READ WORD = xxxxxxxx
[223905000] READ WORD = xxxxxxxx
[224525000] READ WORD = xxxxxxxx
[225145000] READ WORD = xxxxxxxx
[225765000] READ WORD = xxxxxxxx
[226385000] READ WORD = xxxxxxxx
[227005000] READ WORD = xxxxxxxx
[227625000] READ WORD = xxxxxxxx
[228245000] READ WORD = xxxxxxxx
[228865000] READ WORD = xxxxxxxx
[229485000] READ WORD = xxxxxxxx
[230105000] READ WORD = xxxxxxxx
[230725000] READ WORD = xxxxxxxx
[231345000] READ WORD = xxxxxxxx
[231965000] READ WORD = xxxxxxxx
[232585000] READ WORD = xxxxxxxx
[233205000] READ WORD = xxxxxxxx
[233825000] READ WORD = xxxxxxxx
[234445000] READ WORD = xxxxxxxx
[235065000] READ WORD = xxxxxxxx
[235685000] READ WORD = xxxxxxxx
[236305000] READ WORD = xxxxxxxx
[236925000] READ WORD = xxxxxxxx
[237545000] READ WORD = xxxxxxxx
[238165000] READ WORD = xxxxxxxx
[238785000] READ WORD = xxxxxxxx
[239405000] READ WORD = xxxxxxxx
[240025000] READ WORD = xxxxxxxx
[240645000] READ WORD = xxxxxxxx
[241265000] READ WORD = xxxxxxxx
[241885000] READ WORD = xxxxxxxx
[242505000] READ WORD = xxxxxxxx
[243125000] READ WORD = xxxxxxxx
[243745000] READ WORD = xxxxxxxx
[244365000] READ WORD = xxxxxxxx
[244985000] READ WORD = xxxxxxxx
[245605000] READ WORD = xxxxxxxx
[246225000] READ WORD = xxxxxxxx
[246845000] READ WORD = xxxxxxxx
[247465000] READ WORD = xxxxxxxx
[248085000] READ WORD = xxxxxxxx
[248705000] READ WORD = xxxxxxxx
[249325000] READ WORD = xxxxxxxx
[249945000] READ WORD = xxxxxxxx
[250565000] READ WORD = xxxxxxxx
[251185000] READ WORD = xxxxxxxx
[251805000] READ WORD = xxxxxxxx
[252425000] READ WORD = xxxxxxxx
[253045000] READ WORD = xxxxxxxx
[253665000] READ WORD = xxxxxxxx
[254285000] READ WORD = xxxxxxxx
[254905000] READ WORD = xxxxxxxx
[255525000] READ WORD = xxxxxxxx
[256145000] READ WORD = xxxxxxxx
[256765000] READ WORD = xxxxxxxx
[257385000] READ WORD = xxxxxxxx
[258005000] READ WORD = xxxxxxxx
[258625000] READ WORD = xxxxxxxx
[259245000] READ WORD = xxxxxxxx
[259865000] READ WORD = xxxxxxxx
[260485000] READ WORD = xxxxxxxx
[261105000] READ WORD = xxxxxxxx
[261725000] READ WORD = xxxxxxxx
[262345000] READ WORD = xxxxxxxx
[262965000] READ WORD = xxxxxxxx
[263585000] READ WORD = xxxxxxxx
[264205000] READ WORD = xxxxxxxx
[264825000] READ WORD = xxxxxxxx
[265445000] READ WORD = xxxxxxxx
[266065000] READ WORD = xxxxxxxx
[266685000] READ WORD = xxxxxxxx
[267305000] READ WORD = xxxxxxxx
[267925000] READ WORD = xxxxxxxx
[268545000] READ WORD = xxxxxxxx
[269165000] READ WORD = xxxxxxxx
[269785000] READ WORD = xxxxxxxx
[270405000] READ WORD = xxxxxxxx
[271025000] READ WORD = xxxxxxxx
[271645000] READ WORD = xxxxxxxx
[272265000] READ WORD = xxxxxxxx
[272885000] READ WORD = xxxxxxxx
[273505000] READ WORD = xxxxxxxx
[274125000] READ WORD = xxxxxxxx
[274745000] READ WORD = xxxxxxxx
[275365000] READ WORD = xxxxxxxx
[275985000] READ WORD = xxxxxxxx
[276605000] READ WORD = xxxxxxxx
[277225000] READ WORD = xxxxxxxx
[277845000] READ WORD = xxxxxxxx
[278465000] READ WORD = xxxxxxxx
[279085000] READ WORD = xxxxxxxx
[279705000] READ WORD = xxxxxxxx
[280325000] READ WORD = xxxxxxxx
[280945000] READ WORD = xxxxxxxx
[281565000] READ WORD = xxxxxxxx
[282185000] READ WORD = xxxxxxxx
[282805000] READ WORD = xxxxxxxx
[283425000] READ WORD = xxxxxxxx
[284045000] READ WORD = xxxxxxxx
[284665000] READ WORD = xxxxxxxx
[285285000] READ WORD = xxxxxxxx
[285905000] READ WORD = xxxxxxxx
[286525000] READ WORD = xxxxxxxx
[287145000] READ WORD = xxxxxxxx
[287765000] READ WORD = xxxxxxxx
[288385000] READ WORD = xxxxxxxx
[289005000] READ WORD = xxxxxxxx
[289625000] READ WORD = xxxxxxxx
[290245000] READ WORD = xxxxxxxx
[290865000] READ WORD = xxxxxxxx
[291485000] READ WORD = xxxxxxxx
[292105000] READ WORD = xxxxxxxx
[292725000] READ WORD = xxxxxxxx
[293345000] READ WORD = xxxxxxxx
[293965000] READ WORD = xxxxxxxx
[294585000] READ WORD = xxxxxxxx
[295205000] READ WORD = xxxxxxxx
[295825000] READ WORD = xxxxxxxx
[296445000] READ WORD = xxxxxxxx
[297065000] READ WORD = xxxxxxxx
[297685000] READ WORD = xxxxxxxx
[298305000] READ WORD = xxxxxxxx
[298925000] READ WORD = xxxxxxxx
[299545000] READ WORD = xxxxxxxx
[300165000] READ WORD = xxxxxxxx
[300785000] READ WORD = xxxxxxxx
[301405000] READ WORD = xxxxxxxx
[302025000] READ WORD = xxxxxxxx
[302645000] READ WORD = xxxxxxxx
[303265000] READ WORD = xxxxxxxx
[303885000] READ WORD = xxxxxxxx
[304505000] READ WORD = xxxxxxxx
[305125000] READ WORD = xxxxxxxx
[305745000] READ WORD = xxxxxxxx
[306365000] READ WORD = xxxxxxxx
[306985000] READ WORD = xxxxxxxx
[307605000] READ WORD = xxxxxxxx
[308225000] READ WORD = xxxxxxxx
[308845000] READ WORD = xxxxxxxx
[309465000] READ WORD = xxxxxxxx
[310085000] READ WORD = xxxxxxxx
[310705000] READ WORD = xxxxxxxx
[311325000] READ WORD = xxxxxxxx
[311945000] READ WORD = xxxxxxxx
[312565000] READ WORD = xxxxxxxx
[313185000] READ WORD = xxxxxxxx
[313805000] READ WORD = xxxxxxxx
[314425000] READ WORD = xxxxxxxx
[315045000] READ WORD = xxxxxxxx
[315665000] READ WORD = xxxxxxxx
[316285000] READ WORD = xxxxxxxx
[316905000] READ WORD = xxxxxxxx
[317525000] READ WORD = xxxxxxxx
[318145000] READ WORD = xxxxxxxx
[318765000] READ WORD = xxxxxxxx
[319385000] READ WORD = xxxxxxxx
[320005000] READ WORD = xxxxxxxx
[320625000] READ WORD = xxxxxxxx
[321245000] READ WORD = xxxxxxxx
[321865000] READ WORD = xxxxxxxx
[322485000] READ WORD = xxxxxxxx
[323105000] READ WORD = xxxxxxxx
[323725000] READ WORD = xxxxxxxx
[324345000] READ WORD = xxxxxxxx
[324965000] READ WORD = xxxxxxxx
[325585000] READ WORD = xxxxxxxx
[326205000] READ WORD = xxxxxxxx
[326825000] READ WORD = xxxxxxxx
[327445000] READ WORD = xxxxxxxx
[328065000] READ WORD = xxxxxxxx
[328685000] READ WORD = xxxxxxxx
[329305000] READ WORD = xxxxxxxx
[329925000] READ WORD = xxxxxxxx
[330545000] READ WORD = xxxxxxxx
[331165000] READ WORD = xxxxxxxx
[331785000] READ WORD = xxxxxxxx
[332405000] READ WORD = xxxxxxxx
[333025000] READ WORD = xxxxxxxx
[333645000] READ WORD = xxxxxxxx
[334265000] READ WORD = xxxxxxxx
[334885000] READ WORD = xxxxxxxx
[335505000] READ WORD = xxxxxxxx
[336125000] READ WORD = xxxxxxxx
[336745000] READ WORD = xxxxxxxx
[337365000] READ WORD = xxxxxxxx
[337985000] READ WORD = xxxxxxxx
[338605000] READ WORD = xxxxxxxx
[339225000] READ WORD = xxxxxxxx
[339845000] READ WORD = xxxxxxxx
[340465000] READ WORD = xxxxxxxx
[341085000] READ WORD = xxxxxxxx
[341705000] READ WORD = xxxxxxxx
[342325000] READ WORD = xxxxxxxx
[342945000] READ WORD = xxxxxxxx
[343565000] READ WORD = xxxxxxxx
[344185000] READ WORD = xxxxxxxx
[344805000] READ WORD = xxxxxxxx
[345425000] READ WORD = xxxxxxxx
[346045000] READ WORD = xxxxxxxx
[346665000] READ WORD = xxxxxxxx
[347285000] READ WORD = xxxxxxxx
[347905000] READ WORD = xxxxxxxx
[348525000] READ WORD = xxxxxxxx
[349145000] READ WORD = xxxxxxxx
[349765000] READ WORD = xxxxxxxx
[350385000] READ WORD = xxxxxxxx
[351005000] READ WORD = xxxxxxxx
[351625000] READ WORD = xxxxxxxx
[352245000] READ WORD = xxxxxxxx
[352865000] READ WORD = xxxxxxxx
[353485000] READ WORD = xxxxxxxx
[354105000] READ WORD = xxxxxxxx
[354725000] READ WORD = xxxxxxxx
[355345000] READ WORD = xxxxxxxx
[355965000] READ WORD = xxxxxxxx
[356585000] READ WORD = xxxxxxxx
[357205000] READ WORD = xxxxxxxx
[357825000] READ WORD = xxxxxxxx
[358445000] READ WORD = xxxxxxxx
[359065000] READ WORD = xxxxxxxx
[359685000] READ WORD = xxxxxxxx
[360305000] READ WORD = xxxxxxxx
[360925000] READ WORD = xxxxxxxx
[361545000] READ WORD = xxxxxxxx
[362165000] READ WORD = xxxxxxxx
[362785000] READ WORD = xxxxxxxx
[363405000] READ WORD = xxxxxxxx
[364025000] READ WORD = xxxxxxxx
[364645000] READ WORD = xxxxxxxx
[365265000] READ WORD = xxxxxxxx
[365885000] READ WORD = xxxxxxxx
[366505000] READ WORD = xxxxxxxx
[367125000] READ WORD = xxxxxxxx
[367745000] READ WORD = xxxxxxxx
[368365000] READ WORD = xxxxxxxx
[368985000] READ WORD = xxxxxxxx
[369605000] READ WORD = xxxxxxxx
[370225000] READ WORD = xxxxxxxx
[370845000] READ WORD = xxxxxxxx
[371465000] READ WORD = xxxxxxxx
[372085000] READ WORD = xxxxxxxx
[372705000] READ WORD = xxxxxxxx
[373325000] READ WORD = xxxxxxxx
[373945000] READ WORD = xxxxxxxx
[374565000] READ WORD = xxxxxxxx
[375185000] READ WORD = xxxxxxxx
[375805000] READ WORD = xxxxxxxx
[376425000] READ WORD = xxxxxxxx
[377045000] READ WORD = xxxxxxxx
[377665000] READ WORD = xxxxxxxx
[378285000] READ WORD = xxxxxxxx
[378905000] READ WORD = xxxxxxxx
[379525000] READ WORD = xxxxxxxx
[380145000] READ WORD = xxxxxxxx
[380765000] READ WORD = xxxxxxxx
[381385000] READ WORD = xxxxxxxx
[382005000] READ WORD = xxxxxxxx
[382625000] READ WORD = xxxxxxxx
[383245000] READ WORD = xxxxxxxx
[383865000] READ WORD = xxxxxxxx
[384485000] READ WORD = xxxxxxxx
[385105000] READ WORD = xxxxxxxx
[385725000] READ WORD = xxxxxxxx
[386345000] READ WORD = xxxxxxxx
[386965000] READ WORD = xxxxxxxx
[387585000] READ WORD = xxxxxxxx
[388205000] READ WORD = xxxxxxxx
[388825000] READ WORD = xxxxxxxx
[389445000] READ WORD = xxxxxxxx
[390065000] READ WORD = xxxxxxxx
[390685000] READ WORD = xxxxxxxx
[391305000] READ WORD = xxxxxxxx
[391925000] READ WORD = xxxxxxxx
[392545000] READ WORD = xxxxxxxx
[393165000] READ WORD = xxxxxxxx
[393785000] READ WORD = xxxxxxxx
[394405000] READ WORD = xxxxxxxx
[395025000] READ WORD = xxxxxxxx
[395645000] READ WORD = xxxxxxxx
[396265000] READ WORD = xxxxxxxx
[396885000] READ WORD = xxxxxxxx
[397505000] READ WORD = xxxxxxxx
[398125000] READ WORD = xxxxxxxx
[398745000] READ WORD = xxxxxxxx
[399365000] READ WORD = xxxxxxxx
[399985000] READ WORD = xxxxxxxx
[400605000] READ WORD = xxxxxxxx
[401225000] READ WORD = xxxxxxxx
[401845000] READ WORD = xxxxxxxx
[402465000] READ WORD = xxxxxxxx
[403085000] READ WORD = xxxxxxxx
[403705000] READ WORD = xxxxxxxx
[404325000] READ WORD = xxxxxxxx
[404945000] READ WORD = xxxxxxxx
[405565000] READ WORD = xxxxxxxx
[406185000] READ WORD = xxxxxxxx
[406805000] READ WORD = xxxxxxxx
[407425000] READ WORD = xxxxxxxx
[408045000] READ WORD = xxxxxxxx
[408665000] READ WORD = xxxxxxxx
[409285000] READ WORD = xxxxxxxx
[409905000] READ WORD = xxxxxxxx
[410525000] READ WORD = xxxxxxxx
[411145000] READ WORD = xxxxxxxx
[411765000] READ WORD = xxxxxxxx
[412385000] READ WORD = xxxxxxxx
[413005000] READ WORD = xxxxxxxx
[413625000] READ WORD = xxxxxxxx
[414245000] READ WORD = xxxxxxxx
[414865000] READ WORD = xxxxxxxx
[415485000] READ WORD = xxxxxxxx
[416105000] READ WORD = xxxxxxxx
[416725000] READ WORD = xxxxxxxx
[417345000] READ WORD = xxxxxxxx
[417965000] READ WORD = xxxxxxxx
[418585000] READ WORD = xxxxxxxx
[419205000] READ WORD = xxxxxxxx
[419825000] READ WORD = xxxxxxxx
[420445000] READ WORD = xxxxxxxx
[421065000] READ WORD = xxxxxxxx
[421685000] READ WORD = xxxxxxxx
[422305000] READ WORD = xxxxxxxx
[422925000] READ WORD = xxxxxxxx
[423545000] READ WORD = xxxxxxxx
[424165000] READ WORD = xxxxxxxx
[424785000] READ WORD = xxxxxxxx
[425405000] READ WORD = xxxxxxxx
[426025000] READ WORD = xxxxxxxx
[426645000] READ WORD = xxxxxxxx
[427265000] READ WORD = xxxxxxxx
[427885000] READ WORD = xxxxxxxx
[428505000] READ WORD = xxxxxxxx
[429125000] READ WORD = xxxxxxxx
[429745000] READ WORD = xxxxxxxx
[430365000] READ WORD = xxxxxxxx
[430985000] READ WORD = xxxxxxxx
[431605000] READ WORD = xxxxxxxx
[432225000] READ WORD = xxxxxxxx
[432845000] READ WORD = xxxxxxxx
[433465000] READ WORD = xxxxxxxx
[434085000] READ WORD = xxxxxxxx
[434705000] READ WORD = xxxxxxxx
[435325000] READ WORD = xxxxxxxx
[435945000] READ WORD = xxxxxxxx
[436565000] READ WORD = xxxxxxxx
[437185000] READ WORD = xxxxxxxx
[437805000] READ WORD = xxxxxxxx
[438425000] READ WORD = xxxxxxxx
[439045000] READ WORD = xxxxxxxx
[439665000] READ WORD = xxxxxxxx
[440285000] READ WORD = xxxxxxxx
[440905000] READ WORD = xxxxxxxx
[441525000] READ WORD = xxxxxxxx
[442145000] READ WORD = xxxxxxxx
[442765000] READ WORD = xxxxxxxx
[443385000] READ WORD = xxxxxxxx
[444005000] READ WORD = xxxxxxxx
[444625000] READ WORD = xxxxxxxx
[445245000] READ WORD = xxxxxxxx
[445865000] READ WORD = xxxxxxxx
[446485000] READ WORD = xxxxxxxx
[447105000] READ WORD = xxxxxxxx
[447725000] READ WORD = xxxxxxxx
[448345000] READ WORD = xxxxxxxx
[448965000] READ WORD = xxxxxxxx
[449585000] READ WORD = xxxxxxxx
[450205000] READ WORD = xxxxxxxx
[450825000] READ WORD = xxxxxxxx
[451445000] READ WORD = xxxxxxxx
[452065000] READ WORD = xxxxxxxx
[452685000] READ WORD = xxxxxxxx
[453305000] READ WORD = xxxxxxxx
[453925000] READ WORD = xxxxxxxx
[454545000] READ WORD = xxxxxxxx
[455165000] READ WORD = xxxxxxxx
[455785000] READ WORD = xxxxxxxx
[456405000] READ WORD = xxxxxxxx
[457025000] READ WORD = xxxxxxxx
[457645000] READ WORD = xxxxxxxx
[458265000] READ WORD = xxxxxxxx
[458885000] READ WORD = xxxxxxxx
[459505000] READ WORD = xxxxxxxx
[460125000] READ WORD = xxxxxxxx
[460745000] READ WORD = xxxxxxxx
[461365000] READ WORD = xxxxxxxx
[461985000] READ WORD = xxxxxxxx
[462605000] READ WORD = xxxxxxxx
[463225000] READ WORD = xxxxxxxx
[463845000] READ WORD = xxxxxxxx
[464465000] READ WORD = xxxxxxxx
[465085000] READ WORD = xxxxxxxx
[465705000] READ WORD = xxxxxxxx
[466325000] READ WORD = xxxxxxxx
[466945000] READ WORD = xxxxxxxx
[467565000] READ WORD = xxxxxxxx
[468185000] READ WORD = xxxxxxxx
[468805000] READ WORD = xxxxxxxx
[469425000] READ WORD = xxxxxxxx
[470045000] READ WORD = xxxxxxxx
[470665000] READ WORD = xxxxxxxx
[471285000] READ WORD = xxxxxxxx
[471905000] READ WORD = xxxxxxxx
[472525000] READ WORD = xxxxxxxx
[473145000] READ WORD = xxxxxxxx
[473765000] READ WORD = xxxxxxxx
[474385000] READ WORD = xxxxxxxx
[475005000] READ WORD = xxxxxxxx
[475625000] READ WORD = xxxxxxxx
[476245000] READ WORD = xxxxxxxx
[476865000] READ WORD = xxxxxxxx
[477485000] READ WORD = xxxxxxxx
[478105000] READ WORD = xxxxxxxx
[478725000] READ WORD = xxxxxxxx
[479345000] READ WORD = xxxxxxxx
[479965000] READ WORD = xxxxxxxx
[480585000] READ WORD = xxxxxxxx
[481205000] READ WORD = xxxxxxxx
[481825000] READ WORD = xxxxxxxx
[482445000] READ WORD = xxxxxxxx
[483065000] READ WORD = xxxxxxxx
[483685000] READ WORD = xxxxxxxx
[484305000] READ WORD = xxxxxxxx
[484925000] READ WORD = xxxxxxxx
[485545000] READ WORD = xxxxxxxx
[486165000] READ WORD = xxxxxxxx
[486785000] READ WORD = xxxxxxxx
[487405000] READ WORD = xxxxxxxx
[488025000] READ WORD = xxxxxxxx
[488645000] READ WORD = xxxxxxxx
[489265000] READ WORD = xxxxxxxx
[489885000] READ WORD = xxxxxxxx
[490505000] READ WORD = xxxxxxxx
[491125000] READ WORD = xxxxxxxx
[491745000] READ WORD = xxxxxxxx
[492365000] READ WORD = xxxxxxxx
[492985000] READ WORD = xxxxxxxx
[493605000] READ WORD = xxxxxxxx
[494225000] READ WORD = xxxxxxxx
[494845000] READ WORD = xxxxxxxx
[495465000] READ WORD = xxxxxxxx
[496085000] READ WORD = xxxxxxxx
[496705000] READ WORD = xxxxxxxx
[497325000] READ WORD = xxxxxxxx
[497945000] READ WORD = xxxxxxxx
[498565000] READ WORD = xxxxxxxx
[499185000] READ WORD = xxxxxxxx
[499805000] READ WORD = xxxxxxxx
[500425000] READ WORD = xxxxxxxx
[501045000] READ WORD = xxxxxxxx
[501665000] READ WORD = xxxxxxxx
[502285000] READ WORD = xxxxxxxx
[502905000] READ WORD = xxxxxxxx
[503525000] READ WORD = xxxxxxxx
[504145000] READ WORD = xxxxxxxx
[504765000] READ WORD = xxxxxxxx
[505385000] READ WORD = xxxxxxxx
[506005000] READ WORD = xxxxxxxx
[506625000] READ WORD = xxxxxxxx
[507245000] READ WORD = xxxxxxxx
[507865000] READ WORD = xxxxxxxx
[508485000] READ WORD = xxxxxxxx
[509105000] READ WORD = xxxxxxxx
[509725000] READ WORD = xxxxxxxx
[510345000] READ WORD = xxxxxxxx
[510965000] READ WORD = xxxxxxxx
[511585000] READ WORD = xxxxxxxx
[512205000] READ WORD = xxxxxxxx
[512825000] READ WORD = xxxxxxxx
[513445000] READ WORD = xxxxxxxx
[514065000] READ WORD = xxxxxxxx
[514685000] READ WORD = xxxxxxxx
[515305000] READ WORD = xxxxxxxx
[515925000] READ WORD = xxxxxxxx
[516545000] READ WORD = xxxxxxxx
[517165000] READ WORD = xxxxxxxx
[517785000] READ WORD = xxxxxxxx
[518405000] READ WORD = xxxxxxxx
[519025000] READ WORD = xxxxxxxx
[519645000] READ WORD = xxxxxxxx
[520265000] READ WORD = xxxxxxxx
[520885000] READ WORD = xxxxxxxx
[521505000] READ WORD = xxxxxxxx
[522125000] READ WORD = xxxxxxxx
[522745000] READ WORD = xxxxxxxx
[523365000] READ WORD = xxxxxxxx
[523985000] READ WORD = xxxxxxxx
[524605000] READ WORD = xxxxxxxx
[525225000] READ WORD = xxxxxxxx
[525845000] READ WORD = xxxxxxxx
[526465000] READ WORD = xxxxxxxx
[527085000] READ WORD = xxxxxxxx
[527705000] READ WORD = xxxxxxxx
[528325000] READ WORD = xxxxxxxx
[528945000] READ WORD = xxxxxxxx
[529565000] READ WORD = xxxxxxxx
[530185000] READ WORD = xxxxxxxx
[530805000] READ WORD = xxxxxxxx
[531425000] READ WORD = xxxxxxxx
[532045000] READ WORD = xxxxxxxx
[532665000] READ WORD = xxxxxxxx
[533285000] READ WORD = xxxxxxxx
[533905000] READ WORD = xxxxxxxx
[534525000] READ WORD = xxxxxxxx
[535145000] READ WORD = xxxxxxxx
[535765000] READ WORD = xxxxxxxx
[536385000] READ WORD = xxxxxxxx
[537005000] READ WORD = xxxxxxxx
[537625000] READ WORD = xxxxxxxx
[538245000] READ WORD = xxxxxxxx
[538865000] READ WORD = xxxxxxxx
[539485000] READ WORD = xxxxxxxx
[540105000] READ WORD = xxxxxxxx
[540725000] READ WORD = xxxxxxxx
[541345000] READ WORD = xxxxxxxx
[541965000] READ WORD = xxxxxxxx
[542585000] READ WORD = xxxxxxxx
[543205000] READ WORD = xxxxxxxx
[543825000] READ WORD = xxxxxxxx
[544445000] READ WORD = xxxxxxxx
[545065000] READ WORD = xxxxxxxx
[545685000] READ WORD = xxxxxxxx
[546305000] READ WORD = xxxxxxxx
[546925000] READ WORD = xxxxxxxx
[547545000] READ WORD = xxxxxxxx
[548165000] READ WORD = xxxxxxxx
[548785000] READ WORD = xxxxxxxx
[549405000] READ WORD = xxxxxxxx
[550025000] READ WORD = xxxxxxxx
[550645000] READ WORD = xxxxxxxx
[551265000] READ WORD = xxxxxxxx
[551885000] READ WORD = xxxxxxxx
[552505000] READ WORD = xxxxxxxx
[553125000] READ WORD = xxxxxxxx
[553745000] READ WORD = xxxxxxxx
[554365000] READ WORD = xxxxxxxx
[554985000] READ WORD = xxxxxxxx
[555605000] READ WORD = xxxxxxxx
[556225000] READ WORD = xxxxxxxx
[556845000] READ WORD = xxxxxxxx
[557465000] READ WORD = xxxxxxxx
[558085000] READ WORD = xxxxxxxx
[558705000] READ WORD = xxxxxxxx
[559325000] READ WORD = xxxxxxxx
[559945000] READ WORD = xxxxxxxx
[560565000] READ WORD = xxxxxxxx
[561185000] READ WORD = xxxxxxxx
[561805000] READ WORD = xxxxxxxx
[562425000] READ WORD = xxxxxxxx
[563045000] READ WORD = xxxxxxxx
[563665000] READ WORD = xxxxxxxx
[564285000] READ WORD = xxxxxxxx
[564905000] READ WORD = xxxxxxxx
[565525000] READ WORD = xxxxxxxx
[566145000] READ WORD = xxxxxxxx
[566765000] READ WORD = xxxxxxxx
[567385000] READ WORD = xxxxxxxx
[568005000] READ WORD = xxxxxxxx
[568625000] READ WORD = xxxxxxxx
[569245000] READ WORD = xxxxxxxx
[569865000] READ WORD = xxxxxxxx
[570485000] READ WORD = xxxxxxxx
[571105000] READ WORD = xxxxxxxx
[571725000] READ WORD = xxxxxxxx
[572345000] READ WORD = xxxxxxxx
[572965000] READ WORD = xxxxxxxx
[573585000] READ WORD = xxxxxxxx
[574205000] READ WORD = xxxxxxxx
[574825000] READ WORD = xxxxxxxx
[575445000] READ WORD = xxxxxxxx
[576065000] READ WORD = xxxxxxxx
[576685000] READ WORD = xxxxxxxx
[577305000] READ WORD = xxxxxxxx
[577925000] READ WORD = xxxxxxxx
[578545000] READ WORD = xxxxxxxx
[579165000] READ WORD = xxxxxxxx
[579785000] READ WORD = xxxxxxxx
[580405000] READ WORD = xxxxxxxx
[581025000] READ WORD = xxxxxxxx
[581645000] READ WORD = xxxxxxxx
[582265000] READ WORD = xxxxxxxx
[582885000] READ WORD = xxxxxxxx
[583505000] READ WORD = xxxxxxxx
[584125000] READ WORD = xxxxxxxx
[584745000] READ WORD = xxxxxxxx
[585365000] READ WORD = xxxxxxxx
[585985000] READ WORD = xxxxxxxx
[586605000] READ WORD = xxxxxxxx
[587225000] READ WORD = xxxxxxxx
[587845000] READ WORD = xxxxxxxx
[588465000] READ WORD = xxxxxxxx
[589085000] READ WORD = xxxxxxxx
[589705000] READ WORD = xxxxxxxx
[590325000] READ WORD = xxxxxxxx
[590945000] READ WORD = xxxxxxxx
[591565000] READ WORD = xxxxxxxx
[592185000] READ WORD = xxxxxxxx
[592805000] READ WORD = xxxxxxxx
[593425000] READ WORD = xxxxxxxx
[594045000] READ WORD = xxxxxxxx
[594665000] READ WORD = xxxxxxxx
[595285000] READ WORD = xxxxxxxx
[595905000] READ WORD = xxxxxxxx
[596525000] READ WORD = xxxxxxxx
[597145000] READ WORD = xxxxxxxx
[597765000] READ WORD = xxxxxxxx
[598385000] READ WORD = xxxxxxxx
[599005000] READ WORD = xxxxxxxx
[599625000] READ WORD = xxxxxxxx
[600245000] READ WORD = xxxxxxxx
[600865000] READ WORD = xxxxxxxx
[601485000] READ WORD = xxxxxxxx
[602105000] READ WORD = xxxxxxxx
[602725000] READ WORD = xxxxxxxx
[603345000] READ WORD = xxxxxxxx
[603965000] READ WORD = xxxxxxxx
[604585000] READ WORD = xxxxxxxx
[605205000] READ WORD = xxxxxxxx
[605825000] READ WORD = xxxxxxxx
[606445000] READ WORD = xxxxxxxx
[607065000] READ WORD = xxxxxxxx
[607685000] READ WORD = xxxxxxxx
[608305000] READ WORD = xxxxxxxx
[608925000] READ WORD = xxxxxxxx
[609545000] READ WORD = xxxxxxxx
[610165000] READ WORD = xxxxxxxx
[610785000] READ WORD = xxxxxxxx
[611405000] READ WORD = xxxxxxxx
[612025000] READ WORD = xxxxxxxx
[612645000] READ WORD = xxxxxxxx
[613265000] READ WORD = xxxxxxxx
[613885000] READ WORD = xxxxxxxx
[614505000] READ WORD = xxxxxxxx
[615125000] READ WORD = xxxxxxxx
[615745000] READ WORD = xxxxxxxx
[616365000] READ WORD = xxxxxxxx
[616985000] READ WORD = xxxxxxxx
[617605000] READ WORD = xxxxxxxx
[618225000] READ WORD = xxxxxxxx
[618845000] READ WORD = xxxxxxxx
[619465000] READ WORD = xxxxxxxx
[620085000] READ WORD = xxxxxxxx
[620705000] READ WORD = xxxxxxxx
[621325000] READ WORD = xxxxxxxx
[621945000] READ WORD = xxxxxxxx
[622565000] READ WORD = xxxxxxxx
[623185000] READ WORD = xxxxxxxx
[623805000] READ WORD = xxxxxxxx
[624425000] READ WORD = xxxxxxxx
[625045000] READ WORD = xxxxxxxx
[625665000] READ WORD = xxxxxxxx
[626285000] READ WORD = xxxxxxxx
[626905000] READ WORD = xxxxxxxx
[627525000] READ WORD = xxxxxxxx
[628145000] READ WORD = xxxxxxxx
[628765000] READ WORD = xxxxxxxx
[629385000] READ WORD = xxxxxxxx
[630005000] READ WORD = xxxxxxxx
[630625000] READ WORD = xxxxxxxx
[631245000] READ WORD = xxxxxxxx
[631865000] READ WORD = xxxxxxxx
[632485000] READ WORD = xxxxxxxx
[633105000] READ WORD = xxxxxxxx
[633725000] READ WORD = xxxxxxxx
[634345000] READ WORD = xxxxxxxx
[634965000] READ WORD = xxxxxxxx
[635585000] READ WORD = xxxxxxxx
[636205000] READ WORD = xxxxxxxx
[636825000] READ WORD = xxxxxxxx
[637445000] READ WORD = xxxxxxxx
[638065000] READ WORD = xxxxxxxx
[638685000] READ WORD = xxxxxxxx
[639305000] READ WORD = xxxxxxxx
[639925000] READ WORD = xxxxxxxx
[640545000] READ WORD = xxxxxxxx
[641165000] READ WORD = xxxxxxxx
[641785000] READ WORD = xxxxxxxx
[642405000] READ WORD = xxxxxxxx
[643025000] READ WORD = xxxxxxxx
[643645000] READ WORD = xxxxxxxx
[644265000] READ WORD = xxxxxxxx
[644885000] READ WORD = xxxxxxxx
[645505000] READ WORD = xxxxxxxx
[646125000] READ WORD = xxxxxxxx
[646745000] READ WORD = xxxxxxxx
[647365000] READ WORD = xxxxxxxx
[647985000] READ WORD = xxxxxxxx
[648605000] READ WORD = xxxxxxxx
[649225000] READ WORD = xxxxxxxx
[649845000] READ WORD = xxxxxxxx
[650465000] READ WORD = xxxxxxxx
[651085000] READ WORD = xxxxxxxx
[651705000] READ WORD = xxxxxxxx
[652325000] READ WORD = xxxxxxxx
[652945000] READ WORD = xxxxxxxx
[653565000] READ WORD = xxxxxxxx
[654185000] READ WORD = xxxxxxxx
[654805000] READ WORD = xxxxxxxx
[655425000] READ WORD = xxxxxxxx
[656045000] READ WORD = xxxxxxxx
[656665000] READ WORD = xxxxxxxx
[657285000] READ WORD = xxxxxxxx
[657905000] READ WORD = xxxxxxxx
[658525000] READ WORD = xxxxxxxx
[659145000] READ WORD = xxxxxxxx
[659765000] READ WORD = xxxxxxxx
[660385000] READ WORD = xxxxxxxx
[661005000] READ WORD = xxxxxxxx
[661625000] READ WORD = xxxxxxxx
[662245000] READ WORD = xxxxxxxx
[662865000] READ WORD = xxxxxxxx
[663485000] READ WORD = xxxxxxxx
[664105000] READ WORD = xxxxxxxx
[664725000] READ WORD = xxxxxxxx
[665345000] READ WORD = xxxxxxxx
[665965000] READ WORD = xxxxxxxx
[666585000] READ WORD = xxxxxxxx
[667205000] READ WORD = xxxxxxxx
[667825000] READ WORD = xxxxxxxx
[668445000] READ WORD = xxxxxxxx
[669065000] READ WORD = xxxxxxxx
[669685000] READ WORD = xxxxxxxx
[670305000] READ WORD = xxxxxxxx
[670925000] READ WORD = xxxxxxxx
[671545000] READ WORD = xxxxxxxx
[672165000] READ WORD = xxxxxxxx
[672785000] READ WORD = xxxxxxxx
[673405000] READ WORD = xxxxxxxx
[674025000] READ WORD = xxxxxxxx
[674645000] READ WORD = xxxxxxxx
[675265000] READ WORD = xxxxxxxx
[675885000] READ WORD = xxxxxxxx
[676505000] READ WORD = xxxxxxxx
[677125000] READ WORD = xxxxxxxx
[677745000] READ WORD = xxxxxxxx
[678365000] READ WORD = xxxxxxxx
[678985000] READ WORD = xxxxxxxx
[679605000] READ WORD = xxxxxxxx
[680225000] READ WORD = xxxxxxxx
[680845000] READ WORD = xxxxxxxx
[681465000] READ WORD = xxxxxxxx
[682085000] READ WORD = xxxxxxxx
[682705000] READ WORD = xxxxxxxx
[683325000] READ WORD = xxxxxxxx
[683945000] READ WORD = xxxxxxxx
[684565000] READ WORD = xxxxxxxx
[685185000] READ WORD = xxxxxxxx
[685805000] READ WORD = xxxxxxxx
[686425000] READ WORD = xxxxxxxx
[687045000] READ WORD = xxxxxxxx
[687665000] READ WORD = xxxxxxxx
[688285000] READ WORD = xxxxxxxx
[688905000] READ WORD = xxxxxxxx
[689525000] READ WORD = xxxxxxxx
[690145000] READ WORD = xxxxxxxx
[690765000] READ WORD = xxxxxxxx
[691385000] READ WORD = xxxxxxxx
[692005000] READ WORD = xxxxxxxx
[692625000] READ WORD = xxxxxxxx
[693245000] READ WORD = xxxxxxxx
[693865000] READ WORD = xxxxxxxx
[694485000] READ WORD = xxxxxxxx
[695105000] READ WORD = xxxxxxxx
[695725000] READ WORD = xxxxxxxx
[696345000] READ WORD = xxxxxxxx
[696965000] READ WORD = xxxxxxxx
[697585000] READ WORD = xxxxxxxx
[698205000] READ WORD = xxxxxxxx
[698825000] READ WORD = xxxxxxxx
[699445000] READ WORD = xxxxxxxx
[700065000] READ WORD = xxxxxxxx
[700685000] READ WORD = xxxxxxxx
[701305000] READ WORD = xxxxxxxx
[701925000] READ WORD = xxxxxxxx
[702545000] READ WORD = xxxxxxxx
[703165000] READ WORD = xxxxxxxx
[703785000] READ WORD = xxxxxxxx
[704405000] READ WORD = xxxxxxxx
[705025000] READ WORD = xxxxxxxx
[705645000] READ WORD = xxxxxxxx
[706265000] READ WORD = xxxxxxxx
[706885000] READ WORD = xxxxxxxx
[707505000] READ WORD = xxxxxxxx
[708125000] READ WORD = xxxxxxxx
[708745000] READ WORD = xxxxxxxx
[709365000] READ WORD = xxxxxxxx
[709985000] READ WORD = xxxxxxxx
[710605000] READ WORD = xxxxxxxx
[711225000] READ WORD = xxxxxxxx
[711845000] READ WORD = xxxxxxxx
[712465000] READ WORD = xxxxxxxx
[713085000] READ WORD = xxxxxxxx
[713705000] READ WORD = xxxxxxxx
[714325000] READ WORD = xxxxxxxx
[714945000] READ WORD = xxxxxxxx
[715565000] READ WORD = xxxxxxxx
[716185000] READ WORD = xxxxxxxx
[716805000] READ WORD = xxxxxxxx
[717425000] READ WORD = xxxxxxxx
[718045000] READ WORD = xxxxxxxx
[718665000] READ WORD = xxxxxxxx
[719285000] READ WORD = xxxxxxxx
[719905000] READ WORD = xxxxxxxx
[720525000] READ WORD = xxxxxxxx
[721145000] READ WORD = xxxxxxxx
[721765000] READ WORD = xxxxxxxx
[722385000] READ WORD = xxxxxxxx
[723005000] READ WORD = xxxxxxxx
[723625000] READ WORD = xxxxxxxx
[724245000] READ WORD = xxxxxxxx
[724865000] READ WORD = xxxxxxxx
[725485000] READ WORD = xxxxxxxx
[726105000] READ WORD = xxxxxxxx
[726725000] READ WORD = xxxxxxxx
[727345000] READ WORD = xxxxxxxx
[727965000] READ WORD = xxxxxxxx
[728585000] READ WORD = xxxxxxxx
[729205000] READ WORD = xxxxxxxx
[729825000] READ WORD = xxxxxxxx
[730445000] READ WORD = xxxxxxxx
[731065000] READ WORD = xxxxxxxx
[731685000] READ WORD = xxxxxxxx
[732305000] READ WORD = xxxxxxxx
[732925000] READ WORD = xxxxxxxx
[733545000] READ WORD = xxxxxxxx
[734165000] READ WORD = xxxxxxxx
[734785000] READ WORD = xxxxxxxx
[735405000] READ WORD = xxxxxxxx
[736025000] READ WORD = xxxxxxxx
[736645000] READ WORD = xxxxxxxx
[737265000] READ WORD = xxxxxxxx
[737885000] READ WORD = xxxxxxxx
[738505000] READ WORD = xxxxxxxx
[739125000] READ WORD = xxxxxxxx
[739745000] READ WORD = xxxxxxxx
[740365000] READ WORD = xxxxxxxx
[740985000] READ WORD = xxxxxxxx
[741605000] READ WORD = xxxxxxxx
[742225000] READ WORD = xxxxxxxx
[742845000] READ WORD = xxxxxxxx
[743465000] READ WORD = xxxxxxxx
[744085000] READ WORD = xxxxxxxx
[744705000] READ WORD = xxxxxxxx
[745325000] READ WORD = xxxxxxxx
[745945000] READ WORD = xxxxxxxx
[746565000] READ WORD = xxxxxxxx
[747185000] READ WORD = xxxxxxxx
[747805000] READ WORD = xxxxxxxx
[748425000] READ WORD = xxxxxxxx
[749045000] READ WORD = xxxxxxxx
[749665000] READ WORD = xxxxxxxx
[750285000] READ WORD = xxxxxxxx
[750905000] READ WORD = xxxxxxxx
[751525000] READ WORD = xxxxxxxx
[752145000] READ WORD = xxxxxxxx
[752765000] READ WORD = xxxxxxxx
[753385000] READ WORD = xxxxxxxx
[754005000] READ WORD = xxxxxxxx
[754625000] READ WORD = xxxxxxxx
[755245000] READ WORD = xxxxxxxx
[755865000] READ WORD = xxxxxxxx
[756485000] READ WORD = xxxxxxxx
[757105000] READ WORD = xxxxxxxx
[757725000] READ WORD = xxxxxxxx
[758345000] READ WORD = xxxxxxxx
[758965000] READ WORD = xxxxxxxx
[759585000] READ WORD = xxxxxxxx
[760205000] READ WORD = xxxxxxxx
[760825000] READ WORD = xxxxxxxx
[761445000] READ WORD = xxxxxxxx
[762065000] READ WORD = xxxxxxxx
[762685000] READ WORD = xxxxxxxx
[763305000] READ WORD = xxxxxxxx
[763925000] READ WORD = xxxxxxxx
[764545000] READ WORD = xxxxxxxx
[765165000] READ WORD = xxxxxxxx
[765785000] READ WORD = xxxxxxxx
[766405000] READ WORD = xxxxxxxx
[767025000] READ WORD = xxxxxxxx
[767645000] READ WORD = xxxxxxxx
[768265000] READ WORD = xxxxxxxx
[768885000] READ WORD = xxxxxxxx
[769505000] READ WORD = xxxxxxxx
[770125000] READ WORD = xxxxxxxx
[770745000] READ WORD = xxxxxxxx
[771365000] READ WORD = xxxxxxxx
[771985000] READ WORD = xxxxxxxx
[772605000] READ WORD = xxxxxxxx
[773225000] READ WORD = xxxxxxxx
[773845000] READ WORD = xxxxxxxx
[774465000] READ WORD = xxxxxxxx
[775085000] READ WORD = xxxxxxxx
[775705000] READ WORD = xxxxxxxx
[776325000] READ WORD = xxxxxxxx
[776945000] READ WORD = xxxxxxxx
[777565000] READ WORD = xxxxxxxx
[778185000] READ WORD = xxxxxxxx
[778805000] READ WORD = xxxxxxxx
[779425000] READ WORD = xxxxxxxx
[780045000] READ WORD = xxxxxxxx
[780665000] READ WORD = xxxxxxxx
[781285000] READ WORD = xxxxxxxx
[781905000] READ WORD = xxxxxxxx
[782525000] READ WORD = xxxxxxxx
[783145000] READ WORD = xxxxxxxx
[783765000] READ WORD = xxxxxxxx
[784385000] READ WORD = xxxxxxxx
[785005000] READ WORD = xxxxxxxx
[785625000] READ WORD = xxxxxxxx
[786245000] READ WORD = xxxxxxxx
[786865000] READ WORD = xxxxxxxx
[787485000] READ WORD = xxxxxxxx
[788105000] READ WORD = xxxxxxxx
[788725000] READ WORD = xxxxxxxx
[789345000] READ WORD = xxxxxxxx
[789965000] READ WORD = xxxxxxxx
[790585000] READ WORD = xxxxxxxx
[791205000] READ WORD = xxxxxxxx
[791825000] READ WORD = xxxxxxxx
[792445000] READ WORD = xxxxxxxx
[793065000] READ WORD = xxxxxxxx
[793685000] READ WORD = xxxxxxxx
[794305000] READ WORD = xxxxxxxx
[794925000] READ WORD = xxxxxxxx
[795545000] READ WORD = xxxxxxxx
[796165000] READ WORD = xxxxxxxx
[796785000] READ WORD = xxxxxxxx
[797405000] READ WORD = xxxxxxxx
[798025000] READ WORD = xxxxxxxx
[798645000] READ WORD = xxxxxxxx
[799265000] READ WORD = xxxxxxxx
[799885000] READ WORD = xxxxxxxx
[800505000] READ WORD = xxxxxxxx
[801125000] READ WORD = xxxxxxxx
[801745000] READ WORD = xxxxxxxx
[802365000] READ WORD = xxxxxxxx
[802985000] READ WORD = xxxxxxxx
[803605000] READ WORD = xxxxxxxx
[804225000] READ WORD = xxxxxxxx
[804845000] READ WORD = xxxxxxxx
[805465000] READ WORD = xxxxxxxx
[806085000] READ WORD = xxxxxxxx
[806705000] READ WORD = xxxxxxxx
[807325000] READ WORD = xxxxxxxx
[807945000] READ WORD = xxxxxxxx
[808565000] READ WORD = xxxxxxxx
[809185000] READ WORD = xxxxxxxx
[809805000] READ WORD = xxxxxxxx
[810425000] READ WORD = xxxxxxxx
[811045000] READ WORD = xxxxxxxx
[811665000] READ WORD = xxxxxxxx
[812285000] READ WORD = xxxxxxxx
[812905000] READ WORD = xxxxxxxx
[813525000] READ WORD = xxxxxxxx
[814145000] READ WORD = xxxxxxxx
[814765000] READ WORD = xxxxxxxx
[815385000] READ WORD = xxxxxxxx
[816005000] READ WORD = xxxxxxxx
[816625000] READ WORD = xxxxxxxx
[817245000] READ WORD = xxxxxxxx
[817865000] READ WORD = xxxxxxxx
[818485000] READ WORD = xxxxxxxx
[819105000] READ WORD = xxxxxxxx
[819725000] READ WORD = xxxxxxxx
[820345000] READ WORD = xxxxxxxx
[820965000] READ WORD = xxxxxxxx
[821585000] READ WORD = xxxxxxxx
[822205000] READ WORD = xxxxxxxx
[822825000] READ WORD = xxxxxxxx
[823445000] READ WORD = xxxxxxxx
[824065000] READ WORD = xxxxxxxx
[824685000] READ WORD = xxxxxxxx
[825305000] READ WORD = xxxxxxxx
[825925000] READ WORD = xxxxxxxx
[826545000] READ WORD = xxxxxxxx
[827165000] READ WORD = xxxxxxxx
[827785000] READ WORD = xxxxxxxx
[828405000] READ WORD = xxxxxxxx
[829025000] READ WORD = xxxxxxxx
[829645000] READ WORD = xxxxxxxx
[830265000] READ WORD = xxxxxxxx
[830885000] READ WORD = xxxxxxxx
[831505000] READ WORD = xxxxxxxx
[832125000] READ WORD = xxxxxxxx
[832745000] READ WORD = xxxxxxxx
[833365000] READ WORD = xxxxxxxx
[833985000] READ WORD = xxxxxxxx
[834605000] READ WORD = xxxxxxxx
[835225000] READ WORD = xxxxxxxx
[835845000] READ WORD = xxxxxxxx
[836465000] READ WORD = xxxxxxxx
[837085000] READ WORD = xxxxxxxx
[837705000] READ WORD = xxxxxxxx
[838325000] READ WORD = xxxxxxxx
[838945000] READ WORD = xxxxxxxx
[839565000] READ WORD = xxxxxxxx
[840185000] READ WORD = xxxxxxxx
[840805000] READ WORD = xxxxxxxx
[841425000] READ WORD = xxxxxxxx
[842045000] READ WORD = xxxxxxxx
[842665000] READ WORD = xxxxxxxx
[843285000] READ WORD = xxxxxxxx
[843905000] READ WORD = xxxxxxxx
[844525000] READ WORD = xxxxxxxx
[845145000] READ WORD = xxxxxxxx
[845765000] READ WORD = xxxxxxxx
[846385000] READ WORD = xxxxxxxx
[847005000] READ WORD = xxxxxxxx
[847625000] READ WORD = xxxxxxxx
[848245000] READ WORD = xxxxxxxx
[848865000] READ WORD = xxxxxxxx
[849485000] READ WORD = xxxxxxxx
[850105000] READ WORD = xxxxxxxx
[850725000] READ WORD = xxxxxxxx
[851345000] READ WORD = xxxxxxxx
[851965000] READ WORD = xxxxxxxx
[852585000] READ WORD = xxxxxxxx
[853205000] READ WORD = xxxxxxxx
[853825000] READ WORD = xxxxxxxx
[854445000] READ WORD = xxxxxxxx
[855065000] READ WORD = xxxxxxxx
[855685000] READ WORD = xxxxxxxx
[856305000] READ WORD = xxxxxxxx
[856925000] READ WORD = xxxxxxxx
[857545000] READ WORD = xxxxxxxx
[858165000] READ WORD = xxxxxxxx
[858785000] READ WORD = xxxxxxxx
[859405000] READ WORD = xxxxxxxx
[860025000] READ WORD = xxxxxxxx
[860645000] READ WORD = xxxxxxxx
[861265000] READ WORD = xxxxxxxx
[861885000] READ WORD = xxxxxxxx
[862505000] READ WORD = xxxxxxxx
[863125000] READ WORD = xxxxxxxx
[863745000] READ WORD = xxxxxxxx
[864365000] READ WORD = xxxxxxxx
[864985000] READ WORD = xxxxxxxx
[865605000] READ WORD = xxxxxxxx
[866225000] READ WORD = xxxxxxxx
[866845000] READ WORD = xxxxxxxx
[867465000] READ WORD = xxxxxxxx
[868085000] READ WORD = xxxxxxxx
[868705000] READ WORD = xxxxxxxx
[869325000] READ WORD = xxxxxxxx
[869945000] READ WORD = xxxxxxxx
[870565000] READ WORD = xxxxxxxx
[871185000] READ WORD = xxxxxxxx
[871805000] READ WORD = xxxxxxxx
[872425000] READ WORD = xxxxxxxx
[873045000] READ WORD = xxxxxxxx
[873665000] READ WORD = xxxxxxxx
[874285000] READ WORD = xxxxxxxx
[874905000] READ WORD = xxxxxxxx
[875525000] READ WORD = xxxxxxxx
[876145000] READ WORD = xxxxxxxx
[876765000] READ WORD = xxxxxxxx
[877385000] READ WORD = xxxxxxxx
[878005000] READ WORD = xxxxxxxx
[878625000] READ WORD = xxxxxxxx
[879245000] READ WORD = xxxxxxxx
[879865000] READ WORD = xxxxxxxx
[880485000] READ WORD = xxxxxxxx
[881105000] READ WORD = xxxxxxxx
[881725000] READ WORD = xxxxxxxx
[882345000] READ WORD = xxxxxxxx
[882965000] READ WORD = xxxxxxxx
[883585000] READ WORD = xxxxxxxx
[884205000] READ WORD = xxxxxxxx
[884825000] READ WORD = xxxxxxxx
[885445000] READ WORD = xxxxxxxx
[886065000] READ WORD = xxxxxxxx
[886685000] READ WORD = xxxxxxxx
[887305000] READ WORD = xxxxxxxx
[887925000] READ WORD = xxxxxxxx
[888545000] READ WORD = xxxxxxxx
[889165000] READ WORD = xxxxxxxx
[889785000] READ WORD = xxxxxxxx
[890405000] READ WORD = xxxxxxxx
[891025000] READ WORD = xxxxxxxx
[891645000] READ WORD = xxxxxxxx
[892265000] READ WORD = xxxxxxxx
[892885000] READ WORD = xxxxxxxx
[893505000] READ WORD = xxxxxxxx
[894125000] READ WORD = xxxxxxxx
[894745000] READ WORD = xxxxxxxx
[895365000] READ WORD = xxxxxxxx
[895985000] READ WORD = xxxxxxxx
[896605000] READ WORD = xxxxxxxx
[897225000] READ WORD = xxxxxxxx
[897845000] READ WORD = xxxxxxxx
[898465000] READ WORD = xxxxxxxx
[899085000] READ WORD = xxxxxxxx
[899705000] READ WORD = xxxxxxxx
[900325000] READ WORD = xxxxxxxx
[900945000] READ WORD = xxxxxxxx
[901565000] READ WORD = xxxxxxxx
[902185000] READ WORD = xxxxxxxx
[902805000] READ WORD = xxxxxxxx
[903425000] READ WORD = xxxxxxxx
[904045000] READ WORD = xxxxxxxx
[904665000] READ WORD = xxxxxxxx
[905285000] READ WORD = xxxxxxxx
[905905000] READ WORD = xxxxxxxx
[906525000] READ WORD = xxxxxxxx
[907145000] READ WORD = xxxxxxxx
[907765000] READ WORD = xxxxxxxx
[908385000] READ WORD = xxxxxxxx
[909005000] READ WORD = xxxxxxxx
[909625000] READ WORD = xxxxxxxx
[910245000] READ WORD = xxxxxxxx
[910865000] READ WORD = xxxxxxxx
[911485000] READ WORD = xxxxxxxx
[912105000] READ WORD = xxxxxxxx
[912725000] READ WORD = xxxxxxxx
[913345000] READ WORD = xxxxxxxx
[913965000] READ WORD = xxxxxxxx
[914585000] READ WORD = xxxxxxxx
[915205000] READ WORD = xxxxxxxx
[915825000] READ WORD = xxxxxxxx
[916445000] READ WORD = xxxxxxxx
[917065000] READ WORD = xxxxxxxx
[917685000] READ WORD = xxxxxxxx
[918305000] READ WORD = xxxxxxxx
[918925000] READ WORD = xxxxxxxx
[919545000] READ WORD = xxxxxxxx
[920165000] READ WORD = xxxxxxxx
[920785000] READ WORD = xxxxxxxx
[921405000] READ WORD = xxxxxxxx
[922025000] READ WORD = xxxxxxxx
[922645000] READ WORD = xxxxxxxx
[923265000] READ WORD = xxxxxxxx
[923885000] READ WORD = xxxxxxxx
[924505000] READ WORD = xxxxxxxx
[925125000] READ WORD = xxxxxxxx
[925745000] READ WORD = xxxxxxxx
[926365000] READ WORD = xxxxxxxx
[926985000] READ WORD = xxxxxxxx
[927605000] READ WORD = xxxxxxxx
[928225000] READ WORD = xxxxxxxx
[928845000] READ WORD = xxxxxxxx
[929465000] READ WORD = xxxxxxxx
[930085000] READ WORD = xxxxxxxx
[930705000] READ WORD = xxxxxxxx
[931325000] READ WORD = xxxxxxxx
[931945000] READ WORD = xxxxxxxx
[932565000] READ WORD = xxxxxxxx
[933185000] READ WORD = xxxxxxxx
[933805000] READ WORD = xxxxxxxx
[934425000] READ WORD = xxxxxxxx
[935045000] READ WORD = xxxxxxxx
[935665000] READ WORD = xxxxxxxx
[936285000] READ WORD = xxxxxxxx
[936905000] READ WORD = xxxxxxxx
[937525000] READ WORD = xxxxxxxx
[938145000] READ WORD = xxxxxxxx
[938765000] READ WORD = xxxxxxxx
[939385000] READ WORD = xxxxxxxx
[940005000] READ WORD = xxxxxxxx
[940625000] READ WORD = xxxxxxxx
[941245000] READ WORD = xxxxxxxx
[941865000] READ WORD = xxxxxxxx
[942485000] READ WORD = xxxxxxxx
[943105000] READ WORD = xxxxxxxx
[943725000] READ WORD = xxxxxxxx
[944345000] READ WORD = xxxxxxxx
[944965000] READ WORD = xxxxxxxx
[945585000] READ WORD = xxxxxxxx
[946205000] READ WORD = xxxxxxxx
[946825000] READ WORD = xxxxxxxx
[947445000] READ WORD = xxxxxxxx
[948065000] READ WORD = xxxxxxxx
[948685000] READ WORD = xxxxxxxx
[949305000] READ WORD = xxxxxxxx
[949925000] READ WORD = xxxxxxxx
[950545000] READ WORD = xxxxxxxx
[951165000] READ WORD = xxxxxxxx
[951785000] READ WORD = xxxxxxxx
[952405000] READ WORD = xxxxxxxx
[953025000] READ WORD = xxxxxxxx
[953645000] READ WORD = xxxxxxxx
[954265000] READ WORD = xxxxxxxx
[954885000] READ WORD = xxxxxxxx
[955505000] READ WORD = xxxxxxxx
[956125000] READ WORD = xxxxxxxx
[956745000] READ WORD = xxxxxxxx
[957365000] READ WORD = xxxxxxxx
[957985000] READ WORD = xxxxxxxx
[958605000] READ WORD = xxxxxxxx
[959225000] READ WORD = xxxxxxxx
[959845000] READ WORD = xxxxxxxx
[960465000] READ WORD = xxxxxxxx
[961085000] READ WORD = xxxxxxxx
[961705000] READ WORD = xxxxxxxx
[962325000] READ WORD = xxxxxxxx
[962945000] READ WORD = xxxxxxxx
[963565000] READ WORD = xxxxxxxx
[964185000] READ WORD = xxxxxxxx
[964805000] READ WORD = xxxxxxxx
[965425000] READ WORD = xxxxxxxx
[966045000] READ WORD = xxxxxxxx
[966665000] READ WORD = xxxxxxxx
[967285000] READ WORD = xxxxxxxx
[967905000] READ WORD = xxxxxxxx
[968525000] READ WORD = xxxxxxxx
[969145000] READ WORD = xxxxxxxx
[969765000] READ WORD = xxxxxxxx
[970385000] READ WORD = xxxxxxxx
[971005000] READ WORD = xxxxxxxx
[971625000] READ WORD = xxxxxxxx
[972245000] READ WORD = xxxxxxxx
[972865000] READ WORD = xxxxxxxx
[973485000] READ WORD = xxxxxxxx
[974105000] READ WORD = xxxxxxxx
[974725000] READ WORD = xxxxxxxx
[975345000] READ WORD = xxxxxxxx
[975965000] READ WORD = xxxxxxxx
[976585000] READ WORD = xxxxxxxx
[977205000] READ WORD = xxxxxxxx
[977825000] READ WORD = xxxxxxxx
[978445000] READ WORD = xxxxxxxx
[979065000] READ WORD = xxxxxxxx
[979685000] READ WORD = xxxxxxxx
[980305000] READ WORD = xxxxxxxx
[980925000] READ WORD = xxxxxxxx
[981545000] READ WORD = xxxxxxxx
[982165000] READ WORD = xxxxxxxx
[982785000] READ WORD = xxxxxxxx
[983405000] READ WORD = xxxxxxxx
[984025000] READ WORD = xxxxxxxx
[984645000] READ WORD = xxxxxxxx
[985265000] READ WORD = xxxxxxxx
[985885000] READ WORD = xxxxxxxx
[986505000] READ WORD = xxxxxxxx
[987125000] READ WORD = xxxxxxxx
[987745000] READ WORD = xxxxxxxx
[988365000] READ WORD = xxxxxxxx
[988985000] READ WORD = xxxxxxxx
[989605000] READ WORD = xxxxxxxx
[990225000] READ WORD = xxxxxxxx
[990845000] READ WORD = xxxxxxxx
[991465000] READ WORD = xxxxxxxx
[992085000] READ WORD = xxxxxxxx
[992705000] READ WORD = xxxxxxxx
[993325000] READ WORD = xxxxxxxx
[993945000] READ WORD = xxxxxxxx
[994565000] READ WORD = xxxxxxxx
[995185000] READ WORD = xxxxxxxx
[995805000] READ WORD = xxxxxxxx
[996425000] READ WORD = xxxxxxxx
[997045000] READ WORD = xxxxxxxx
[997665000] READ WORD = xxxxxxxx
[998285000] READ WORD = xxxxxxxx
[998905000] READ WORD = xxxxxxxx
[999525000] READ WORD = xxxxxxxx
[1000145000] READ WORD = xxxxxxxx
[1000765000] READ WORD = xxxxxxxx
WARNING: [filemgmt 56-199] Attempt to get parsing info during refresh. "On-the-fly" syntax checking information may be incorrect. [C:\Users\SIVA DHANUSH REDDY\Downloads\SPI_Bootloader\Spi_Flashcontroller.srcs\sources_1\new\pc_reader.v:]
WARNING: [filemgmt 56-199] Attempt to get parsing info during refresh. "On-the-fly" syntax checking information may be incorrect. [C:\Users\SIVA DHANUSH REDDY\Downloads\SPI_Bootloader\Spi_Flashcontroller.srcs\sources_1\new\top_module.v:]
WARNING: [filemgmt 56-199] Attempt to get parsing info during refresh. "On-the-fly" syntax checking information may be incorrect. [C:\Users\SIVA DHANUSH REDDY\Downloads\SPI_Bootloader\Spi_Flashcontroller.srcs\sim_1\new\flash_tb.v:]
WARNING: [filemgmt 56-199] Attempt to get parsing info during refresh. "On-the-fly" syntax checking information may be incorrect. [C:\Users\SIVA DHANUSH REDDY\Downloads\SPI_Bootloader\Spi_Flashcontroller.srcs\sources_1\new\Spi_flashcontroller.v:]
WARNING: [filemgmt 56-199] Attempt to get parsing info during refresh. "On-the-fly" syntax checking information may be incorrect. [C:\Users\SIVA DHANUSH REDDY\Downloads\SPI_Bootloader\Spi_Flashcontroller.srcs\sim_1\new\flash_tb.v:]
WARNING: [filemgmt 56-199] Attempt to get parsing info during refresh. "On-the-fly" syntax checking information may be incorrect. [C:\Users\SIVA DHANUSH REDDY\Downloads\SPI_Bootloader\Spi_Flashcontroller.srcs\sim_1\new\flash_tb.v:]
WARNING: [filemgmt 56-199] Attempt to get parsing info during refresh. "On-the-fly" syntax checking information may be incorrect. [C:\Users\SIVA DHANUSH REDDY\Downloads\SPI_Bootloader\Spi_Flashcontroller.srcs\sources_1\new\pc_reader.v:]
WARNING: [filemgmt 56-199] Attempt to get parsing info during refresh. "On-the-fly" syntax checking information may be incorrect. [C:\Users\SIVA DHANUSH REDDY\Downloads\SPI_Bootloader\Spi_Flashcontroller.srcs\sources_1\new\top_module.v:]
WARNING: [filemgmt 56-199] Attempt to get parsing info during refresh. "On-the-fly" syntax checking information may be incorrect. [C:\Users\SIVA DHANUSH REDDY\Downloads\SPI_Bootloader\Spi_Flashcontroller.srcs\sim_1\new\flash_tb.v:]
WARNING: [filemgmt 56-199] Attempt to get parsing info during refresh. "On-the-fly" syntax checking information may be incorrect. [C:\Users\SIVA DHANUSH REDDY\Downloads\SPI_Bootloader\Spi_Flashcontroller.srcs\sources_1\new\Spi_flashcontroller.v:]
WARNING: [filemgmt 56-199] Attempt to get parsing info during refresh. "On-the-fly" syntax checking information may be incorrect. [C:\Users\SIVA DHANUSH REDDY\Downloads\SPI_Bootloader\Spi_Flashcontroller.srcs\sources_1\new\pc_reader.v:]
WARNING: [filemgmt 56-199] Attempt to get parsing info during refresh. "On-the-fly" syntax checking information may be incorrect. [C:\Users\SIVA DHANUSH REDDY\Downloads\SPI_Bootloader\Spi_Flashcontroller.srcs\sources_1\new\pc_reader.v:]
ERROR: [Common 17-180] Spawn failed: No error
WARNING: [filemgmt 56-199] Attempt to get parsing info during refresh. "On-the-fly" syntax checking information may be incorrect. [C:\Users\SIVA DHANUSH REDDY\Downloads\SPI_Bootloader\Spi_Flashcontroller.srcs\sources_1\new\pc_reader.v:]
WARNING: [filemgmt 56-199] Attempt to get parsing info during refresh. "On-the-fly" syntax checking information may be incorrect. [C:\Users\SIVA DHANUSH REDDY\Downloads\SPI_Bootloader\Spi_Flashcontroller.srcs\sources_1\new\top_module.v:]
WARNING: [filemgmt 56-199] Attempt to get parsing info during refresh. "On-the-fly" syntax checking information may be incorrect. [C:\Users\SIVA DHANUSH REDDY\Downloads\SPI_Bootloader\Spi_Flashcontroller.srcs\sim_1\new\flash_tb.v:]
WARNING: [filemgmt 56-199] Attempt to get parsing info during refresh. "On-the-fly" syntax checking information may be incorrect. [C:\Users\SIVA DHANUSH REDDY\Downloads\SPI_Bootloader\Spi_Flashcontroller.srcs\sources_1\new\Spi_flashcontroller.v:]
WARNING: [filemgmt 56-199] Attempt to get parsing info during refresh. "On-the-fly" syntax checking information may be incorrect. [C:\Users\SIVA DHANUSH REDDY\Downloads\SPI_Bootloader\Spi_Flashcontroller.srcs\sources_1\new\Spi_flashcontroller.v:]
WARNING: [filemgmt 56-199] Attempt to get parsing info during refresh. "On-the-fly" syntax checking information may be incorrect. [C:\Users\SIVA DHANUSH REDDY\Downloads\SPI_Bootloader\Spi_Flashcontroller.srcs\sources_1\new\Spi_flashcontroller.v:]
ERROR: [Common 17-180] Spawn failed: No error
relaunch_sim
Command: launch_simulation -step compile -simset sim_1 -mode behavioral
INFO: [Vivado 12-12493] Simulation top is 'tb_flash'
WARNING: [Vivado 12-13340] Unable to auto find GCC executables from simulator install path! (path not set)
INFO: [Vivado 12-5698] Checking validity of IPs in the design for the 'XSim' simulator...
INFO: [Vivado 12-5682] Launching behavioral simulation in 'C:/Users/SIVA DHANUSH REDDY/Downloads/SPI_Bootloader/Spi_Flashcontroller.sim/sim_1/behav/xsim'
INFO: [Vivado 12-4795] Using compiled simulation libraries for IPs
INFO: [SIM-utils-51] Simulation object is 'sim_1'
INFO: [USF-XSim-2] XSim::Compile design
INFO: [USF-XSim-61] Executing 'COMPILE and ANALYZE' step in 'C:/Users/SIVA DHANUSH REDDY/Downloads/SPI_Bootloader/Spi_Flashcontroller.sim/sim_1/behav/xsim'
"xvlog --incr --relax -L uvm -prj tb_flash_vlog.prj"
INFO: [VRFC 10-2263] Analyzing Verilog file "C:/Users/SIVA DHANUSH REDDY/Downloads/SPI_Bootloader/Spi_Flashcontroller.gen/sources_1/ip/blk_mem_gen_0/sim/blk_mem_gen_0.v" into library xil_defaultlib
INFO: [VRFC 10-311] analyzing module blk_mem_gen_0
INFO: [VRFC 10-2263] Analyzing Verilog file "C:/Users/SIVA DHANUSH REDDY/Downloads/SPI_Bootloader/Spi_Flashcontroller.srcs/sources_1/new/SPI_Test.v" into library xil_defaultlib
INFO: [VRFC 10-311] analyzing module SPI_Driver
INFO: [VRFC 10-2263] Analyzing Verilog file "C:/Users/SIVA DHANUSH REDDY/Downloads/SPI_Bootloader/Spi_Flashcontroller.srcs/sources_1/new/Spi_flashcontroller.v" into library xil_defaultlib
INFO: [VRFC 10-311] analyzing module Spi_flash_controller
INFO: [VRFC 10-2263] Analyzing Verilog file "C:/Users/SIVA DHANUSH REDDY/Downloads/SPI_Bootloader/Spi_Flashcontroller.srcs/sources_1/new/Bulkerase.v" into library xil_defaultlib
INFO: [VRFC 10-311] analyzing module BULK_ERASE
INFO: [VRFC 10-2263] Analyzing Verilog file "C:/Users/SIVA DHANUSH REDDY/Downloads/SPI_Bootloader/Spi_Flashcontroller.srcs/sources_1/new/LED_DRIVER.v" into library xil_defaultlib
INFO: [VRFC 10-311] analyzing module led_driver
INFO: [VRFC 10-2263] Analyzing Verilog file "C:/Users/SIVA DHANUSH REDDY/Downloads/SPI_Bootloader/Spi_Flashcontroller.srcs/sources_1/new/pc_reader.v" into library xil_defaultlib
INFO: [VRFC 10-311] analyzing module pc_reader
INFO: [VRFC 10-2263] Analyzing Verilog file "C:/Users/SIVA DHANUSH REDDY/Downloads/SPI_Bootloader/Spi_Flashcontroller.srcs/sources_1/new/top_module.v" into library xil_defaultlib
INFO: [VRFC 10-311] analyzing module top_flash
INFO: [VRFC 10-2263] Analyzing Verilog file "C:/Users/SIVA DHANUSH REDDY/Downloads/Spi_Flashcontroller/Spi_Flashcontroller.srcs/sim_1/new/Tb_pi.v" into library xil_defaultlib
INFO: [VRFC 10-311] analyzing module tb_SPI_Driver
INFO: [VRFC 10-2263] Analyzing Verilog file "C:/Users/SIVA DHANUSH REDDY/Downloads/SPI_Bootloader/Spi_Flashcontroller.srcs/sim_1/new/flash_tb.v" into library xil_defaultlib
INFO: [VRFC 10-311] analyzing module tb_flash
INFO: [VRFC 10-2263] Analyzing Verilog file "C:/Users/SIVA DHANUSH REDDY/Downloads/SPI_Bootloader/Spi_Flashcontroller.srcs/sim_1/new/tb_practice.v" into library xil_defaultlib
INFO: [USF-XSim-69] 'compile' step finished in '3' seconds
Command: launch_simulation -step elaborate -simset sim_1 -mode behavioral
INFO: [Vivado 12-12493] Simulation top is 'tb_flash'
WARNING: [Vivado 12-13340] Unable to auto find GCC executables from simulator install path! (path not set)
INFO: [Vivado 12-5698] Checking validity of IPs in the design for the 'XSim' simulator...
INFO: [Vivado 12-5682] Launching behavioral simulation in 'C:/Users/SIVA DHANUSH REDDY/Downloads/SPI_Bootloader/Spi_Flashcontroller.sim/sim_1/behav/xsim'
INFO: [Vivado 12-4795] Using compiled simulation libraries for IPs
INFO: [SIM-utils-51] Simulation object is 'sim_1'
INFO: [USF-XSim-3] XSim::Elaborate design
INFO: [USF-XSim-61] Executing 'ELABORATE' step in 'C:/Users/SIVA DHANUSH REDDY/Downloads/SPI_Bootloader/Spi_Flashcontroller.sim/sim_1/behav/xsim'
"xelab --incr --debug typical --relax --mt 2 -L xil_defaultlib -L blk_mem_gen_v8_4_9 -L uvm -L unisims_ver -L unimacro_ver -L secureip -L xpm --snapshot tb_flash_behav xil_defaultlib.tb_flash xil_defaultlib.glbl -log elaborate.log"
Vivado Simulator v2024.2.0
Copyright 1986-2022 Xilinx, Inc. All Rights Reserved.
Copyright 2022-2024 Advanced Micro Devices, Inc. All Rights Reserved.
Running: C:/Xilinx/Vivado/2024.2/bin/unwrapped/win64.o/xelab.exe --incr --debug typical --relax --mt 2 -L xil_defaultlib -L blk_mem_gen_v8_4_9 -L uvm -L unisims_ver -L unimacro_ver -L secureip -L xpm --snapshot tb_flash_behav xil_defaultlib.tb_flash xil_defaultlib.glbl -log elaborate.log 
Using 2 slave threads.
Starting static elaboration
Pass Through NonSizing Optimizer
Completed static elaboration
Starting simulation data flow analysis
Completed simulation data flow analysis
Time Resolution for simulation is 1ps
Compiling module xil_defaultlib.Spi_flash_controller
Compiling module xil_defaultlib.tb_flash
Compiling module xil_defaultlib.glbl
Built simulation snapshot tb_flash_behav
INFO: [USF-XSim-69] 'elaborate' step finished in '3' seconds
Time resolution is 1 ps
relaunch_sim: Time (s): cpu = 00:00:02 ; elapsed = 00:00:07 . Memory (MB): peak = 3710.613 ; gain = 0.000
run 1000 us
[1345000] READ WORD = Z6548070
[1965000] READ WORD = 13104001
[2585000] READ WORD = 8088c000
[3205000] READ WORD = 14c80f0f
[3825000] READ WORD = 83e42000
[4445000] READ WORD = 03ffffff
[5065000] READ WORD = fXxxxxxx
[5685000] READ WORD = xxxxxxxx
[6305000] READ WORD = xxxxxxxx
[6925000] READ WORD = xxxxxxxx
[7545000] READ WORD = xxxxxxxx
[8165000] READ WORD = xxxxxxxx
[8785000] READ WORD = xxxxxxxx
[9405000] READ WORD = xxxxxxxx
[10025000] READ WORD = xxxxxxxx
[10645000] READ WORD = xxxxxxxx
[11265000] READ WORD = xxxxxxxx
[11885000] READ WORD = xxxxxxxx
[12505000] READ WORD = xxxxxxxx
[13125000] READ WORD = xxxxxxxx
[13745000] READ WORD = xxxxxxxx
[14365000] READ WORD = xxxxxxxx
[14985000] READ WORD = xxxxxxxx
[15605000] READ WORD = xxxxxxxx
[16225000] READ WORD = xxxxxxxx
[16845000] READ WORD = xxxxxxxx
[17465000] READ WORD = xxxxxxxx
[18085000] READ WORD = xxxxxxxx
[18705000] READ WORD = xxxxxxxx
[19325000] READ WORD = xxxxxxxx
[19945000] READ WORD = xxxxxxxx
[20565000] READ WORD = xxxxxxxx
[21185000] READ WORD = xxxxxxxx
[21805000] READ WORD = xxxxxxxx
[22425000] READ WORD = xxxxxxxx
[23045000] READ WORD = xxxxxxxx
[23665000] READ WORD = xxxxxxxx
[24285000] READ WORD = xxxxxxxx
[24905000] READ WORD = xxxxxxxx
[25525000] READ WORD = xxxxxxxx
[26145000] READ WORD = xxxxxxxx
[26765000] READ WORD = xxxxxxxx
[27385000] READ WORD = xxxxxxxx
[28005000] READ WORD = xxxxxxxx
[28625000] READ WORD = xxxxxxxx
[29245000] READ WORD = xxxxxxxx
[29865000] READ WORD = xxxxxxxx
[30485000] READ WORD = xxxxxxxx
[31105000] READ WORD = xxxxxxxx
[31725000] READ WORD = xxxxxxxx
[32345000] READ WORD = xxxxxxxx
[32965000] READ WORD = xxxxxxxx
[33585000] READ WORD = xxxxxxxx
[34205000] READ WORD = xxxxxxxx
[34825000] READ WORD = xxxxxxxx
[35445000] READ WORD = xxxxxxxx
[36065000] READ WORD = xxxxxxxx
[36685000] READ WORD = xxxxxxxx
[37305000] READ WORD = xxxxxxxx
[37925000] READ WORD = xxxxxxxx
[38545000] READ WORD = xxxxxxxx
[39165000] READ WORD = xxxxxxxx
[39785000] READ WORD = xxxxxxxx
[40405000] READ WORD = xxxxxxxx
[41025000] READ WORD = xxxxxxxx
[41645000] READ WORD = xxxxxxxx
[42265000] READ WORD = xxxxxxxx
[42885000] READ WORD = xxxxxxxx
[43505000] READ WORD = xxxxxxxx
[44125000] READ WORD = xxxxxxxx
[44745000] READ WORD = xxxxxxxx
[45365000] READ WORD = xxxxxxxx
[45985000] READ WORD = xxxxxxxx
[46605000] READ WORD = xxxxxxxx
[47225000] READ WORD = xxxxxxxx
[47845000] READ WORD = xxxxxxxx
[48465000] READ WORD = xxxxxxxx
[49085000] READ WORD = xxxxxxxx
[49705000] READ WORD = xxxxxxxx
[50325000] READ WORD = xxxxxxxx
[50945000] READ WORD = xxxxxxxx
[51565000] READ WORD = xxxxxxxx
[52185000] READ WORD = xxxxxxxx
[52805000] READ WORD = xxxxxxxx
[53425000] READ WORD = xxxxxxxx
[54045000] READ WORD = xxxxxxxx
[54665000] READ WORD = xxxxxxxx
[55285000] READ WORD = xxxxxxxx
[55905000] READ WORD = xxxxxxxx
[56525000] READ WORD = xxxxxxxx
[57145000] READ WORD = xxxxxxxx
[57765000] READ WORD = xxxxxxxx
[58385000] READ WORD = xxxxxxxx
[59005000] READ WORD = xxxxxxxx
[59625000] READ WORD = xxxxxxxx
[60245000] READ WORD = xxxxxxxx
[60865000] READ WORD = xxxxxxxx
[61485000] READ WORD = xxxxxxxx
[62105000] READ WORD = xxxxxxxx
[62725000] READ WORD = xxxxxxxx
[63345000] READ WORD = xxxxxxxx
[63965000] READ WORD = xxxxxxxx
[64585000] READ WORD = xxxxxxxx
[65205000] READ WORD = xxxxxxxx
[65825000] READ WORD = xxxxxxxx
[66445000] READ WORD = xxxxxxxx
[67065000] READ WORD = xxxxxxxx
[67685000] READ WORD = xxxxxxxx
[68305000] READ WORD = xxxxxxxx
[68925000] READ WORD = xxxxxxxx
[69545000] READ WORD = xxxxxxxx
[70165000] READ WORD = xxxxxxxx
[70785000] READ WORD = xxxxxxxx
[71405000] READ WORD = xxxxxxxx
[72025000] READ WORD = xxxxxxxx
[72645000] READ WORD = xxxxxxxx
[73265000] READ WORD = xxxxxxxx
[73885000] READ WORD = xxxxxxxx
[74505000] READ WORD = xxxxxxxx
[75125000] READ WORD = xxxxxxxx
[75745000] READ WORD = xxxxxxxx
[76365000] READ WORD = xxxxxxxx
[76985000] READ WORD = xxxxxxxx
[77605000] READ WORD = xxxxxxxx
[78225000] READ WORD = xxxxxxxx
[78845000] READ WORD = xxxxxxxx
[79465000] READ WORD = xxxxxxxx
[80085000] READ WORD = xxxxxxxx
[80705000] READ WORD = xxxxxxxx
[81325000] READ WORD = xxxxxxxx
[81945000] READ WORD = xxxxxxxx
[82565000] READ WORD = xxxxxxxx
[83185000] READ WORD = xxxxxxxx
[83805000] READ WORD = xxxxxxxx
[84425000] READ WORD = xxxxxxxx
[85045000] READ WORD = xxxxxxxx
[85665000] READ WORD = xxxxxxxx
[86285000] READ WORD = xxxxxxxx
[86905000] READ WORD = xxxxxxxx
[87525000] READ WORD = xxxxxxxx
[88145000] READ WORD = xxxxxxxx
[88765000] READ WORD = xxxxxxxx
[89385000] READ WORD = xxxxxxxx
[90005000] READ WORD = xxxxxxxx
[90625000] READ WORD = xxxxxxxx
[91245000] READ WORD = xxxxxxxx
[91865000] READ WORD = xxxxxxxx
[92485000] READ WORD = xxxxxxxx
[93105000] READ WORD = xxxxxxxx
[93725000] READ WORD = xxxxxxxx
[94345000] READ WORD = xxxxxxxx
[94965000] READ WORD = xxxxxxxx
[95585000] READ WORD = xxxxxxxx
[96205000] READ WORD = xxxxxxxx
[96825000] READ WORD = xxxxxxxx
[97445000] READ WORD = xxxxxxxx
[98065000] READ WORD = xxxxxxxx
[98685000] READ WORD = xxxxxxxx
[99305000] READ WORD = xxxxxxxx
[99925000] READ WORD = xxxxxxxx
[100545000] READ WORD = xxxxxxxx
[101165000] READ WORD = xxxxxxxx
[101785000] READ WORD = xxxxxxxx
[102405000] READ WORD = xxxxxxxx
[103025000] READ WORD = xxxxxxxx
[103645000] READ WORD = xxxxxxxx
[104265000] READ WORD = xxxxxxxx
[104885000] READ WORD = xxxxxxxx
[105505000] READ WORD = xxxxxxxx
[106125000] READ WORD = xxxxxxxx
[106745000] READ WORD = xxxxxxxx
[107365000] READ WORD = xxxxxxxx
[107985000] READ WORD = xxxxxxxx
[108605000] READ WORD = xxxxxxxx
[109225000] READ WORD = xxxxxxxx
[109845000] READ WORD = xxxxxxxx
[110465000] READ WORD = xxxxxxxx
[111085000] READ WORD = xxxxxxxx
[111705000] READ WORD = xxxxxxxx
[112325000] READ WORD = xxxxxxxx
[112945000] READ WORD = xxxxxxxx
[113565000] READ WORD = xxxxxxxx
[114185000] READ WORD = xxxxxxxx
[114805000] READ WORD = xxxxxxxx
[115425000] READ WORD = xxxxxxxx
[116045000] READ WORD = xxxxxxxx
[116665000] READ WORD = xxxxxxxx
[117285000] READ WORD = xxxxxxxx
[117905000] READ WORD = xxxxxxxx
[118525000] READ WORD = xxxxxxxx
[119145000] READ WORD = xxxxxxxx
[119765000] READ WORD = xxxxxxxx
[120385000] READ WORD = xxxxxxxx
[121005000] READ WORD = xxxxxxxx
[121625000] READ WORD = xxxxxxxx
[122245000] READ WORD = xxxxxxxx
[122865000] READ WORD = xxxxxxxx
[123485000] READ WORD = xxxxxxxx
[124105000] READ WORD = xxxxxxxx
[124725000] READ WORD = xxxxxxxx
[125345000] READ WORD = xxxxxxxx
[125965000] READ WORD = xxxxxxxx
[126585000] READ WORD = xxxxxxxx
[127205000] READ WORD = xxxxxxxx
[127825000] READ WORD = xxxxxxxx
[128445000] READ WORD = xxxxxxxx
[129065000] READ WORD = xxxxxxxx
[129685000] READ WORD = xxxxxxxx
[130305000] READ WORD = xxxxxxxx
[130925000] READ WORD = xxxxxxxx
[131545000] READ WORD = xxxxxxxx
[132165000] READ WORD = xxxxxxxx
[132785000] READ WORD = xxxxxxxx
[133405000] READ WORD = xxxxxxxx
[134025000] READ WORD = xxxxxxxx
[134645000] READ WORD = xxxxxxxx
[135265000] READ WORD = xxxxxxxx
[135885000] READ WORD = xxxxxxxx
[136505000] READ WORD = xxxxxxxx
[137125000] READ WORD = xxxxxxxx
[137745000] READ WORD = xxxxxxxx
[138365000] READ WORD = xxxxxxxx
[138985000] READ WORD = xxxxxxxx
[139605000] READ WORD = xxxxxxxx
[140225000] READ WORD = xxxxxxxx
[140845000] READ WORD = xxxxxxxx
[141465000] READ WORD = xxxxxxxx
[142085000] READ WORD = xxxxxxxx
[142705000] READ WORD = xxxxxxxx
[143325000] READ WORD = xxxxxxxx
[143945000] READ WORD = xxxxxxxx
[144565000] READ WORD = xxxxxxxx
[145185000] READ WORD = xxxxxxxx
[145805000] READ WORD = xxxxxxxx
[146425000] READ WORD = xxxxxxxx
[147045000] READ WORD = xxxxxxxx
[147665000] READ WORD = xxxxxxxx
[148285000] READ WORD = xxxxxxxx
[148905000] READ WORD = xxxxxxxx
[149525000] READ WORD = xxxxxxxx
[150145000] READ WORD = xxxxxxxx
[150765000] READ WORD = xxxxxxxx
[151385000] READ WORD = xxxxxxxx
[152005000] READ WORD = xxxxxxxx
[152625000] READ WORD = xxxxxxxx
[153245000] READ WORD = xxxxxxxx
[153865000] READ WORD = xxxxxxxx
[154485000] READ WORD = xxxxxxxx
[155105000] READ WORD = xxxxxxxx
[155725000] READ WORD = xxxxxxxx
[156345000] READ WORD = xxxxxxxx
[156965000] READ WORD = xxxxxxxx
[157585000] READ WORD = xxxxxxxx
[158205000] READ WORD = xxxxxxxx
[158825000] READ WORD = xxxxxxxx
[159445000] READ WORD = xxxxxxxx
[160065000] READ WORD = xxxxxxxx
[160685000] READ WORD = xxxxxxxx
[161305000] READ WORD = xxxxxxxx
[161925000] READ WORD = xxxxxxxx
[162545000] READ WORD = xxxxxxxx
[163165000] READ WORD = xxxxxxxx
[163785000] READ WORD = xxxxxxxx
[164405000] READ WORD = xxxxxxxx
[165025000] READ WORD = xxxxxxxx
[165645000] READ WORD = xxxxxxxx
[166265000] READ WORD = xxxxxxxx
[166885000] READ WORD = xxxxxxxx
[167505000] READ WORD = xxxxxxxx
[168125000] READ WORD = xxxxxxxx
[168745000] READ WORD = xxxxxxxx
[169365000] READ WORD = xxxxxxxx
[169985000] READ WORD = xxxxxxxx
[170605000] READ WORD = xxxxxxxx
[171225000] READ WORD = xxxxxxxx
[171845000] READ WORD = xxxxxxxx
[172465000] READ WORD = xxxxxxxx
[173085000] READ WORD = xxxxxxxx
[173705000] READ WORD = xxxxxxxx
[174325000] READ WORD = xxxxxxxx
[174945000] READ WORD = xxxxxxxx
[175565000] READ WORD = xxxxxxxx
[176185000] READ WORD = xxxxxxxx
[176805000] READ WORD = xxxxxxxx
[177425000] READ WORD = xxxxxxxx
[178045000] READ WORD = xxxxxxxx
[178665000] READ WORD = xxxxxxxx
[179285000] READ WORD = xxxxxxxx
[179905000] READ WORD = xxxxxxxx
[180525000] READ WORD = xxxxxxxx
[181145000] READ WORD = xxxxxxxx
[181765000] READ WORD = xxxxxxxx
[182385000] READ WORD = xxxxxxxx
[183005000] READ WORD = xxxxxxxx
[183625000] READ WORD = xxxxxxxx
[184245000] READ WORD = xxxxxxxx
[184865000] READ WORD = xxxxxxxx
[185485000] READ WORD = xxxxxxxx
[186105000] READ WORD = xxxxxxxx
[186725000] READ WORD = xxxxxxxx
[187345000] READ WORD = xxxxxxxx
[187965000] READ WORD = xxxxxxxx
[188585000] READ WORD = xxxxxxxx
[189205000] READ WORD = xxxxxxxx
[189825000] READ WORD = xxxxxxxx
[190445000] READ WORD = xxxxxxxx
[191065000] READ WORD = xxxxxxxx
[191685000] READ WORD = xxxxxxxx
[192305000] READ WORD = xxxxxxxx
[192925000] READ WORD = xxxxxxxx
[193545000] READ WORD = xxxxxxxx
[194165000] READ WORD = xxxxxxxx
[194785000] READ WORD = xxxxxxxx
[195405000] READ WORD = xxxxxxxx
[196025000] READ WORD = xxxxxxxx
[196645000] READ WORD = xxxxxxxx
[197265000] READ WORD = xxxxxxxx
[197885000] READ WORD = xxxxxxxx
[198505000] READ WORD = xxxxxxxx
[199125000] READ WORD = xxxxxxxx
[199745000] READ WORD = xxxxxxxx
[200365000] READ WORD = xxxxxxxx
[200985000] READ WORD = xxxxxxxx
[201605000] READ WORD = xxxxxxxx
[202225000] READ WORD = xxxxxxxx
[202845000] READ WORD = xxxxxxxx
[203465000] READ WORD = xxxxxxxx
[204085000] READ WORD = xxxxxxxx
[204705000] READ WORD = xxxxxxxx
[205325000] READ WORD = xxxxxxxx
[205945000] READ WORD = xxxxxxxx
[206565000] READ WORD = xxxxxxxx
[207185000] READ WORD = xxxxxxxx
[207805000] READ WORD = xxxxxxxx
[208425000] READ WORD = xxxxxxxx
[209045000] READ WORD = xxxxxxxx
[209665000] READ WORD = xxxxxxxx
[210285000] READ WORD = xxxxxxxx
[210905000] READ WORD = xxxxxxxx
[211525000] READ WORD = xxxxxxxx
[212145000] READ WORD = xxxxxxxx
[212765000] READ WORD = xxxxxxxx
[213385000] READ WORD = xxxxxxxx
[214005000] READ WORD = xxxxxxxx
[214625000] READ WORD = xxxxxxxx
[215245000] READ WORD = xxxxxxxx
[215865000] READ WORD = xxxxxxxx
[216485000] READ WORD = xxxxxxxx
[217105000] READ WORD = xxxxxxxx
[217725000] READ WORD = xxxxxxxx
[218345000] READ WORD = xxxxxxxx
[218965000] READ WORD = xxxxxxxx
[219585000] READ WORD = xxxxxxxx
[220205000] READ WORD = xxxxxxxx
[220825000] READ WORD = xxxxxxxx
[221445000] READ WORD = xxxxxxxx
[222065000] READ WORD = xxxxxxxx
[222685000] READ WORD = xxxxxxxx
[223305000] READ WORD = xxxxxxxx
[223925000] READ WORD = xxxxxxxx
[224545000] READ WORD = xxxxxxxx
[225165000] READ WORD = xxxxxxxx
[225785000] READ WORD = xxxxxxxx
[226405000] READ WORD = xxxxxxxx
[227025000] READ WORD = xxxxxxxx
[227645000] READ WORD = xxxxxxxx
[228265000] READ WORD = xxxxxxxx
[228885000] READ WORD = xxxxxxxx
[229505000] READ WORD = xxxxxxxx
[230125000] READ WORD = xxxxxxxx
[230745000] READ WORD = xxxxxxxx
[231365000] READ WORD = xxxxxxxx
[231985000] READ WORD = xxxxxxxx
[232605000] READ WORD = xxxxxxxx
[233225000] READ WORD = xxxxxxxx
[233845000] READ WORD = xxxxxxxx
[234465000] READ WORD = xxxxxxxx
[235085000] READ WORD = xxxxxxxx
[235705000] READ WORD = xxxxxxxx
[236325000] READ WORD = xxxxxxxx
[236945000] READ WORD = xxxxxxxx
[237565000] READ WORD = xxxxxxxx
[238185000] READ WORD = xxxxxxxx
[238805000] READ WORD = xxxxxxxx
[239425000] READ WORD = xxxxxxxx
[240045000] READ WORD = xxxxxxxx
[240665000] READ WORD = xxxxxxxx
[241285000] READ WORD = xxxxxxxx
[241905000] READ WORD = xxxxxxxx
[242525000] READ WORD = xxxxxxxx
[243145000] READ WORD = xxxxxxxx
[243765000] READ WORD = xxxxxxxx
[244385000] READ WORD = xxxxxxxx
[245005000] READ WORD = xxxxxxxx
[245625000] READ WORD = xxxxxxxx
[246245000] READ WORD = xxxxxxxx
[246865000] READ WORD = xxxxxxxx
[247485000] READ WORD = xxxxxxxx
[248105000] READ WORD = xxxxxxxx
[248725000] READ WORD = xxxxxxxx
[249345000] READ WORD = xxxxxxxx
[249965000] READ WORD = xxxxxxxx
[250585000] READ WORD = xxxxxxxx
[251205000] READ WORD = xxxxxxxx
[251825000] READ WORD = xxxxxxxx
[252445000] READ WORD = xxxxxxxx
[253065000] READ WORD = xxxxxxxx
[253685000] READ WORD = xxxxxxxx
[254305000] READ WORD = xxxxxxxx
[254925000] READ WORD = xxxxxxxx
[255545000] READ WORD = xxxxxxxx
[256165000] READ WORD = xxxxxxxx
[256785000] READ WORD = xxxxxxxx
[257405000] READ WORD = xxxxxxxx
[258025000] READ WORD = xxxxxxxx
[258645000] READ WORD = xxxxxxxx
[259265000] READ WORD = xxxxxxxx
[259885000] READ WORD = xxxxxxxx
[260505000] READ WORD = xxxxxxxx
[261125000] READ WORD = xxxxxxxx
[261745000] READ WORD = xxxxxxxx
[262365000] READ WORD = xxxxxxxx
[262985000] READ WORD = xxxxxxxx
[263605000] READ WORD = xxxxxxxx
[264225000] READ WORD = xxxxxxxx
[264845000] READ WORD = xxxxxxxx
[265465000] READ WORD = xxxxxxxx
[266085000] READ WORD = xxxxxxxx
[266705000] READ WORD = xxxxxxxx
[267325000] READ WORD = xxxxxxxx
[267945000] READ WORD = xxxxxxxx
[268565000] READ WORD = xxxxxxxx
[269185000] READ WORD = xxxxxxxx
[269805000] READ WORD = xxxxxxxx
[270425000] READ WORD = xxxxxxxx
[271045000] READ WORD = xxxxxxxx
[271665000] READ WORD = xxxxxxxx
[272285000] READ WORD = xxxxxxxx
[272905000] READ WORD = xxxxxxxx
[273525000] READ WORD = xxxxxxxx
[274145000] READ WORD = xxxxxxxx
[274765000] READ WORD = xxxxxxxx
[275385000] READ WORD = xxxxxxxx
[276005000] READ WORD = xxxxxxxx
[276625000] READ WORD = xxxxxxxx
[277245000] READ WORD = xxxxxxxx
[277865000] READ WORD = xxxxxxxx
[278485000] READ WORD = xxxxxxxx
[279105000] READ WORD = xxxxxxxx
[279725000] READ WORD = xxxxxxxx
[280345000] READ WORD = xxxxxxxx
[280965000] READ WORD = xxxxxxxx
[281585000] READ WORD = xxxxxxxx
[282205000] READ WORD = xxxxxxxx
[282825000] READ WORD = xxxxxxxx
[283445000] READ WORD = xxxxxxxx
[284065000] READ WORD = xxxxxxxx
[284685000] READ WORD = xxxxxxxx
[285305000] READ WORD = xxxxxxxx
[285925000] READ WORD = xxxxxxxx
[286545000] READ WORD = xxxxxxxx
[287165000] READ WORD = xxxxxxxx
[287785000] READ WORD = xxxxxxxx
[288405000] READ WORD = xxxxxxxx
[289025000] READ WORD = xxxxxxxx
[289645000] READ WORD = xxxxxxxx
[290265000] READ WORD = xxxxxxxx
[290885000] READ WORD = xxxxxxxx
[291505000] READ WORD = xxxxxxxx
[292125000] READ WORD = xxxxxxxx
[292745000] READ WORD = xxxxxxxx
[293365000] READ WORD = xxxxxxxx
[293985000] READ WORD = xxxxxxxx
[294605000] READ WORD = xxxxxxxx
[295225000] READ WORD = xxxxxxxx
[295845000] READ WORD = xxxxxxxx
[296465000] READ WORD = xxxxxxxx
[297085000] READ WORD = xxxxxxxx
[297705000] READ WORD = xxxxxxxx
[298325000] READ WORD = xxxxxxxx
[298945000] READ WORD = xxxxxxxx
[299565000] READ WORD = xxxxxxxx
[300185000] READ WORD = xxxxxxxx
[300805000] READ WORD = xxxxxxxx
[301425000] READ WORD = xxxxxxxx
[302045000] READ WORD = xxxxxxxx
[302665000] READ WORD = xxxxxxxx
[303285000] READ WORD = xxxxxxxx
[303905000] READ WORD = xxxxxxxx
[304525000] READ WORD = xxxxxxxx
[305145000] READ WORD = xxxxxxxx
[305765000] READ WORD = xxxxxxxx
[306385000] READ WORD = xxxxxxxx
[307005000] READ WORD = xxxxxxxx
[307625000] READ WORD = xxxxxxxx
[308245000] READ WORD = xxxxxxxx
[308865000] READ WORD = xxxxxxxx
[309485000] READ WORD = xxxxxxxx
[310105000] READ WORD = xxxxxxxx
[310725000] READ WORD = xxxxxxxx
[311345000] READ WORD = xxxxxxxx
[311965000] READ WORD = xxxxxxxx
[312585000] READ WORD = xxxxxxxx
[313205000] READ WORD = xxxxxxxx
[313825000] READ WORD = xxxxxxxx
[314445000] READ WORD = xxxxxxxx
[315065000] READ WORD = xxxxxxxx
[315685000] READ WORD = xxxxxxxx
[316305000] READ WORD = xxxxxxxx
[316925000] READ WORD = xxxxxxxx
[317545000] READ WORD = xxxxxxxx
[318165000] READ WORD = xxxxxxxx
[318785000] READ WORD = xxxxxxxx
[319405000] READ WORD = xxxxxxxx
[320025000] READ WORD = xxxxxxxx
[320645000] READ WORD = xxxxxxxx
[321265000] READ WORD = xxxxxxxx
[321885000] READ WORD = xxxxxxxx
[322505000] READ WORD = xxxxxxxx
[323125000] READ WORD = xxxxxxxx
[323745000] READ WORD = xxxxxxxx
[324365000] READ WORD = xxxxxxxx
[324985000] READ WORD = xxxxxxxx
[325605000] READ WORD = xxxxxxxx
[326225000] READ WORD = xxxxxxxx
[326845000] READ WORD = xxxxxxxx
[327465000] READ WORD = xxxxxxxx
[328085000] READ WORD = xxxxxxxx
[328705000] READ WORD = xxxxxxxx
[329325000] READ WORD = xxxxxxxx
[329945000] READ WORD = xxxxxxxx
[330565000] READ WORD = xxxxxxxx
[331185000] READ WORD = xxxxxxxx
[331805000] READ WORD = xxxxxxxx
[332425000] READ WORD = xxxxxxxx
[333045000] READ WORD = xxxxxxxx
[333665000] READ WORD = xxxxxxxx
[334285000] READ WORD = xxxxxxxx
[334905000] READ WORD = xxxxxxxx
[335525000] READ WORD = xxxxxxxx
[336145000] READ WORD = xxxxxxxx
[336765000] READ WORD = xxxxxxxx
[337385000] READ WORD = xxxxxxxx
[338005000] READ WORD = xxxxxxxx
[338625000] READ WORD = xxxxxxxx
[339245000] READ WORD = xxxxxxxx
[339865000] READ WORD = xxxxxxxx
[340485000] READ WORD = xxxxxxxx
[341105000] READ WORD = xxxxxxxx
[341725000] READ WORD = xxxxxxxx
[342345000] READ WORD = xxxxxxxx
[342965000] READ WORD = xxxxxxxx
[343585000] READ WORD = xxxxxxxx
[344205000] READ WORD = xxxxxxxx
[344825000] READ WORD = xxxxxxxx
[345445000] READ WORD = xxxxxxxx
[346065000] READ WORD = xxxxxxxx
[346685000] READ WORD = xxxxxxxx
[347305000] READ WORD = xxxxxxxx
[347925000] READ WORD = xxxxxxxx
[348545000] READ WORD = xxxxxxxx
[349165000] READ WORD = xxxxxxxx
[349785000] READ WORD = xxxxxxxx
[350405000] READ WORD = xxxxxxxx
[351025000] READ WORD = xxxxxxxx
[351645000] READ WORD = xxxxxxxx
[352265000] READ WORD = xxxxxxxx
[352885000] READ WORD = xxxxxxxx
[353505000] READ WORD = xxxxxxxx
[354125000] READ WORD = xxxxxxxx
[354745000] READ WORD = xxxxxxxx
[355365000] READ WORD = xxxxxxxx
[355985000] READ WORD = xxxxxxxx
[356605000] READ WORD = xxxxxxxx
[357225000] READ WORD = xxxxxxxx
[357845000] READ WORD = xxxxxxxx
[358465000] READ WORD = xxxxxxxx
[359085000] READ WORD = xxxxxxxx
[359705000] READ WORD = xxxxxxxx
[360325000] READ WORD = xxxxxxxx
[360945000] READ WORD = xxxxxxxx
[361565000] READ WORD = xxxxxxxx
[362185000] READ WORD = xxxxxxxx
[362805000] READ WORD = xxxxxxxx
[363425000] READ WORD = xxxxxxxx
[364045000] READ WORD = xxxxxxxx
[364665000] READ WORD = xxxxxxxx
[365285000] READ WORD = xxxxxxxx
[365905000] READ WORD = xxxxxxxx
[366525000] READ WORD = xxxxxxxx
[367145000] READ WORD = xxxxxxxx
[367765000] READ WORD = xxxxxxxx
[368385000] READ WORD = xxxxxxxx
[369005000] READ WORD = xxxxxxxx
[369625000] READ WORD = xxxxxxxx
[370245000] READ WORD = xxxxxxxx
[370865000] READ WORD = xxxxxxxx
[371485000] READ WORD = xxxxxxxx
[372105000] READ WORD = xxxxxxxx
[372725000] READ WORD = xxxxxxxx
[373345000] READ WORD = xxxxxxxx
[373965000] READ WORD = xxxxxxxx
[374585000] READ WORD = xxxxxxxx
[375205000] READ WORD = xxxxxxxx
[375825000] READ WORD = xxxxxxxx
[376445000] READ WORD = xxxxxxxx
[377065000] READ WORD = xxxxxxxx
[377685000] READ WORD = xxxxxxxx
[378305000] READ WORD = xxxxxxxx
[378925000] READ WORD = xxxxxxxx
[379545000] READ WORD = xxxxxxxx
[380165000] READ WORD = xxxxxxxx
[380785000] READ WORD = xxxxxxxx
[381405000] READ WORD = xxxxxxxx
[382025000] READ WORD = xxxxxxxx
[382645000] READ WORD = xxxxxxxx
[383265000] READ WORD = xxxxxxxx
[383885000] READ WORD = xxxxxxxx
[384505000] READ WORD = xxxxxxxx
[385125000] READ WORD = xxxxxxxx
[385745000] READ WORD = xxxxxxxx
[386365000] READ WORD = xxxxxxxx
[386985000] READ WORD = xxxxxxxx
[387605000] READ WORD = xxxxxxxx
[388225000] READ WORD = xxxxxxxx
[388845000] READ WORD = xxxxxxxx
[389465000] READ WORD = xxxxxxxx
[390085000] READ WORD = xxxxxxxx
[390705000] READ WORD = xxxxxxxx
[391325000] READ WORD = xxxxxxxx
[391945000] READ WORD = xxxxxxxx
[392565000] READ WORD = xxxxxxxx
[393185000] READ WORD = xxxxxxxx
[393805000] READ WORD = xxxxxxxx
[394425000] READ WORD = xxxxxxxx
[395045000] READ WORD = xxxxxxxx
[395665000] READ WORD = xxxxxxxx
[396285000] READ WORD = xxxxxxxx
[396905000] READ WORD = xxxxxxxx
[397525000] READ WORD = xxxxxxxx
[398145000] READ WORD = xxxxxxxx
[398765000] READ WORD = xxxxxxxx
[399385000] READ WORD = xxxxxxxx
[400005000] READ WORD = xxxxxxxx
[400625000] READ WORD = xxxxxxxx
[401245000] READ WORD = xxxxxxxx
[401865000] READ WORD = xxxxxxxx
[402485000] READ WORD = xxxxxxxx
[403105000] READ WORD = xxxxxxxx
[403725000] READ WORD = xxxxxxxx
[404345000] READ WORD = xxxxxxxx
[404965000] READ WORD = xxxxxxxx
[405585000] READ WORD = xxxxxxxx
[406205000] READ WORD = xxxxxxxx
[406825000] READ WORD = xxxxxxxx
[407445000] READ WORD = xxxxxxxx
[408065000] READ WORD = xxxxxxxx
[408685000] READ WORD = xxxxxxxx
[409305000] READ WORD = xxxxxxxx
[409925000] READ WORD = xxxxxxxx
[410545000] READ WORD = xxxxxxxx
[411165000] READ WORD = xxxxxxxx
[411785000] READ WORD = xxxxxxxx
[412405000] READ WORD = xxxxxxxx
[413025000] READ WORD = xxxxxxxx
[413645000] READ WORD = xxxxxxxx
[414265000] READ WORD = xxxxxxxx
[414885000] READ WORD = xxxxxxxx
[415505000] READ WORD = xxxxxxxx
[416125000] READ WORD = xxxxxxxx
[416745000] READ WORD = xxxxxxxx
[417365000] READ WORD = xxxxxxxx
[417985000] READ WORD = xxxxxxxx
[418605000] READ WORD = xxxxxxxx
[419225000] READ WORD = xxxxxxxx
[419845000] READ WORD = xxxxxxxx
[420465000] READ WORD = xxxxxxxx
[421085000] READ WORD = xxxxxxxx
[421705000] READ WORD = xxxxxxxx
[422325000] READ WORD = xxxxxxxx
[422945000] READ WORD = xxxxxxxx
[423565000] READ WORD = xxxxxxxx
[424185000] READ WORD = xxxxxxxx
[424805000] READ WORD = xxxxxxxx
[425425000] READ WORD = xxxxxxxx
[426045000] READ WORD = xxxxxxxx
[426665000] READ WORD = xxxxxxxx
[427285000] READ WORD = xxxxxxxx
[427905000] READ WORD = xxxxxxxx
[428525000] READ WORD = xxxxxxxx
[429145000] READ WORD = xxxxxxxx
[429765000] READ WORD = xxxxxxxx
[430385000] READ WORD = xxxxxxxx
[431005000] READ WORD = xxxxxxxx
[431625000] READ WORD = xxxxxxxx
[432245000] READ WORD = xxxxxxxx
[432865000] READ WORD = xxxxxxxx
[433485000] READ WORD = xxxxxxxx
[434105000] READ WORD = xxxxxxxx
[434725000] READ WORD = xxxxxxxx
[435345000] READ WORD = xxxxxxxx
[435965000] READ WORD = xxxxxxxx
[436585000] READ WORD = xxxxxxxx
[437205000] READ WORD = xxxxxxxx
[437825000] READ WORD = xxxxxxxx
[438445000] READ WORD = xxxxxxxx
[439065000] READ WORD = xxxxxxxx
[439685000] READ WORD = xxxxxxxx
[440305000] READ WORD = xxxxxxxx
[440925000] READ WORD = xxxxxxxx
[441545000] READ WORD = xxxxxxxx
[442165000] READ WORD = xxxxxxxx
[442785000] READ WORD = xxxxxxxx
[443405000] READ WORD = xxxxxxxx
[444025000] READ WORD = xxxxxxxx
[444645000] READ WORD = xxxxxxxx
[445265000] READ WORD = xxxxxxxx
[445885000] READ WORD = xxxxxxxx
[446505000] READ WORD = xxxxxxxx
[447125000] READ WORD = xxxxxxxx
[447745000] READ WORD = xxxxxxxx
[448365000] READ WORD = xxxxxxxx
[448985000] READ WORD = xxxxxxxx
[449605000] READ WORD = xxxxxxxx
[450225000] READ WORD = xxxxxxxx
[450845000] READ WORD = xxxxxxxx
[451465000] READ WORD = xxxxxxxx
[452085000] READ WORD = xxxxxxxx
[452705000] READ WORD = xxxxxxxx
[453325000] READ WORD = xxxxxxxx
[453945000] READ WORD = xxxxxxxx
[454565000] READ WORD = xxxxxxxx
[455185000] READ WORD = xxxxxxxx
[455805000] READ WORD = xxxxxxxx
[456425000] READ WORD = xxxxxxxx
[457045000] READ WORD = xxxxxxxx
[457665000] READ WORD = xxxxxxxx
[458285000] READ WORD = xxxxxxxx
[458905000] READ WORD = xxxxxxxx
[459525000] READ WORD = xxxxxxxx
[460145000] READ WORD = xxxxxxxx
[460765000] READ WORD = xxxxxxxx
[461385000] READ WORD = xxxxxxxx
[462005000] READ WORD = xxxxxxxx
[462625000] READ WORD = xxxxxxxx
[463245000] READ WORD = xxxxxxxx
[463865000] READ WORD = xxxxxxxx
[464485000] READ WORD = xxxxxxxx
[465105000] READ WORD = xxxxxxxx
[465725000] READ WORD = xxxxxxxx
[466345000] READ WORD = xxxxxxxx
[466965000] READ WORD = xxxxxxxx
[467585000] READ WORD = xxxxxxxx
[468205000] READ WORD = xxxxxxxx
[468825000] READ WORD = xxxxxxxx
[469445000] READ WORD = xxxxxxxx
[470065000] READ WORD = xxxxxxxx
[470685000] READ WORD = xxxxxxxx
[471305000] READ WORD = xxxxxxxx
[471925000] READ WORD = xxxxxxxx
[472545000] READ WORD = xxxxxxxx
[473165000] READ WORD = xxxxxxxx
[473785000] READ WORD = xxxxxxxx
[474405000] READ WORD = xxxxxxxx
[475025000] READ WORD = xxxxxxxx
[475645000] READ WORD = xxxxxxxx
[476265000] READ WORD = xxxxxxxx
[476885000] READ WORD = xxxxxxxx
[477505000] READ WORD = xxxxxxxx
[478125000] READ WORD = xxxxxxxx
[478745000] READ WORD = xxxxxxxx
[479365000] READ WORD = xxxxxxxx
[479985000] READ WORD = xxxxxxxx
[480605000] READ WORD = xxxxxxxx
[481225000] READ WORD = xxxxxxxx
[481845000] READ WORD = xxxxxxxx
[482465000] READ WORD = xxxxxxxx
[483085000] READ WORD = xxxxxxxx
[483705000] READ WORD = xxxxxxxx
[484325000] READ WORD = xxxxxxxx
[484945000] READ WORD = xxxxxxxx
[485565000] READ WORD = xxxxxxxx
[486185000] READ WORD = xxxxxxxx
[486805000] READ WORD = xxxxxxxx
[487425000] READ WORD = xxxxxxxx
[488045000] READ WORD = xxxxxxxx
[488665000] READ WORD = xxxxxxxx
[489285000] READ WORD = xxxxxxxx
[489905000] READ WORD = xxxxxxxx
[490525000] READ WORD = xxxxxxxx
[491145000] READ WORD = xxxxxxxx
[491765000] READ WORD = xxxxxxxx
[492385000] READ WORD = xxxxxxxx
[493005000] READ WORD = xxxxxxxx
[493625000] READ WORD = xxxxxxxx
[494245000] READ WORD = xxxxxxxx
[494865000] READ WORD = xxxxxxxx
[495485000] READ WORD = xxxxxxxx
[496105000] READ WORD = xxxxxxxx
[496725000] READ WORD = xxxxxxxx
[497345000] READ WORD = xxxxxxxx
[497965000] READ WORD = xxxxxxxx
[498585000] READ WORD = xxxxxxxx
[499205000] READ WORD = xxxxxxxx
[499825000] READ WORD = xxxxxxxx
[500445000] READ WORD = xxxxxxxx
[501065000] READ WORD = xxxxxxxx
[501685000] READ WORD = xxxxxxxx
[502305000] READ WORD = xxxxxxxx
[502925000] READ WORD = xxxxxxxx
[503545000] READ WORD = xxxxxxxx
[504165000] READ WORD = xxxxxxxx
[504785000] READ WORD = xxxxxxxx
[505405000] READ WORD = xxxxxxxx
[506025000] READ WORD = xxxxxxxx
[506645000] READ WORD = xxxxxxxx
[507265000] READ WORD = xxxxxxxx
[507885000] READ WORD = xxxxxxxx
[508505000] READ WORD = xxxxxxxx
[509125000] READ WORD = xxxxxxxx
[509745000] READ WORD = xxxxxxxx
[510365000] READ WORD = xxxxxxxx
[510985000] READ WORD = xxxxxxxx
[511605000] READ WORD = xxxxxxxx
[512225000] READ WORD = xxxxxxxx
[512845000] READ WORD = xxxxxxxx
[513465000] READ WORD = xxxxxxxx
[514085000] READ WORD = xxxxxxxx
[514705000] READ WORD = xxxxxxxx
[515325000] READ WORD = xxxxxxxx
[515945000] READ WORD = xxxxxxxx
[516565000] READ WORD = xxxxxxxx
[517185000] READ WORD = xxxxxxxx
[517805000] READ WORD = xxxxxxxx
[518425000] READ WORD = xxxxxxxx
[519045000] READ WORD = xxxxxxxx
[519665000] READ WORD = xxxxxxxx
[520285000] READ WORD = xxxxxxxx
[520905000] READ WORD = xxxxxxxx
[521525000] READ WORD = xxxxxxxx
[522145000] READ WORD = xxxxxxxx
[522765000] READ WORD = xxxxxxxx
[523385000] READ WORD = xxxxxxxx
[524005000] READ WORD = xxxxxxxx
[524625000] READ WORD = xxxxxxxx
[525245000] READ WORD = xxxxxxxx
[525865000] READ WORD = xxxxxxxx
[526485000] READ WORD = xxxxxxxx
[527105000] READ WORD = xxxxxxxx
[527725000] READ WORD = xxxxxxxx
[528345000] READ WORD = xxxxxxxx
[528965000] READ WORD = xxxxxxxx
[529585000] READ WORD = xxxxxxxx
[530205000] READ WORD = xxxxxxxx
[530825000] READ WORD = xxxxxxxx
[531445000] READ WORD = xxxxxxxx
[532065000] READ WORD = xxxxxxxx
[532685000] READ WORD = xxxxxxxx
[533305000] READ WORD = xxxxxxxx
[533925000] READ WORD = xxxxxxxx
[534545000] READ WORD = xxxxxxxx
[535165000] READ WORD = xxxxxxxx
[535785000] READ WORD = xxxxxxxx
[536405000] READ WORD = xxxxxxxx
[537025000] READ WORD = xxxxxxxx
[537645000] READ WORD = xxxxxxxx
[538265000] READ WORD = xxxxxxxx
[538885000] READ WORD = xxxxxxxx
[539505000] READ WORD = xxxxxxxx
[540125000] READ WORD = xxxxxxxx
[540745000] READ WORD = xxxxxxxx
[541365000] READ WORD = xxxxxxxx
[541985000] READ WORD = xxxxxxxx
[542605000] READ WORD = xxxxxxxx
[543225000] READ WORD = xxxxxxxx
[543845000] READ WORD = xxxxxxxx
[544465000] READ WORD = xxxxxxxx
[545085000] READ WORD = xxxxxxxx
[545705000] READ WORD = xxxxxxxx
[546325000] READ WORD = xxxxxxxx
[546945000] READ WORD = xxxxxxxx
[547565000] READ WORD = xxxxxxxx
[548185000] READ WORD = xxxxxxxx
[548805000] READ WORD = xxxxxxxx
[549425000] READ WORD = xxxxxxxx
[550045000] READ WORD = xxxxxxxx
[550665000] READ WORD = xxxxxxxx
[551285000] READ WORD = xxxxxxxx
[551905000] READ WORD = xxxxxxxx
[552525000] READ WORD = xxxxxxxx
[553145000] READ WORD = xxxxxxxx
[553765000] READ WORD = xxxxxxxx
[554385000] READ WORD = xxxxxxxx
[555005000] READ WORD = xxxxxxxx
[555625000] READ WORD = xxxxxxxx
[556245000] READ WORD = xxxxxxxx
[556865000] READ WORD = xxxxxxxx
[557485000] READ WORD = xxxxxxxx
[558105000] READ WORD = xxxxxxxx
[558725000] READ WORD = xxxxxxxx
[559345000] READ WORD = xxxxxxxx
[559965000] READ WORD = xxxxxxxx
[560585000] READ WORD = xxxxxxxx
[561205000] READ WORD = xxxxxxxx
[561825000] READ WORD = xxxxxxxx
[562445000] READ WORD = xxxxxxxx
[563065000] READ WORD = xxxxxxxx
[563685000] READ WORD = xxxxxxxx
[564305000] READ WORD = xxxxxxxx
[564925000] READ WORD = xxxxxxxx
[565545000] READ WORD = xxxxxxxx
[566165000] READ WORD = xxxxxxxx
[566785000] READ WORD = xxxxxxxx
[567405000] READ WORD = xxxxxxxx
[568025000] READ WORD = xxxxxxxx
[568645000] READ WORD = xxxxxxxx
[569265000] READ WORD = xxxxxxxx
[569885000] READ WORD = xxxxxxxx
[570505000] READ WORD = xxxxxxxx
[571125000] READ WORD = xxxxxxxx
[571745000] READ WORD = xxxxxxxx
[572365000] READ WORD = xxxxxxxx
[572985000] READ WORD = xxxxxxxx
[573605000] READ WORD = xxxxxxxx
[574225000] READ WORD = xxxxxxxx
[574845000] READ WORD = xxxxxxxx
[575465000] READ WORD = xxxxxxxx
[576085000] READ WORD = xxxxxxxx
[576705000] READ WORD = xxxxxxxx
[577325000] READ WORD = xxxxxxxx
[577945000] READ WORD = xxxxxxxx
[578565000] READ WORD = xxxxxxxx
[579185000] READ WORD = xxxxxxxx
[579805000] READ WORD = xxxxxxxx
[580425000] READ WORD = xxxxxxxx
[581045000] READ WORD = xxxxxxxx
[581665000] READ WORD = xxxxxxxx
[582285000] READ WORD = xxxxxxxx
[582905000] READ WORD = xxxxxxxx
[583525000] READ WORD = xxxxxxxx
[584145000] READ WORD = xxxxxxxx
[584765000] READ WORD = xxxxxxxx
[585385000] READ WORD = xxxxxxxx
[586005000] READ WORD = xxxxxxxx
[586625000] READ WORD = xxxxxxxx
[587245000] READ WORD = xxxxxxxx
[587865000] READ WORD = xxxxxxxx
[588485000] READ WORD = xxxxxxxx
[589105000] READ WORD = xxxxxxxx
[589725000] READ WORD = xxxxxxxx
[590345000] READ WORD = xxxxxxxx
[590965000] READ WORD = xxxxxxxx
[591585000] READ WORD = xxxxxxxx
[592205000] READ WORD = xxxxxxxx
[592825000] READ WORD = xxxxxxxx
[593445000] READ WORD = xxxxxxxx
[594065000] READ WORD = xxxxxxxx
[594685000] READ WORD = xxxxxxxx
[595305000] READ WORD = xxxxxxxx
[595925000] READ WORD = xxxxxxxx
[596545000] READ WORD = xxxxxxxx
[597165000] READ WORD = xxxxxxxx
[597785000] READ WORD = xxxxxxxx
[598405000] READ WORD = xxxxxxxx
[599025000] READ WORD = xxxxxxxx
[599645000] READ WORD = xxxxxxxx
[600265000] READ WORD = xxxxxxxx
[600885000] READ WORD = xxxxxxxx
[601505000] READ WORD = xxxxxxxx
[602125000] READ WORD = xxxxxxxx
[602745000] READ WORD = xxxxxxxx
[603365000] READ WORD = xxxxxxxx
[603985000] READ WORD = xxxxxxxx
[604605000] READ WORD = xxxxxxxx
[605225000] READ WORD = xxxxxxxx
[605845000] READ WORD = xxxxxxxx
[606465000] READ WORD = xxxxxxxx
[607085000] READ WORD = xxxxxxxx
[607705000] READ WORD = xxxxxxxx
[608325000] READ WORD = xxxxxxxx
[608945000] READ WORD = xxxxxxxx
[609565000] READ WORD = xxxxxxxx
[610185000] READ WORD = xxxxxxxx
[610805000] READ WORD = xxxxxxxx
[611425000] READ WORD = xxxxxxxx
[612045000] READ WORD = xxxxxxxx
[612665000] READ WORD = xxxxxxxx
[613285000] READ WORD = xxxxxxxx
[613905000] READ WORD = xxxxxxxx
[614525000] READ WORD = xxxxxxxx
[615145000] READ WORD = xxxxxxxx
[615765000] READ WORD = xxxxxxxx
[616385000] READ WORD = xxxxxxxx
[617005000] READ WORD = xxxxxxxx
[617625000] READ WORD = xxxxxxxx
[618245000] READ WORD = xxxxxxxx
[618865000] READ WORD = xxxxxxxx
[619485000] READ WORD = xxxxxxxx
[620105000] READ WORD = xxxxxxxx
[620725000] READ WORD = xxxxxxxx
[621345000] READ WORD = xxxxxxxx
[621965000] READ WORD = xxxxxxxx
[622585000] READ WORD = xxxxxxxx
[623205000] READ WORD = xxxxxxxx
[623825000] READ WORD = xxxxxxxx
[624445000] READ WORD = xxxxxxxx
[625065000] READ WORD = xxxxxxxx
[625685000] READ WORD = xxxxxxxx
[626305000] READ WORD = xxxxxxxx
[626925000] READ WORD = xxxxxxxx
[627545000] READ WORD = xxxxxxxx
[628165000] READ WORD = xxxxxxxx
[628785000] READ WORD = xxxxxxxx
[629405000] READ WORD = xxxxxxxx
[630025000] READ WORD = xxxxxxxx
[630645000] READ WORD = xxxxxxxx
[631265000] READ WORD = xxxxxxxx
[631885000] READ WORD = xxxxxxxx
[632505000] READ WORD = xxxxxxxx
[633125000] READ WORD = xxxxxxxx
[633745000] READ WORD = xxxxxxxx
[634365000] READ WORD = xxxxxxxx
[634985000] READ WORD = xxxxxxxx
[635605000] READ WORD = xxxxxxxx
[636225000] READ WORD = xxxxxxxx
[636845000] READ WORD = xxxxxxxx
[637465000] READ WORD = xxxxxxxx
[638085000] READ WORD = xxxxxxxx
[638705000] READ WORD = xxxxxxxx
[639325000] READ WORD = xxxxxxxx
[639945000] READ WORD = xxxxxxxx
[640565000] READ WORD = xxxxxxxx
[641185000] READ WORD = xxxxxxxx
[641805000] READ WORD = xxxxxxxx
[642425000] READ WORD = xxxxxxxx
[643045000] READ WORD = xxxxxxxx
[643665000] READ WORD = xxxxxxxx
[644285000] READ WORD = xxxxxxxx
[644905000] READ WORD = xxxxxxxx
[645525000] READ WORD = xxxxxxxx
[646145000] READ WORD = xxxxxxxx
[646765000] READ WORD = xxxxxxxx
[647385000] READ WORD = xxxxxxxx
[648005000] READ WORD = xxxxxxxx
[648625000] READ WORD = xxxxxxxx
[649245000] READ WORD = xxxxxxxx
[649865000] READ WORD = xxxxxxxx
[650485000] READ WORD = xxxxxxxx
[651105000] READ WORD = xxxxxxxx
[651725000] READ WORD = xxxxxxxx
[652345000] READ WORD = xxxxxxxx
[652965000] READ WORD = xxxxxxxx
[653585000] READ WORD = xxxxxxxx
[654205000] READ WORD = xxxxxxxx
[654825000] READ WORD = xxxxxxxx
[655445000] READ WORD = xxxxxxxx
[656065000] READ WORD = xxxxxxxx
[656685000] READ WORD = xxxxxxxx
[657305000] READ WORD = xxxxxxxx
[657925000] READ WORD = xxxxxxxx
[658545000] READ WORD = xxxxxxxx
[659165000] READ WORD = xxxxxxxx
[659785000] READ WORD = xxxxxxxx
[660405000] READ WORD = xxxxxxxx
[661025000] READ WORD = xxxxxxxx
[661645000] READ WORD = xxxxxxxx
[662265000] READ WORD = xxxxxxxx
[662885000] READ WORD = xxxxxxxx
[663505000] READ WORD = xxxxxxxx
[664125000] READ WORD = xxxxxxxx
[664745000] READ WORD = xxxxxxxx
[665365000] READ WORD = xxxxxxxx
[665985000] READ WORD = xxxxxxxx
[666605000] READ WORD = xxxxxxxx
[667225000] READ WORD = xxxxxxxx
[667845000] READ WORD = xxxxxxxx
[668465000] READ WORD = xxxxxxxx
[669085000] READ WORD = xxxxxxxx
[669705000] READ WORD = xxxxxxxx
[670325000] READ WORD = xxxxxxxx
[670945000] READ WORD = xxxxxxxx
[671565000] READ WORD = xxxxxxxx
[672185000] READ WORD = xxxxxxxx
[672805000] READ WORD = xxxxxxxx
[673425000] READ WORD = xxxxxxxx
[674045000] READ WORD = xxxxxxxx
[674665000] READ WORD = xxxxxxxx
[675285000] READ WORD = xxxxxxxx
[675905000] READ WORD = xxxxxxxx
[676525000] READ WORD = xxxxxxxx
[677145000] READ WORD = xxxxxxxx
[677765000] READ WORD = xxxxxxxx
[678385000] READ WORD = xxxxxxxx
[679005000] READ WORD = xxxxxxxx
[679625000] READ WORD = xxxxxxxx
[680245000] READ WORD = xxxxxxxx
[680865000] READ WORD = xxxxxxxx
[681485000] READ WORD = xxxxxxxx
[682105000] READ WORD = xxxxxxxx
[682725000] READ WORD = xxxxxxxx
[683345000] READ WORD = xxxxxxxx
[683965000] READ WORD = xxxxxxxx
[684585000] READ WORD = xxxxxxxx
[685205000] READ WORD = xxxxxxxx
[685825000] READ WORD = xxxxxxxx
[686445000] READ WORD = xxxxxxxx
[687065000] READ WORD = xxxxxxxx
[687685000] READ WORD = xxxxxxxx
[688305000] READ WORD = xxxxxxxx
[688925000] READ WORD = xxxxxxxx
[689545000] READ WORD = xxxxxxxx
[690165000] READ WORD = xxxxxxxx
[690785000] READ WORD = xxxxxxxx
[691405000] READ WORD = xxxxxxxx
[692025000] READ WORD = xxxxxxxx
[692645000] READ WORD = xxxxxxxx
[693265000] READ WORD = xxxxxxxx
[693885000] READ WORD = xxxxxxxx
[694505000] READ WORD = xxxxxxxx
[695125000] READ WORD = xxxxxxxx
[695745000] READ WORD = xxxxxxxx
[696365000] READ WORD = xxxxxxxx
[696985000] READ WORD = xxxxxxxx
[697605000] READ WORD = xxxxxxxx
[698225000] READ WORD = xxxxxxxx
[698845000] READ WORD = xxxxxxxx
[699465000] READ WORD = xxxxxxxx
[700085000] READ WORD = xxxxxxxx
[700705000] READ WORD = xxxxxxxx
[701325000] READ WORD = xxxxxxxx
[701945000] READ WORD = xxxxxxxx
[702565000] READ WORD = xxxxxxxx
[703185000] READ WORD = xxxxxxxx
[703805000] READ WORD = xxxxxxxx
[704425000] READ WORD = xxxxxxxx
[705045000] READ WORD = xxxxxxxx
[705665000] READ WORD = xxxxxxxx
[706285000] READ WORD = xxxxxxxx
[706905000] READ WORD = xxxxxxxx
[707525000] READ WORD = xxxxxxxx
[708145000] READ WORD = xxxxxxxx
[708765000] READ WORD = xxxxxxxx
[709385000] READ WORD = xxxxxxxx
[710005000] READ WORD = xxxxxxxx
[710625000] READ WORD = xxxxxxxx
[711245000] READ WORD = xxxxxxxx
[711865000] READ WORD = xxxxxxxx
[712485000] READ WORD = xxxxxxxx
[713105000] READ WORD = xxxxxxxx
[713725000] READ WORD = xxxxxxxx
[714345000] READ WORD = xxxxxxxx
[714965000] READ WORD = xxxxxxxx
[715585000] READ WORD = xxxxxxxx
[716205000] READ WORD = xxxxxxxx
[716825000] READ WORD = xxxxxxxx
[717445000] READ WORD = xxxxxxxx
[718065000] READ WORD = xxxxxxxx
[718685000] READ WORD = xxxxxxxx
[719305000] READ WORD = xxxxxxxx
[719925000] READ WORD = xxxxxxxx
[720545000] READ WORD = xxxxxxxx
[721165000] READ WORD = xxxxxxxx
[721785000] READ WORD = xxxxxxxx
[722405000] READ WORD = xxxxxxxx
[723025000] READ WORD = xxxxxxxx
[723645000] READ WORD = xxxxxxxx
[724265000] READ WORD = xxxxxxxx
[724885000] READ WORD = xxxxxxxx
[725505000] READ WORD = xxxxxxxx
[726125000] READ WORD = xxxxxxxx
[726745000] READ WORD = xxxxxxxx
[727365000] READ WORD = xxxxxxxx
[727985000] READ WORD = xxxxxxxx
[728605000] READ WORD = xxxxxxxx
[729225000] READ WORD = xxxxxxxx
[729845000] READ WORD = xxxxxxxx
[730465000] READ WORD = xxxxxxxx
[731085000] READ WORD = xxxxxxxx
[731705000] READ WORD = xxxxxxxx
[732325000] READ WORD = xxxxxxxx
[732945000] READ WORD = xxxxxxxx
[733565000] READ WORD = xxxxxxxx
[734185000] READ WORD = xxxxxxxx
[734805000] READ WORD = xxxxxxxx
[735425000] READ WORD = xxxxxxxx
[736045000] READ WORD = xxxxxxxx
[736665000] READ WORD = xxxxxxxx
[737285000] READ WORD = xxxxxxxx
[737905000] READ WORD = xxxxxxxx
[738525000] READ WORD = xxxxxxxx
[739145000] READ WORD = xxxxxxxx
[739765000] READ WORD = xxxxxxxx
[740385000] READ WORD = xxxxxxxx
[741005000] READ WORD = xxxxxxxx
[741625000] READ WORD = xxxxxxxx
[742245000] READ WORD = xxxxxxxx
[742865000] READ WORD = xxxxxxxx
[743485000] READ WORD = xxxxxxxx
[744105000] READ WORD = xxxxxxxx
[744725000] READ WORD = xxxxxxxx
[745345000] READ WORD = xxxxxxxx
[745965000] READ WORD = xxxxxxxx
[746585000] READ WORD = xxxxxxxx
[747205000] READ WORD = xxxxxxxx
[747825000] READ WORD = xxxxxxxx
[748445000] READ WORD = xxxxxxxx
[749065000] READ WORD = xxxxxxxx
[749685000] READ WORD = xxxxxxxx
[750305000] READ WORD = xxxxxxxx
[750925000] READ WORD = xxxxxxxx
[751545000] READ WORD = xxxxxxxx
[752165000] READ WORD = xxxxxxxx
[752785000] READ WORD = xxxxxxxx
[753405000] READ WORD = xxxxxxxx
[754025000] READ WORD = xxxxxxxx
[754645000] READ WORD = xxxxxxxx
[755265000] READ WORD = xxxxxxxx
[755885000] READ WORD = xxxxxxxx
[756505000] READ WORD = xxxxxxxx
[757125000] READ WORD = xxxxxxxx
[757745000] READ WORD = xxxxxxxx
[758365000] READ WORD = xxxxxxxx
[758985000] READ WORD = xxxxxxxx
[759605000] READ WORD = xxxxxxxx
[760225000] READ WORD = xxxxxxxx
[760845000] READ WORD = xxxxxxxx
[761465000] READ WORD = xxxxxxxx
[762085000] READ WORD = xxxxxxxx
[762705000] READ WORD = xxxxxxxx
[763325000] READ WORD = xxxxxxxx
[763945000] READ WORD = xxxxxxxx
[764565000] READ WORD = xxxxxxxx
[765185000] READ WORD = xxxxxxxx
[765805000] READ WORD = xxxxxxxx
[766425000] READ WORD = xxxxxxxx
[767045000] READ WORD = xxxxxxxx
[767665000] READ WORD = xxxxxxxx
[768285000] READ WORD = xxxxxxxx
[768905000] READ WORD = xxxxxxxx
[769525000] READ WORD = xxxxxxxx
[770145000] READ WORD = xxxxxxxx
[770765000] READ WORD = xxxxxxxx
[771385000] READ WORD = xxxxxxxx
[772005000] READ WORD = xxxxxxxx
[772625000] READ WORD = xxxxxxxx
[773245000] READ WORD = xxxxxxxx
[773865000] READ WORD = xxxxxxxx
[774485000] READ WORD = xxxxxxxx
[775105000] READ WORD = xxxxxxxx
[775725000] READ WORD = xxxxxxxx
[776345000] READ WORD = xxxxxxxx
[776965000] READ WORD = xxxxxxxx
[777585000] READ WORD = xxxxxxxx
[778205000] READ WORD = xxxxxxxx
[778825000] READ WORD = xxxxxxxx
[779445000] READ WORD = xxxxxxxx
[780065000] READ WORD = xxxxxxxx
[780685000] READ WORD = xxxxxxxx
[781305000] READ WORD = xxxxxxxx
[781925000] READ WORD = xxxxxxxx
[782545000] READ WORD = xxxxxxxx
[783165000] READ WORD = xxxxxxxx
[783785000] READ WORD = xxxxxxxx
[784405000] READ WORD = xxxxxxxx
[785025000] READ WORD = xxxxxxxx
[785645000] READ WORD = xxxxxxxx
[786265000] READ WORD = xxxxxxxx
[786885000] READ WORD = xxxxxxxx
[787505000] READ WORD = xxxxxxxx
[788125000] READ WORD = xxxxxxxx
[788745000] READ WORD = xxxxxxxx
[789365000] READ WORD = xxxxxxxx
[789985000] READ WORD = xxxxxxxx
[790605000] READ WORD = xxxxxxxx
[791225000] READ WORD = xxxxxxxx
[791845000] READ WORD = xxxxxxxx
[792465000] READ WORD = xxxxxxxx
[793085000] READ WORD = xxxxxxxx
[793705000] READ WORD = xxxxxxxx
[794325000] READ WORD = xxxxxxxx
[794945000] READ WORD = xxxxxxxx
[795565000] READ WORD = xxxxxxxx
[796185000] READ WORD = xxxxxxxx
[796805000] READ WORD = xxxxxxxx
[797425000] READ WORD = xxxxxxxx
[798045000] READ WORD = xxxxxxxx
[798665000] READ WORD = xxxxxxxx
[799285000] READ WORD = xxxxxxxx
[799905000] READ WORD = xxxxxxxx
[800525000] READ WORD = xxxxxxxx
[801145000] READ WORD = xxxxxxxx
[801765000] READ WORD = xxxxxxxx
[802385000] READ WORD = xxxxxxxx
[803005000] READ WORD = xxxxxxxx
[803625000] READ WORD = xxxxxxxx
[804245000] READ WORD = xxxxxxxx
[804865000] READ WORD = xxxxxxxx
[805485000] READ WORD = xxxxxxxx
[806105000] READ WORD = xxxxxxxx
[806725000] READ WORD = xxxxxxxx
[807345000] READ WORD = xxxxxxxx
[807965000] READ WORD = xxxxxxxx
[808585000] READ WORD = xxxxxxxx
[809205000] READ WORD = xxxxxxxx
[809825000] READ WORD = xxxxxxxx
[810445000] READ WORD = xxxxxxxx
[811065000] READ WORD = xxxxxxxx
[811685000] READ WORD = xxxxxxxx
[812305000] READ WORD = xxxxxxxx
[812925000] READ WORD = xxxxxxxx
[813545000] READ WORD = xxxxxxxx
[814165000] READ WORD = xxxxxxxx
[814785000] READ WORD = xxxxxxxx
[815405000] READ WORD = xxxxxxxx
[816025000] READ WORD = xxxxxxxx
[816645000] READ WORD = xxxxxxxx
[817265000] READ WORD = xxxxxxxx
[817885000] READ WORD = xxxxxxxx
[818505000] READ WORD = xxxxxxxx
[819125000] READ WORD = xxxxxxxx
[819745000] READ WORD = xxxxxxxx
[820365000] READ WORD = xxxxxxxx
[820985000] READ WORD = xxxxxxxx
[821605000] READ WORD = xxxxxxxx
[822225000] READ WORD = xxxxxxxx
[822845000] READ WORD = xxxxxxxx
[823465000] READ WORD = xxxxxxxx
[824085000] READ WORD = xxxxxxxx
[824705000] READ WORD = xxxxxxxx
[825325000] READ WORD = xxxxxxxx
[825945000] READ WORD = xxxxxxxx
[826565000] READ WORD = xxxxxxxx
[827185000] READ WORD = xxxxxxxx
[827805000] READ WORD = xxxxxxxx
[828425000] READ WORD = xxxxxxxx
[829045000] READ WORD = xxxxxxxx
[829665000] READ WORD = xxxxxxxx
[830285000] READ WORD = xxxxxxxx
[830905000] READ WORD = xxxxxxxx
[831525000] READ WORD = xxxxxxxx
[832145000] READ WORD = xxxxxxxx
[832765000] READ WORD = xxxxxxxx
[833385000] READ WORD = xxxxxxxx
[834005000] READ WORD = xxxxxxxx
[834625000] READ WORD = xxxxxxxx
[835245000] READ WORD = xxxxxxxx
[835865000] READ WORD = xxxxxxxx
[836485000] READ WORD = xxxxxxxx
[837105000] READ WORD = xxxxxxxx
[837725000] READ WORD = xxxxxxxx
[838345000] READ WORD = xxxxxxxx
[838965000] READ WORD = xxxxxxxx
[839585000] READ WORD = xxxxxxxx
[840205000] READ WORD = xxxxxxxx
[840825000] READ WORD = xxxxxxxx
[841445000] READ WORD = xxxxxxxx
[842065000] READ WORD = xxxxxxxx
[842685000] READ WORD = xxxxxxxx
[843305000] READ WORD = xxxxxxxx
[843925000] READ WORD = xxxxxxxx
[844545000] READ WORD = xxxxxxxx
[845165000] READ WORD = xxxxxxxx
[845785000] READ WORD = xxxxxxxx
[846405000] READ WORD = xxxxxxxx
[847025000] READ WORD = xxxxxxxx
[847645000] READ WORD = xxxxxxxx
[848265000] READ WORD = xxxxxxxx
[848885000] READ WORD = xxxxxxxx
[849505000] READ WORD = xxxxxxxx
[850125000] READ WORD = xxxxxxxx
[850745000] READ WORD = xxxxxxxx
[851365000] READ WORD = xxxxxxxx
[851985000] READ WORD = xxxxxxxx
[852605000] READ WORD = xxxxxxxx
[853225000] READ WORD = xxxxxxxx
[853845000] READ WORD = xxxxxxxx
[854465000] READ WORD = xxxxxxxx
[855085000] READ WORD = xxxxxxxx
[855705000] READ WORD = xxxxxxxx
[856325000] READ WORD = xxxxxxxx
[856945000] READ WORD = xxxxxxxx
[857565000] READ WORD = xxxxxxxx
[858185000] READ WORD = xxxxxxxx
[858805000] READ WORD = xxxxxxxx
[859425000] READ WORD = xxxxxxxx
[860045000] READ WORD = xxxxxxxx
[860665000] READ WORD = xxxxxxxx
[861285000] READ WORD = xxxxxxxx
[861905000] READ WORD = xxxxxxxx
[862525000] READ WORD = xxxxxxxx
[863145000] READ WORD = xxxxxxxx
[863765000] READ WORD = xxxxxxxx
[864385000] READ WORD = xxxxxxxx
[865005000] READ WORD = xxxxxxxx
[865625000] READ WORD = xxxxxxxx
[866245000] READ WORD = xxxxxxxx
[866865000] READ WORD = xxxxxxxx
[867485000] READ WORD = xxxxxxxx
[868105000] READ WORD = xxxxxxxx
[868725000] READ WORD = xxxxxxxx
[869345000] READ WORD = xxxxxxxx
[869965000] READ WORD = xxxxxxxx
[870585000] READ WORD = xxxxxxxx
[871205000] READ WORD = xxxxxxxx
[871825000] READ WORD = xxxxxxxx
[872445000] READ WORD = xxxxxxxx
[873065000] READ WORD = xxxxxxxx
[873685000] READ WORD = xxxxxxxx
[874305000] READ WORD = xxxxxxxx
[874925000] READ WORD = xxxxxxxx
[875545000] READ WORD = xxxxxxxx
[876165000] READ WORD = xxxxxxxx
[876785000] READ WORD = xxxxxxxx
[877405000] READ WORD = xxxxxxxx
[878025000] READ WORD = xxxxxxxx
[878645000] READ WORD = xxxxxxxx
[879265000] READ WORD = xxxxxxxx
[879885000] READ WORD = xxxxxxxx
[880505000] READ WORD = xxxxxxxx
[881125000] READ WORD = xxxxxxxx
[881745000] READ WORD = xxxxxxxx
[882365000] READ WORD = xxxxxxxx
[882985000] READ WORD = xxxxxxxx
[883605000] READ WORD = xxxxxxxx
[884225000] READ WORD = xxxxxxxx
[884845000] READ WORD = xxxxxxxx
[885465000] READ WORD = xxxxxxxx
[886085000] READ WORD = xxxxxxxx
[886705000] READ WORD = xxxxxxxx
[887325000] READ WORD = xxxxxxxx
[887945000] READ WORD = xxxxxxxx
[888565000] READ WORD = xxxxxxxx
[889185000] READ WORD = xxxxxxxx
[889805000] READ WORD = xxxxxxxx
[890425000] READ WORD = xxxxxxxx
[891045000] READ WORD = xxxxxxxx
[891665000] READ WORD = xxxxxxxx
[892285000] READ WORD = xxxxxxxx
[892905000] READ WORD = xxxxxxxx
[893525000] READ WORD = xxxxxxxx
[894145000] READ WORD = xxxxxxxx
[894765000] READ WORD = xxxxxxxx
[895385000] READ WORD = xxxxxxxx
[896005000] READ WORD = xxxxxxxx
[896625000] READ WORD = xxxxxxxx
[897245000] READ WORD = xxxxxxxx
[897865000] READ WORD = xxxxxxxx
[898485000] READ WORD = xxxxxxxx
[899105000] READ WORD = xxxxxxxx
[899725000] READ WORD = xxxxxxxx
[900345000] READ WORD = xxxxxxxx
[900965000] READ WORD = xxxxxxxx
[901585000] READ WORD = xxxxxxxx
[902205000] READ WORD = xxxxxxxx
[902825000] READ WORD = xxxxxxxx
[903445000] READ WORD = xxxxxxxx
[904065000] READ WORD = xxxxxxxx
[904685000] READ WORD = xxxxxxxx
[905305000] READ WORD = xxxxxxxx
[905925000] READ WORD = xxxxxxxx
[906545000] READ WORD = xxxxxxxx
[907165000] READ WORD = xxxxxxxx
[907785000] READ WORD = xxxxxxxx
[908405000] READ WORD = xxxxxxxx
[909025000] READ WORD = xxxxxxxx
[909645000] READ WORD = xxxxxxxx
[910265000] READ WORD = xxxxxxxx
[910885000] READ WORD = xxxxxxxx
[911505000] READ WORD = xxxxxxxx
[912125000] READ WORD = xxxxxxxx
[912745000] READ WORD = xxxxxxxx
[913365000] READ WORD = xxxxxxxx
[913985000] READ WORD = xxxxxxxx
[914605000] READ WORD = xxxxxxxx
[915225000] READ WORD = xxxxxxxx
[915845000] READ WORD = xxxxxxxx
[916465000] READ WORD = xxxxxxxx
[917085000] READ WORD = xxxxxxxx
[917705000] READ WORD = xxxxxxxx
[918325000] READ WORD = xxxxxxxx
[918945000] READ WORD = xxxxxxxx
[919565000] READ WORD = xxxxxxxx
[920185000] READ WORD = xxxxxxxx
[920805000] READ WORD = xxxxxxxx
[921425000] READ WORD = xxxxxxxx
[922045000] READ WORD = xxxxxxxx
[922665000] READ WORD = xxxxxxxx
[923285000] READ WORD = xxxxxxxx
[923905000] READ WORD = xxxxxxxx
[924525000] READ WORD = xxxxxxxx
[925145000] READ WORD = xxxxxxxx
[925765000] READ WORD = xxxxxxxx
[926385000] READ WORD = xxxxxxxx
[927005000] READ WORD = xxxxxxxx
[927625000] READ WORD = xxxxxxxx
[928245000] READ WORD = xxxxxxxx
[928865000] READ WORD = xxxxxxxx
[929485000] READ WORD = xxxxxxxx
[930105000] READ WORD = xxxxxxxx
[930725000] READ WORD = xxxxxxxx
[931345000] READ WORD = xxxxxxxx
[931965000] READ WORD = xxxxxxxx
[932585000] READ WORD = xxxxxxxx
[933205000] READ WORD = xxxxxxxx
[933825000] READ WORD = xxxxxxxx
[934445000] READ WORD = xxxxxxxx
[935065000] READ WORD = xxxxxxxx
[935685000] READ WORD = xxxxxxxx
[936305000] READ WORD = xxxxxxxx
[936925000] READ WORD = xxxxxxxx
[937545000] READ WORD = xxxxxxxx
[938165000] READ WORD = xxxxxxxx
[938785000] READ WORD = xxxxxxxx
[939405000] READ WORD = xxxxxxxx
[940025000] READ WORD = xxxxxxxx
[940645000] READ WORD = xxxxxxxx
[941265000] READ WORD = xxxxxxxx
[941885000] READ WORD = xxxxxxxx
[942505000] READ WORD = xxxxxxxx
[943125000] READ WORD = xxxxxxxx
[943745000] READ WORD = xxxxxxxx
[944365000] READ WORD = xxxxxxxx
[944985000] READ WORD = xxxxxxxx
[945605000] READ WORD = xxxxxxxx
[946225000] READ WORD = xxxxxxxx
[946845000] READ WORD = xxxxxxxx
[947465000] READ WORD = xxxxxxxx
[948085000] READ WORD = xxxxxxxx
[948705000] READ WORD = xxxxxxxx
[949325000] READ WORD = xxxxxxxx
[949945000] READ WORD = xxxxxxxx
[950565000] READ WORD = xxxxxxxx
[951185000] READ WORD = xxxxxxxx
[951805000] READ WORD = xxxxxxxx
[952425000] READ WORD = xxxxxxxx
[953045000] READ WORD = xxxxxxxx
[953665000] READ WORD = xxxxxxxx
[954285000] READ WORD = xxxxxxxx
[954905000] READ WORD = xxxxxxxx
[955525000] READ WORD = xxxxxxxx
[956145000] READ WORD = xxxxxxxx
[956765000] READ WORD = xxxxxxxx
[957385000] READ WORD = xxxxxxxx
[958005000] READ WORD = xxxxxxxx
[958625000] READ WORD = xxxxxxxx
[959245000] READ WORD = xxxxxxxx
[959865000] READ WORD = xxxxxxxx
[960485000] READ WORD = xxxxxxxx
[961105000] READ WORD = xxxxxxxx
[961725000] READ WORD = xxxxxxxx
[962345000] READ WORD = xxxxxxxx
[962965000] READ WORD = xxxxxxxx
[963585000] READ WORD = xxxxxxxx
[964205000] READ WORD = xxxxxxxx
[964825000] READ WORD = xxxxxxxx
[965445000] READ WORD = xxxxxxxx
[966065000] READ WORD = xxxxxxxx
[966685000] READ WORD = xxxxxxxx
[967305000] READ WORD = xxxxxxxx
[967925000] READ WORD = xxxxxxxx
[968545000] READ WORD = xxxxxxxx
[969165000] READ WORD = xxxxxxxx
[969785000] READ WORD = xxxxxxxx
[970405000] READ WORD = xxxxxxxx
[971025000] READ WORD = xxxxxxxx
[971645000] READ WORD = xxxxxxxx
[972265000] READ WORD = xxxxxxxx
[972885000] READ WORD = xxxxxxxx
[973505000] READ WORD = xxxxxxxx
[974125000] READ WORD = xxxxxxxx
[974745000] READ WORD = xxxxxxxx
[975365000] READ WORD = xxxxxxxx
[975985000] READ WORD = xxxxxxxx
[976605000] READ WORD = xxxxxxxx
[977225000] READ WORD = xxxxxxxx
[977845000] READ WORD = xxxxxxxx
[978465000] READ WORD = xxxxxxxx
[979085000] READ WORD = xxxxxxxx
[979705000] READ WORD = xxxxxxxx
[980325000] READ WORD = xxxxxxxx
[980945000] READ WORD = xxxxxxxx
[981565000] READ WORD = xxxxxxxx
[982185000] READ WORD = xxxxxxxx
[982805000] READ WORD = xxxxxxxx
[983425000] READ WORD = xxxxxxxx
[984045000] READ WORD = xxxxxxxx
[984665000] READ WORD = xxxxxxxx
[985285000] READ WORD = xxxxxxxx
[985905000] READ WORD = xxxxxxxx
[986525000] READ WORD = xxxxxxxx
[987145000] READ WORD = xxxxxxxx
[987765000] READ WORD = xxxxxxxx
[988385000] READ WORD = xxxxxxxx
[989005000] READ WORD = xxxxxxxx
[989625000] READ WORD = xxxxxxxx
[990245000] READ WORD = xxxxxxxx
[990865000] READ WORD = xxxxxxxx
[991485000] READ WORD = xxxxxxxx
[992105000] READ WORD = xxxxxxxx
[992725000] READ WORD = xxxxxxxx
[993345000] READ WORD = xxxxxxxx
[993965000] READ WORD = xxxxxxxx
[994585000] READ WORD = xxxxxxxx
[995205000] READ WORD = xxxxxxxx
[995825000] READ WORD = xxxxxxxx
[996445000] READ WORD = xxxxxxxx
[997065000] READ WORD = xxxxxxxx
[997685000] READ WORD = xxxxxxxx
[998305000] READ WORD = xxxxxxxx
[998925000] READ WORD = xxxxxxxx
[999545000] READ WORD = xxxxxxxx
[1000165000] READ WORD = xxxxxxxx
[1000785000] READ WORD = xxxxxxxx
WARNING: [filemgmt 56-199] Attempt to get parsing info during refresh. "On-the-fly" syntax checking information may be incorrect. [C:\Users\SIVA DHANUSH REDDY\Downloads\SPI_Bootloader\Spi_Flashcontroller.srcs\sources_1\new\pc_reader.v:]
WARNING: [filemgmt 56-199] Attempt to get parsing info during refresh. "On-the-fly" syntax checking information may be incorrect. [C:\Users\SIVA DHANUSH REDDY\Downloads\SPI_Bootloader\Spi_Flashcontroller.srcs\sources_1\new\top_module.v:]
WARNING: [filemgmt 56-199] Attempt to get parsing info during refresh. "On-the-fly" syntax checking information may be incorrect. [C:\Users\SIVA DHANUSH REDDY\Downloads\SPI_Bootloader\Spi_Flashcontroller.srcs\sim_1\new\flash_tb.v:]
WARNING: [filemgmt 56-199] Attempt to get parsing info during refresh. "On-the-fly" syntax checking information may be incorrect. [C:\Users\SIVA DHANUSH REDDY\Downloads\SPI_Bootloader\Spi_Flashcontroller.srcs\sources_1\new\Spi_flashcontroller.v:]
WARNING: [filemgmt 56-199] Attempt to get parsing info during refresh. "On-the-fly" syntax checking information may be incorrect. [C:\Users\SIVA DHANUSH REDDY\Downloads\SPI_Bootloader\Spi_Flashcontroller.srcs\sim_1\new\flash_tb.v:]
WARNING: [filemgmt 56-199] Attempt to get parsing info during refresh. "On-the-fly" syntax checking information may be incorrect. [C:\Users\SIVA DHANUSH REDDY\Downloads\SPI_Bootloader\Spi_Flashcontroller.srcs\sim_1\new\flash_tb.v:]
WARNING: [filemgmt 56-199] Attempt to get parsing info during refresh. "On-the-fly" syntax checking information may be incorrect. [C:\Users\SIVA DHANUSH REDDY\Downloads\SPI_Bootloader\Spi_Flashcontroller.srcs\sources_1\new\pc_reader.v:]
WARNING: [filemgmt 56-199] Attempt to get parsing info during refresh. "On-the-fly" syntax checking information may be incorrect. [C:\Users\SIVA DHANUSH REDDY\Downloads\SPI_Bootloader\Spi_Flashcontroller.srcs\sources_1\new\top_module.v:]
WARNING: [filemgmt 56-199] Attempt to get parsing info during refresh. "On-the-fly" syntax checking information may be incorrect. [C:\Users\SIVA DHANUSH REDDY\Downloads\SPI_Bootloader\Spi_Flashcontroller.srcs\sim_1\new\flash_tb.v:]
WARNING: [filemgmt 56-199] Attempt to get parsing info during refresh. "On-the-fly" syntax checking information may be incorrect. [C:\Users\SIVA DHANUSH REDDY\Downloads\SPI_Bootloader\Spi_Flashcontroller.srcs\sources_1\new\Spi_flashcontroller.v:]
WARNING: [filemgmt 56-199] Attempt to get parsing info during refresh. "On-the-fly" syntax checking information may be incorrect. [C:\Users\SIVA DHANUSH REDDY\Downloads\SPI_Bootloader\Spi_Flashcontroller.srcs\sources_1\new\pc_reader.v:]
WARNING: [filemgmt 56-199] Attempt to get parsing info during refresh. "On-the-fly" syntax checking information may be incorrect. [C:\Users\SIVA DHANUSH REDDY\Downloads\SPI_Bootloader\Spi_Flashcontroller.srcs\sources_1\new\pc_reader.v:]
ERROR: [Common 17-180] Spawn failed: No error
WARNING: [filemgmt 56-199] Attempt to get parsing info during refresh. "On-the-fly" syntax checking information may be incorrect. [C:\Users\SIVA DHANUSH REDDY\Downloads\SPI_Bootloader\Spi_Flashcontroller.srcs\sources_1\new\pc_reader.v:]
WARNING: [filemgmt 56-199] Attempt to get parsing info during refresh. "On-the-fly" syntax checking information may be incorrect. [C:\Users\SIVA DHANUSH REDDY\Downloads\SPI_Bootloader\Spi_Flashcontroller.srcs\sources_1\new\top_module.v:]
WARNING: [filemgmt 56-199] Attempt to get parsing info during refresh. "On-the-fly" syntax checking information may be incorrect. [C:\Users\SIVA DHANUSH REDDY\Downloads\SPI_Bootloader\Spi_Flashcontroller.srcs\sim_1\new\flash_tb.v:]
WARNING: [filemgmt 56-199] Attempt to get parsing info during refresh. "On-the-fly" syntax checking information may be incorrect. [C:\Users\SIVA DHANUSH REDDY\Downloads\SPI_Bootloader\Spi_Flashcontroller.srcs\sources_1\new\Spi_flashcontroller.v:]
WARNING: [filemgmt 56-199] Attempt to get parsing info during refresh. "On-the-fly" syntax checking information may be incorrect. [C:\Users\SIVA DHANUSH REDDY\Downloads\SPI_Bootloader\Spi_Flashcontroller.srcs\sources_1\new\Spi_flashcontroller.v:]
WARNING: [filemgmt 56-199] Attempt to get parsing info during refresh. "On-the-fly" syntax checking information may be incorrect. [C:\Users\SIVA DHANUSH REDDY\Downloads\SPI_Bootloader\Spi_Flashcontroller.srcs\sources_1\new\Spi_flashcontroller.v:]
ERROR: [Common 17-180] Spawn failed: No error
relaunch_sim
Command: launch_simulation -step compile -simset sim_1 -mode behavioral
INFO: [Vivado 12-12493] Simulation top is 'tb_flash'
WARNING: [Vivado 12-13340] Unable to auto find GCC executables from simulator install path! (path not set)
INFO: [Vivado 12-5698] Checking validity of IPs in the design for the 'XSim' simulator...
INFO: [Vivado 12-5682] Launching behavioral simulation in 'C:/Users/SIVA DHANUSH REDDY/Downloads/SPI_Bootloader/Spi_Flashcontroller.sim/sim_1/behav/xsim'
INFO: [Vivado 12-4795] Using compiled simulation libraries for IPs
INFO: [SIM-utils-51] Simulation object is 'sim_1'
INFO: [USF-XSim-2] XSim::Compile design
INFO: [USF-XSim-61] Executing 'COMPILE and ANALYZE' step in 'C:/Users/SIVA DHANUSH REDDY/Downloads/SPI_Bootloader/Spi_Flashcontroller.sim/sim_1/behav/xsim'
"xvlog --incr --relax -L uvm -prj tb_flash_vlog.prj"
INFO: [VRFC 10-2263] Analyzing Verilog file "C:/Users/SIVA DHANUSH REDDY/Downloads/SPI_Bootloader/Spi_Flashcontroller.gen/sources_1/ip/blk_mem_gen_0/sim/blk_mem_gen_0.v" into library xil_defaultlib
INFO: [VRFC 10-311] analyzing module blk_mem_gen_0
INFO: [VRFC 10-2263] Analyzing Verilog file "C:/Users/SIVA DHANUSH REDDY/Downloads/SPI_Bootloader/Spi_Flashcontroller.srcs/sources_1/new/SPI_Test.v" into library xil_defaultlib
INFO: [VRFC 10-311] analyzing module SPI_Driver
INFO: [VRFC 10-2263] Analyzing Verilog file "C:/Users/SIVA DHANUSH REDDY/Downloads/SPI_Bootloader/Spi_Flashcontroller.srcs/sources_1/new/Spi_flashcontroller.v" into library xil_defaultlib
INFO: [VRFC 10-311] analyzing module Spi_flash_controller
INFO: [VRFC 10-2263] Analyzing Verilog file "C:/Users/SIVA DHANUSH REDDY/Downloads/SPI_Bootloader/Spi_Flashcontroller.srcs/sources_1/new/Bulkerase.v" into library xil_defaultlib
INFO: [VRFC 10-311] analyzing module BULK_ERASE
INFO: [VRFC 10-2263] Analyzing Verilog file "C:/Users/SIVA DHANUSH REDDY/Downloads/SPI_Bootloader/Spi_Flashcontroller.srcs/sources_1/new/LED_DRIVER.v" into library xil_defaultlib
INFO: [VRFC 10-311] analyzing module led_driver
INFO: [VRFC 10-2263] Analyzing Verilog file "C:/Users/SIVA DHANUSH REDDY/Downloads/SPI_Bootloader/Spi_Flashcontroller.srcs/sources_1/new/pc_reader.v" into library xil_defaultlib
INFO: [VRFC 10-311] analyzing module pc_reader
INFO: [VRFC 10-2263] Analyzing Verilog file "C:/Users/SIVA DHANUSH REDDY/Downloads/SPI_Bootloader/Spi_Flashcontroller.srcs/sources_1/new/top_module.v" into library xil_defaultlib
INFO: [VRFC 10-311] analyzing module top_flash
INFO: [VRFC 10-2263] Analyzing Verilog file "C:/Users/SIVA DHANUSH REDDY/Downloads/Spi_Flashcontroller/Spi_Flashcontroller.srcs/sim_1/new/Tb_pi.v" into library xil_defaultlib
INFO: [VRFC 10-311] analyzing module tb_SPI_Driver
INFO: [VRFC 10-2263] Analyzing Verilog file "C:/Users/SIVA DHANUSH REDDY/Downloads/SPI_Bootloader/Spi_Flashcontroller.srcs/sim_1/new/flash_tb.v" into library xil_defaultlib
INFO: [VRFC 10-311] analyzing module tb_flash
INFO: [VRFC 10-2263] Analyzing Verilog file "C:/Users/SIVA DHANUSH REDDY/Downloads/SPI_Bootloader/Spi_Flashcontroller.srcs/sim_1/new/tb_practice.v" into library xil_defaultlib
INFO: [USF-XSim-69] 'compile' step finished in '3' seconds
Command: launch_simulation -step elaborate -simset sim_1 -mode behavioral
INFO: [Vivado 12-12493] Simulation top is 'tb_flash'
WARNING: [Vivado 12-13340] Unable to auto find GCC executables from simulator install path! (path not set)
INFO: [Vivado 12-5698] Checking validity of IPs in the design for the 'XSim' simulator...
INFO: [Vivado 12-5682] Launching behavioral simulation in 'C:/Users/SIVA DHANUSH REDDY/Downloads/SPI_Bootloader/Spi_Flashcontroller.sim/sim_1/behav/xsim'
INFO: [Vivado 12-4795] Using compiled simulation libraries for IPs
INFO: [SIM-utils-51] Simulation object is 'sim_1'
INFO: [USF-XSim-3] XSim::Elaborate design
INFO: [USF-XSim-61] Executing 'ELABORATE' step in 'C:/Users/SIVA DHANUSH REDDY/Downloads/SPI_Bootloader/Spi_Flashcontroller.sim/sim_1/behav/xsim'
"xelab --incr --debug typical --relax --mt 2 -L xil_defaultlib -L blk_mem_gen_v8_4_9 -L uvm -L unisims_ver -L unimacro_ver -L secureip -L xpm --snapshot tb_flash_behav xil_defaultlib.tb_flash xil_defaultlib.glbl -log elaborate.log"
Vivado Simulator v2024.2.0
Copyright 1986-2022 Xilinx, Inc. All Rights Reserved.
Copyright 2022-2024 Advanced Micro Devices, Inc. All Rights Reserved.
Running: C:/Xilinx/Vivado/2024.2/bin/unwrapped/win64.o/xelab.exe --incr --debug typical --relax --mt 2 -L xil_defaultlib -L blk_mem_gen_v8_4_9 -L uvm -L unisims_ver -L unimacro_ver -L secureip -L xpm --snapshot tb_flash_behav xil_defaultlib.tb_flash xil_defaultlib.glbl -log elaborate.log 
Using 2 slave threads.
Starting static elaboration
Pass Through NonSizing Optimizer
Completed static elaboration
Starting simulation data flow analysis
Completed simulation data flow analysis
Time Resolution for simulation is 1ps
Compiling module xil_defaultlib.Spi_flash_controller
Compiling module xil_defaultlib.tb_flash
Compiling module xil_defaultlib.glbl
Built simulation snapshot tb_flash_behav
INFO: [USF-XSim-69] 'elaborate' step finished in '3' seconds
Time resolution is 1 ps
relaunch_sim: Time (s): cpu = 00:00:02 ; elapsed = 00:00:08 . Memory (MB): peak = 3710.613 ; gain = 0.000
run 1000 us
[1365000] READ WORD = 4ca900e0
[1985000] READ WORD = 26208002
[2605000] READ WORD = 01118000
[3225000] READ WORD = 29901e1e
[3845000] READ WORD = 07c84000
[4465000] READ WORD = 07ffffff
[5085000] READ WORD = fXxxxxxx
[5705000] READ WORD = xxxxxxxx
[6325000] READ WORD = xxxxxxxx
[6945000] READ WORD = xxxxxxxx
[7565000] READ WORD = xxxxxxxx
[8185000] READ WORD = xxxxxxxx
[8805000] READ WORD = xxxxxxxx
[9425000] READ WORD = xxxxxxxx
[10045000] READ WORD = xxxxxxxx
[10665000] READ WORD = xxxxxxxx
[11285000] READ WORD = xxxxxxxx
[11905000] READ WORD = xxxxxxxx
[12525000] READ WORD = xxxxxxxx
[13145000] READ WORD = xxxxxxxx
[13765000] READ WORD = xxxxxxxx
[14385000] READ WORD = xxxxxxxx
[15005000] READ WORD = xxxxxxxx
[15625000] READ WORD = xxxxxxxx
[16245000] READ WORD = xxxxxxxx
[16865000] READ WORD = xxxxxxxx
[17485000] READ WORD = xxxxxxxx
[18105000] READ WORD = xxxxxxxx
[18725000] READ WORD = xxxxxxxx
[19345000] READ WORD = xxxxxxxx
[19965000] READ WORD = xxxxxxxx
[20585000] READ WORD = xxxxxxxx
[21205000] READ WORD = xxxxxxxx
[21825000] READ WORD = xxxxxxxx
[22445000] READ WORD = xxxxxxxx
[23065000] READ WORD = xxxxxxxx
[23685000] READ WORD = xxxxxxxx
[24305000] READ WORD = xxxxxxxx
[24925000] READ WORD = xxxxxxxx
[25545000] READ WORD = xxxxxxxx
[26165000] READ WORD = xxxxxxxx
[26785000] READ WORD = xxxxxxxx
[27405000] READ WORD = xxxxxxxx
[28025000] READ WORD = xxxxxxxx
[28645000] READ WORD = xxxxxxxx
[29265000] READ WORD = xxxxxxxx
[29885000] READ WORD = xxxxxxxx
[30505000] READ WORD = xxxxxxxx
[31125000] READ WORD = xxxxxxxx
[31745000] READ WORD = xxxxxxxx
[32365000] READ WORD = xxxxxxxx
[32985000] READ WORD = xxxxxxxx
[33605000] READ WORD = xxxxxxxx
[34225000] READ WORD = xxxxxxxx
[34845000] READ WORD = xxxxxxxx
[35465000] READ WORD = xxxxxxxx
[36085000] READ WORD = xxxxxxxx
[36705000] READ WORD = xxxxxxxx
[37325000] READ WORD = xxxxxxxx
[37945000] READ WORD = xxxxxxxx
[38565000] READ WORD = xxxxxxxx
[39185000] READ WORD = xxxxxxxx
[39805000] READ WORD = xxxxxxxx
[40425000] READ WORD = xxxxxxxx
[41045000] READ WORD = xxxxxxxx
[41665000] READ WORD = xxxxxxxx
[42285000] READ WORD = xxxxxxxx
[42905000] READ WORD = xxxxxxxx
[43525000] READ WORD = xxxxxxxx
[44145000] READ WORD = xxxxxxxx
[44765000] READ WORD = xxxxxxxx
[45385000] READ WORD = xxxxxxxx
[46005000] READ WORD = xxxxxxxx
[46625000] READ WORD = xxxxxxxx
[47245000] READ WORD = xxxxxxxx
[47865000] READ WORD = xxxxxxxx
[48485000] READ WORD = xxxxxxxx
[49105000] READ WORD = xxxxxxxx
[49725000] READ WORD = xxxxxxxx
[50345000] READ WORD = xxxxxxxx
[50965000] READ WORD = xxxxxxxx
[51585000] READ WORD = xxxxxxxx
[52205000] READ WORD = xxxxxxxx
[52825000] READ WORD = xxxxxxxx
[53445000] READ WORD = xxxxxxxx
[54065000] READ WORD = xxxxxxxx
[54685000] READ WORD = xxxxxxxx
[55305000] READ WORD = xxxxxxxx
[55925000] READ WORD = xxxxxxxx
[56545000] READ WORD = xxxxxxxx
[57165000] READ WORD = xxxxxxxx
[57785000] READ WORD = xxxxxxxx
[58405000] READ WORD = xxxxxxxx
[59025000] READ WORD = xxxxxxxx
[59645000] READ WORD = xxxxxxxx
[60265000] READ WORD = xxxxxxxx
[60885000] READ WORD = xxxxxxxx
[61505000] READ WORD = xxxxxxxx
[62125000] READ WORD = xxxxxxxx
[62745000] READ WORD = xxxxxxxx
[63365000] READ WORD = xxxxxxxx
[63985000] READ WORD = xxxxxxxx
[64605000] READ WORD = xxxxxxxx
[65225000] READ WORD = xxxxxxxx
[65845000] READ WORD = xxxxxxxx
[66465000] READ WORD = xxxxxxxx
[67085000] READ WORD = xxxxxxxx
[67705000] READ WORD = xxxxxxxx
[68325000] READ WORD = xxxxxxxx
[68945000] READ WORD = xxxxxxxx
[69565000] READ WORD = xxxxxxxx
[70185000] READ WORD = xxxxxxxx
[70805000] READ WORD = xxxxxxxx
[71425000] READ WORD = xxxxxxxx
[72045000] READ WORD = xxxxxxxx
[72665000] READ WORD = xxxxxxxx
[73285000] READ WORD = xxxxxxxx
[73905000] READ WORD = xxxxxxxx
[74525000] READ WORD = xxxxxxxx
[75145000] READ WORD = xxxxxxxx
[75765000] READ WORD = xxxxxxxx
[76385000] READ WORD = xxxxxxxx
[77005000] READ WORD = xxxxxxxx
[77625000] READ WORD = xxxxxxxx
[78245000] READ WORD = xxxxxxxx
[78865000] READ WORD = xxxxxxxx
[79485000] READ WORD = xxxxxxxx
[80105000] READ WORD = xxxxxxxx
[80725000] READ WORD = xxxxxxxx
[81345000] READ WORD = xxxxxxxx
[81965000] READ WORD = xxxxxxxx
[82585000] READ WORD = xxxxxxxx
[83205000] READ WORD = xxxxxxxx
[83825000] READ WORD = xxxxxxxx
[84445000] READ WORD = xxxxxxxx
[85065000] READ WORD = xxxxxxxx
[85685000] READ WORD = xxxxxxxx
[86305000] READ WORD = xxxxxxxx
[86925000] READ WORD = xxxxxxxx
[87545000] READ WORD = xxxxxxxx
[88165000] READ WORD = xxxxxxxx
[88785000] READ WORD = xxxxxxxx
[89405000] READ WORD = xxxxxxxx
[90025000] READ WORD = xxxxxxxx
[90645000] READ WORD = xxxxxxxx
[91265000] READ WORD = xxxxxxxx
[91885000] READ WORD = xxxxxxxx
[92505000] READ WORD = xxxxxxxx
[93125000] READ WORD = xxxxxxxx
[93745000] READ WORD = xxxxxxxx
[94365000] READ WORD = xxxxxxxx
[94985000] READ WORD = xxxxxxxx
[95605000] READ WORD = xxxxxxxx
[96225000] READ WORD = xxxxxxxx
[96845000] READ WORD = xxxxxxxx
[97465000] READ WORD = xxxxxxxx
[98085000] READ WORD = xxxxxxxx
[98705000] READ WORD = xxxxxxxx
[99325000] READ WORD = xxxxxxxx
[99945000] READ WORD = xxxxxxxx
[100565000] READ WORD = xxxxxxxx
[101185000] READ WORD = xxxxxxxx
[101805000] READ WORD = xxxxxxxx
[102425000] READ WORD = xxxxxxxx
[103045000] READ WORD = xxxxxxxx
[103665000] READ WORD = xxxxxxxx
[104285000] READ WORD = xxxxxxxx
[104905000] READ WORD = xxxxxxxx
[105525000] READ WORD = xxxxxxxx
[106145000] READ WORD = xxxxxxxx
[106765000] READ WORD = xxxxxxxx
[107385000] READ WORD = xxxxxxxx
[108005000] READ WORD = xxxxxxxx
[108625000] READ WORD = xxxxxxxx
[109245000] READ WORD = xxxxxxxx
[109865000] READ WORD = xxxxxxxx
[110485000] READ WORD = xxxxxxxx
[111105000] READ WORD = xxxxxxxx
[111725000] READ WORD = xxxxxxxx
[112345000] READ WORD = xxxxxxxx
[112965000] READ WORD = xxxxxxxx
[113585000] READ WORD = xxxxxxxx
[114205000] READ WORD = xxxxxxxx
[114825000] READ WORD = xxxxxxxx
[115445000] READ WORD = xxxxxxxx
[116065000] READ WORD = xxxxxxxx
[116685000] READ WORD = xxxxxxxx
[117305000] READ WORD = xxxxxxxx
[117925000] READ WORD = xxxxxxxx
[118545000] READ WORD = xxxxxxxx
[119165000] READ WORD = xxxxxxxx
[119785000] READ WORD = xxxxxxxx
[120405000] READ WORD = xxxxxxxx
[121025000] READ WORD = xxxxxxxx
[121645000] READ WORD = xxxxxxxx
[122265000] READ WORD = xxxxxxxx
[122885000] READ WORD = xxxxxxxx
[123505000] READ WORD = xxxxxxxx
[124125000] READ WORD = xxxxxxxx
[124745000] READ WORD = xxxxxxxx
[125365000] READ WORD = xxxxxxxx
[125985000] READ WORD = xxxxxxxx
[126605000] READ WORD = xxxxxxxx
[127225000] READ WORD = xxxxxxxx
[127845000] READ WORD = xxxxxxxx
[128465000] READ WORD = xxxxxxxx
[129085000] READ WORD = xxxxxxxx
[129705000] READ WORD = xxxxxxxx
[130325000] READ WORD = xxxxxxxx
[130945000] READ WORD = xxxxxxxx
[131565000] READ WORD = xxxxxxxx
[132185000] READ WORD = xxxxxxxx
[132805000] READ WORD = xxxxxxxx
[133425000] READ WORD = xxxxxxxx
[134045000] READ WORD = xxxxxxxx
[134665000] READ WORD = xxxxxxxx
[135285000] READ WORD = xxxxxxxx
[135905000] READ WORD = xxxxxxxx
[136525000] READ WORD = xxxxxxxx
[137145000] READ WORD = xxxxxxxx
[137765000] READ WORD = xxxxxxxx
[138385000] READ WORD = xxxxxxxx
[139005000] READ WORD = xxxxxxxx
[139625000] READ WORD = xxxxxxxx
[140245000] READ WORD = xxxxxxxx
[140865000] READ WORD = xxxxxxxx
[141485000] READ WORD = xxxxxxxx
[142105000] READ WORD = xxxxxxxx
[142725000] READ WORD = xxxxxxxx
[143345000] READ WORD = xxxxxxxx
[143965000] READ WORD = xxxxxxxx
[144585000] READ WORD = xxxxxxxx
[145205000] READ WORD = xxxxxxxx
[145825000] READ WORD = xxxxxxxx
[146445000] READ WORD = xxxxxxxx
[147065000] READ WORD = xxxxxxxx
[147685000] READ WORD = xxxxxxxx
[148305000] READ WORD = xxxxxxxx
[148925000] READ WORD = xxxxxxxx
[149545000] READ WORD = xxxxxxxx
[150165000] READ WORD = xxxxxxxx
[150785000] READ WORD = xxxxxxxx
[151405000] READ WORD = xxxxxxxx
[152025000] READ WORD = xxxxxxxx
[152645000] READ WORD = xxxxxxxx
[153265000] READ WORD = xxxxxxxx
[153885000] READ WORD = xxxxxxxx
[154505000] READ WORD = xxxxxxxx
[155125000] READ WORD = xxxxxxxx
[155745000] READ WORD = xxxxxxxx
[156365000] READ WORD = xxxxxxxx
[156985000] READ WORD = xxxxxxxx
[157605000] READ WORD = xxxxxxxx
[158225000] READ WORD = xxxxxxxx
[158845000] READ WORD = xxxxxxxx
[159465000] READ WORD = xxxxxxxx
[160085000] READ WORD = xxxxxxxx
[160705000] READ WORD = xxxxxxxx
[161325000] READ WORD = xxxxxxxx
[161945000] READ WORD = xxxxxxxx
[162565000] READ WORD = xxxxxxxx
[163185000] READ WORD = xxxxxxxx
[163805000] READ WORD = xxxxxxxx
[164425000] READ WORD = xxxxxxxx
[165045000] READ WORD = xxxxxxxx
[165665000] READ WORD = xxxxxxxx
[166285000] READ WORD = xxxxxxxx
[166905000] READ WORD = xxxxxxxx
[167525000] READ WORD = xxxxxxxx
[168145000] READ WORD = xxxxxxxx
[168765000] READ WORD = xxxxxxxx
[169385000] READ WORD = xxxxxxxx
[170005000] READ WORD = xxxxxxxx
[170625000] READ WORD = xxxxxxxx
[171245000] READ WORD = xxxxxxxx
[171865000] READ WORD = xxxxxxxx
[172485000] READ WORD = xxxxxxxx
[173105000] READ WORD = xxxxxxxx
[173725000] READ WORD = xxxxxxxx
[174345000] READ WORD = xxxxxxxx
[174965000] READ WORD = xxxxxxxx
[175585000] READ WORD = xxxxxxxx
[176205000] READ WORD = xxxxxxxx
[176825000] READ WORD = xxxxxxxx
[177445000] READ WORD = xxxxxxxx
[178065000] READ WORD = xxxxxxxx
[178685000] READ WORD = xxxxxxxx
[179305000] READ WORD = xxxxxxxx
[179925000] READ WORD = xxxxxxxx
[180545000] READ WORD = xxxxxxxx
[181165000] READ WORD = xxxxxxxx
[181785000] READ WORD = xxxxxxxx
[182405000] READ WORD = xxxxxxxx
[183025000] READ WORD = xxxxxxxx
[183645000] READ WORD = xxxxxxxx
[184265000] READ WORD = xxxxxxxx
[184885000] READ WORD = xxxxxxxx
[185505000] READ WORD = xxxxxxxx
[186125000] READ WORD = xxxxxxxx
[186745000] READ WORD = xxxxxxxx
[187365000] READ WORD = xxxxxxxx
[187985000] READ WORD = xxxxxxxx
[188605000] READ WORD = xxxxxxxx
[189225000] READ WORD = xxxxxxxx
[189845000] READ WORD = xxxxxxxx
[190465000] READ WORD = xxxxxxxx
[191085000] READ WORD = xxxxxxxx
[191705000] READ WORD = xxxxxxxx
[192325000] READ WORD = xxxxxxxx
[192945000] READ WORD = xxxxxxxx
[193565000] READ WORD = xxxxxxxx
[194185000] READ WORD = xxxxxxxx
[194805000] READ WORD = xxxxxxxx
[195425000] READ WORD = xxxxxxxx
[196045000] READ WORD = xxxxxxxx
[196665000] READ WORD = xxxxxxxx
[197285000] READ WORD = xxxxxxxx
[197905000] READ WORD = xxxxxxxx
[198525000] READ WORD = xxxxxxxx
[199145000] READ WORD = xxxxxxxx
[199765000] READ WORD = xxxxxxxx
[200385000] READ WORD = xxxxxxxx
[201005000] READ WORD = xxxxxxxx
[201625000] READ WORD = xxxxxxxx
[202245000] READ WORD = xxxxxxxx
[202865000] READ WORD = xxxxxxxx
[203485000] READ WORD = xxxxxxxx
[204105000] READ WORD = xxxxxxxx
[204725000] READ WORD = xxxxxxxx
[205345000] READ WORD = xxxxxxxx
[205965000] READ WORD = xxxxxxxx
[206585000] READ WORD = xxxxxxxx
[207205000] READ WORD = xxxxxxxx
[207825000] READ WORD = xxxxxxxx
[208445000] READ WORD = xxxxxxxx
[209065000] READ WORD = xxxxxxxx
[209685000] READ WORD = xxxxxxxx
[210305000] READ WORD = xxxxxxxx
[210925000] READ WORD = xxxxxxxx
[211545000] READ WORD = xxxxxxxx
[212165000] READ WORD = xxxxxxxx
[212785000] READ WORD = xxxxxxxx
[213405000] READ WORD = xxxxxxxx
[214025000] READ WORD = xxxxxxxx
[214645000] READ WORD = xxxxxxxx
[215265000] READ WORD = xxxxxxxx
[215885000] READ WORD = xxxxxxxx
[216505000] READ WORD = xxxxxxxx
[217125000] READ WORD = xxxxxxxx
[217745000] READ WORD = xxxxxxxx
[218365000] READ WORD = xxxxxxxx
[218985000] READ WORD = xxxxxxxx
[219605000] READ WORD = xxxxxxxx
[220225000] READ WORD = xxxxxxxx
[220845000] READ WORD = xxxxxxxx
[221465000] READ WORD = xxxxxxxx
[222085000] READ WORD = xxxxxxxx
[222705000] READ WORD = xxxxxxxx
[223325000] READ WORD = xxxxxxxx
[223945000] READ WORD = xxxxxxxx
[224565000] READ WORD = xxxxxxxx
[225185000] READ WORD = xxxxxxxx
[225805000] READ WORD = xxxxxxxx
[226425000] READ WORD = xxxxxxxx
[227045000] READ WORD = xxxxxxxx
[227665000] READ WORD = xxxxxxxx
[228285000] READ WORD = xxxxxxxx
[228905000] READ WORD = xxxxxxxx
[229525000] READ WORD = xxxxxxxx
[230145000] READ WORD = xxxxxxxx
[230765000] READ WORD = xxxxxxxx
[231385000] READ WORD = xxxxxxxx
[232005000] READ WORD = xxxxxxxx
[232625000] READ WORD = xxxxxxxx
[233245000] READ WORD = xxxxxxxx
[233865000] READ WORD = xxxxxxxx
[234485000] READ WORD = xxxxxxxx
[235105000] READ WORD = xxxxxxxx
[235725000] READ WORD = xxxxxxxx
[236345000] READ WORD = xxxxxxxx
[236965000] READ WORD = xxxxxxxx
[237585000] READ WORD = xxxxxxxx
[238205000] READ WORD = xxxxxxxx
[238825000] READ WORD = xxxxxxxx
[239445000] READ WORD = xxxxxxxx
[240065000] READ WORD = xxxxxxxx
[240685000] READ WORD = xxxxxxxx
[241305000] READ WORD = xxxxxxxx
[241925000] READ WORD = xxxxxxxx
[242545000] READ WORD = xxxxxxxx
[243165000] READ WORD = xxxxxxxx
[243785000] READ WORD = xxxxxxxx
[244405000] READ WORD = xxxxxxxx
[245025000] READ WORD = xxxxxxxx
[245645000] READ WORD = xxxxxxxx
[246265000] READ WORD = xxxxxxxx
[246885000] READ WORD = xxxxxxxx
[247505000] READ WORD = xxxxxxxx
[248125000] READ WORD = xxxxxxxx
[248745000] READ WORD = xxxxxxxx
[249365000] READ WORD = xxxxxxxx
[249985000] READ WORD = xxxxxxxx
[250605000] READ WORD = xxxxxxxx
[251225000] READ WORD = xxxxxxxx
[251845000] READ WORD = xxxxxxxx
[252465000] READ WORD = xxxxxxxx
[253085000] READ WORD = xxxxxxxx
[253705000] READ WORD = xxxxxxxx
[254325000] READ WORD = xxxxxxxx
[254945000] READ WORD = xxxxxxxx
[255565000] READ WORD = xxxxxxxx
[256185000] READ WORD = xxxxxxxx
[256805000] READ WORD = xxxxxxxx
[257425000] READ WORD = xxxxxxxx
[258045000] READ WORD = xxxxxxxx
[258665000] READ WORD = xxxxxxxx
[259285000] READ WORD = xxxxxxxx
[259905000] READ WORD = xxxxxxxx
[260525000] READ WORD = xxxxxxxx
[261145000] READ WORD = xxxxxxxx
[261765000] READ WORD = xxxxxxxx
[262385000] READ WORD = xxxxxxxx
[263005000] READ WORD = xxxxxxxx
[263625000] READ WORD = xxxxxxxx
[264245000] READ WORD = xxxxxxxx
[264865000] READ WORD = xxxxxxxx
[265485000] READ WORD = xxxxxxxx
[266105000] READ WORD = xxxxxxxx
[266725000] READ WORD = xxxxxxxx
[267345000] READ WORD = xxxxxxxx
[267965000] READ WORD = xxxxxxxx
[268585000] READ WORD = xxxxxxxx
[269205000] READ WORD = xxxxxxxx
[269825000] READ WORD = xxxxxxxx
[270445000] READ WORD = xxxxxxxx
[271065000] READ WORD = xxxxxxxx
[271685000] READ WORD = xxxxxxxx
[272305000] READ WORD = xxxxxxxx
[272925000] READ WORD = xxxxxxxx
[273545000] READ WORD = xxxxxxxx
[274165000] READ WORD = xxxxxxxx
[274785000] READ WORD = xxxxxxxx
[275405000] READ WORD = xxxxxxxx
[276025000] READ WORD = xxxxxxxx
[276645000] READ WORD = xxxxxxxx
[277265000] READ WORD = xxxxxxxx
[277885000] READ WORD = xxxxxxxx
[278505000] READ WORD = xxxxxxxx
[279125000] READ WORD = xxxxxxxx
[279745000] READ WORD = xxxxxxxx
[280365000] READ WORD = xxxxxxxx
[280985000] READ WORD = xxxxxxxx
[281605000] READ WORD = xxxxxxxx
[282225000] READ WORD = xxxxxxxx
[282845000] READ WORD = xxxxxxxx
[283465000] READ WORD = xxxxxxxx
[284085000] READ WORD = xxxxxxxx
[284705000] READ WORD = xxxxxxxx
[285325000] READ WORD = xxxxxxxx
[285945000] READ WORD = xxxxxxxx
[286565000] READ WORD = xxxxxxxx
[287185000] READ WORD = xxxxxxxx
[287805000] READ WORD = xxxxxxxx
[288425000] READ WORD = xxxxxxxx
[289045000] READ WORD = xxxxxxxx
[289665000] READ WORD = xxxxxxxx
[290285000] READ WORD = xxxxxxxx
[290905000] READ WORD = xxxxxxxx
[291525000] READ WORD = xxxxxxxx
[292145000] READ WORD = xxxxxxxx
[292765000] READ WORD = xxxxxxxx
[293385000] READ WORD = xxxxxxxx
[294005000] READ WORD = xxxxxxxx
[294625000] READ WORD = xxxxxxxx
[295245000] READ WORD = xxxxxxxx
[295865000] READ WORD = xxxxxxxx
[296485000] READ WORD = xxxxxxxx
[297105000] READ WORD = xxxxxxxx
[297725000] READ WORD = xxxxxxxx
[298345000] READ WORD = xxxxxxxx
[298965000] READ WORD = xxxxxxxx
[299585000] READ WORD = xxxxxxxx
[300205000] READ WORD = xxxxxxxx
[300825000] READ WORD = xxxxxxxx
[301445000] READ WORD = xxxxxxxx
[302065000] READ WORD = xxxxxxxx
[302685000] READ WORD = xxxxxxxx
[303305000] READ WORD = xxxxxxxx
[303925000] READ WORD = xxxxxxxx
[304545000] READ WORD = xxxxxxxx
[305165000] READ WORD = xxxxxxxx
[305785000] READ WORD = xxxxxxxx
[306405000] READ WORD = xxxxxxxx
[307025000] READ WORD = xxxxxxxx
[307645000] READ WORD = xxxxxxxx
[308265000] READ WORD = xxxxxxxx
[308885000] READ WORD = xxxxxxxx
[309505000] READ WORD = xxxxxxxx
[310125000] READ WORD = xxxxxxxx
[310745000] READ WORD = xxxxxxxx
[311365000] READ WORD = xxxxxxxx
[311985000] READ WORD = xxxxxxxx
[312605000] READ WORD = xxxxxxxx
[313225000] READ WORD = xxxxxxxx
[313845000] READ WORD = xxxxxxxx
[314465000] READ WORD = xxxxxxxx
[315085000] READ WORD = xxxxxxxx
[315705000] READ WORD = xxxxxxxx
[316325000] READ WORD = xxxxxxxx
[316945000] READ WORD = xxxxxxxx
[317565000] READ WORD = xxxxxxxx
[318185000] READ WORD = xxxxxxxx
[318805000] READ WORD = xxxxxxxx
[319425000] READ WORD = xxxxxxxx
[320045000] READ WORD = xxxxxxxx
[320665000] READ WORD = xxxxxxxx
[321285000] READ WORD = xxxxxxxx
[321905000] READ WORD = xxxxxxxx
[322525000] READ WORD = xxxxxxxx
[323145000] READ WORD = xxxxxxxx
[323765000] READ WORD = xxxxxxxx
[324385000] READ WORD = xxxxxxxx
[325005000] READ WORD = xxxxxxxx
[325625000] READ WORD = xxxxxxxx
[326245000] READ WORD = xxxxxxxx
[326865000] READ WORD = xxxxxxxx
[327485000] READ WORD = xxxxxxxx
[328105000] READ WORD = xxxxxxxx
[328725000] READ WORD = xxxxxxxx
[329345000] READ WORD = xxxxxxxx
[329965000] READ WORD = xxxxxxxx
[330585000] READ WORD = xxxxxxxx
[331205000] READ WORD = xxxxxxxx
[331825000] READ WORD = xxxxxxxx
[332445000] READ WORD = xxxxxxxx
[333065000] READ WORD = xxxxxxxx
[333685000] READ WORD = xxxxxxxx
[334305000] READ WORD = xxxxxxxx
[334925000] READ WORD = xxxxxxxx
[335545000] READ WORD = xxxxxxxx
[336165000] READ WORD = xxxxxxxx
[336785000] READ WORD = xxxxxxxx
[337405000] READ WORD = xxxxxxxx
[338025000] READ WORD = xxxxxxxx
[338645000] READ WORD = xxxxxxxx
[339265000] READ WORD = xxxxxxxx
[339885000] READ WORD = xxxxxxxx
[340505000] READ WORD = xxxxxxxx
[341125000] READ WORD = xxxxxxxx
[341745000] READ WORD = xxxxxxxx
[342365000] READ WORD = xxxxxxxx
[342985000] READ WORD = xxxxxxxx
[343605000] READ WORD = xxxxxxxx
[344225000] READ WORD = xxxxxxxx
[344845000] READ WORD = xxxxxxxx
[345465000] READ WORD = xxxxxxxx
[346085000] READ WORD = xxxxxxxx
[346705000] READ WORD = xxxxxxxx
[347325000] READ WORD = xxxxxxxx
[347945000] READ WORD = xxxxxxxx
[348565000] READ WORD = xxxxxxxx
[349185000] READ WORD = xxxxxxxx
[349805000] READ WORD = xxxxxxxx
[350425000] READ WORD = xxxxxxxx
[351045000] READ WORD = xxxxxxxx
[351665000] READ WORD = xxxxxxxx
[352285000] READ WORD = xxxxxxxx
[352905000] READ WORD = xxxxxxxx
[353525000] READ WORD = xxxxxxxx
[354145000] READ WORD = xxxxxxxx
[354765000] READ WORD = xxxxxxxx
[355385000] READ WORD = xxxxxxxx
[356005000] READ WORD = xxxxxxxx
[356625000] READ WORD = xxxxxxxx
[357245000] READ WORD = xxxxxxxx
[357865000] READ WORD = xxxxxxxx
[358485000] READ WORD = xxxxxxxx
[359105000] READ WORD = xxxxxxxx
[359725000] READ WORD = xxxxxxxx
[360345000] READ WORD = xxxxxxxx
[360965000] READ WORD = xxxxxxxx
[361585000] READ WORD = xxxxxxxx
[362205000] READ WORD = xxxxxxxx
[362825000] READ WORD = xxxxxxxx
[363445000] READ WORD = xxxxxxxx
[364065000] READ WORD = xxxxxxxx
[364685000] READ WORD = xxxxxxxx
[365305000] READ WORD = xxxxxxxx
[365925000] READ WORD = xxxxxxxx
[366545000] READ WORD = xxxxxxxx
[367165000] READ WORD = xxxxxxxx
[367785000] READ WORD = xxxxxxxx
[368405000] READ WORD = xxxxxxxx
[369025000] READ WORD = xxxxxxxx
[369645000] READ WORD = xxxxxxxx
[370265000] READ WORD = xxxxxxxx
[370885000] READ WORD = xxxxxxxx
[371505000] READ WORD = xxxxxxxx
[372125000] READ WORD = xxxxxxxx
[372745000] READ WORD = xxxxxxxx
[373365000] READ WORD = xxxxxxxx
[373985000] READ WORD = xxxxxxxx
[374605000] READ WORD = xxxxxxxx
[375225000] READ WORD = xxxxxxxx
[375845000] READ WORD = xxxxxxxx
[376465000] READ WORD = xxxxxxxx
[377085000] READ WORD = xxxxxxxx
[377705000] READ WORD = xxxxxxxx
[378325000] READ WORD = xxxxxxxx
[378945000] READ WORD = xxxxxxxx
[379565000] READ WORD = xxxxxxxx
[380185000] READ WORD = xxxxxxxx
[380805000] READ WORD = xxxxxxxx
[381425000] READ WORD = xxxxxxxx
[382045000] READ WORD = xxxxxxxx
[382665000] READ WORD = xxxxxxxx
[383285000] READ WORD = xxxxxxxx
[383905000] READ WORD = xxxxxxxx
[384525000] READ WORD = xxxxxxxx
[385145000] READ WORD = xxxxxxxx
[385765000] READ WORD = xxxxxxxx
[386385000] READ WORD = xxxxxxxx
[387005000] READ WORD = xxxxxxxx
[387625000] READ WORD = xxxxxxxx
[388245000] READ WORD = xxxxxxxx
[388865000] READ WORD = xxxxxxxx
[389485000] READ WORD = xxxxxxxx
[390105000] READ WORD = xxxxxxxx
[390725000] READ WORD = xxxxxxxx
[391345000] READ WORD = xxxxxxxx
[391965000] READ WORD = xxxxxxxx
[392585000] READ WORD = xxxxxxxx
[393205000] READ WORD = xxxxxxxx
[393825000] READ WORD = xxxxxxxx
[394445000] READ WORD = xxxxxxxx
[395065000] READ WORD = xxxxxxxx
[395685000] READ WORD = xxxxxxxx
[396305000] READ WORD = xxxxxxxx
[396925000] READ WORD = xxxxxxxx
[397545000] READ WORD = xxxxxxxx
[398165000] READ WORD = xxxxxxxx
[398785000] READ WORD = xxxxxxxx
[399405000] READ WORD = xxxxxxxx
[400025000] READ WORD = xxxxxxxx
[400645000] READ WORD = xxxxxxxx
[401265000] READ WORD = xxxxxxxx
[401885000] READ WORD = xxxxxxxx
[402505000] READ WORD = xxxxxxxx
[403125000] READ WORD = xxxxxxxx
[403745000] READ WORD = xxxxxxxx
[404365000] READ WORD = xxxxxxxx
[404985000] READ WORD = xxxxxxxx
[405605000] READ WORD = xxxxxxxx
[406225000] READ WORD = xxxxxxxx
[406845000] READ WORD = xxxxxxxx
[407465000] READ WORD = xxxxxxxx
[408085000] READ WORD = xxxxxxxx
[408705000] READ WORD = xxxxxxxx
[409325000] READ WORD = xxxxxxxx
[409945000] READ WORD = xxxxxxxx
[410565000] READ WORD = xxxxxxxx
[411185000] READ WORD = xxxxxxxx
[411805000] READ WORD = xxxxxxxx
[412425000] READ WORD = xxxxxxxx
[413045000] READ WORD = xxxxxxxx
[413665000] READ WORD = xxxxxxxx
[414285000] READ WORD = xxxxxxxx
[414905000] READ WORD = xxxxxxxx
[415525000] READ WORD = xxxxxxxx
[416145000] READ WORD = xxxxxxxx
[416765000] READ WORD = xxxxxxxx
[417385000] READ WORD = xxxxxxxx
[418005000] READ WORD = xxxxxxxx
[418625000] READ WORD = xxxxxxxx
[419245000] READ WORD = xxxxxxxx
[419865000] READ WORD = xxxxxxxx
[420485000] READ WORD = xxxxxxxx
[421105000] READ WORD = xxxxxxxx
[421725000] READ WORD = xxxxxxxx
[422345000] READ WORD = xxxxxxxx
[422965000] READ WORD = xxxxxxxx
[423585000] READ WORD = xxxxxxxx
[424205000] READ WORD = xxxxxxxx
[424825000] READ WORD = xxxxxxxx
[425445000] READ WORD = xxxxxxxx
[426065000] READ WORD = xxxxxxxx
[426685000] READ WORD = xxxxxxxx
[427305000] READ WORD = xxxxxxxx
[427925000] READ WORD = xxxxxxxx
[428545000] READ WORD = xxxxxxxx
[429165000] READ WORD = xxxxxxxx
[429785000] READ WORD = xxxxxxxx
[430405000] READ WORD = xxxxxxxx
[431025000] READ WORD = xxxxxxxx
[431645000] READ WORD = xxxxxxxx
[432265000] READ WORD = xxxxxxxx
[432885000] READ WORD = xxxxxxxx
[433505000] READ WORD = xxxxxxxx
[434125000] READ WORD = xxxxxxxx
[434745000] READ WORD = xxxxxxxx
[435365000] READ WORD = xxxxxxxx
[435985000] READ WORD = xxxxxxxx
[436605000] READ WORD = xxxxxxxx
[437225000] READ WORD = xxxxxxxx
[437845000] READ WORD = xxxxxxxx
[438465000] READ WORD = xxxxxxxx
[439085000] READ WORD = xxxxxxxx
[439705000] READ WORD = xxxxxxxx
[440325000] READ WORD = xxxxxxxx
[440945000] READ WORD = xxxxxxxx
[441565000] READ WORD = xxxxxxxx
[442185000] READ WORD = xxxxxxxx
[442805000] READ WORD = xxxxxxxx
[443425000] READ WORD = xxxxxxxx
[444045000] READ WORD = xxxxxxxx
[444665000] READ WORD = xxxxxxxx
[445285000] READ WORD = xxxxxxxx
[445905000] READ WORD = xxxxxxxx
[446525000] READ WORD = xxxxxxxx
[447145000] READ WORD = xxxxxxxx
[447765000] READ WORD = xxxxxxxx
[448385000] READ WORD = xxxxxxxx
[449005000] READ WORD = xxxxxxxx
[449625000] READ WORD = xxxxxxxx
[450245000] READ WORD = xxxxxxxx
[450865000] READ WORD = xxxxxxxx
[451485000] READ WORD = xxxxxxxx
[452105000] READ WORD = xxxxxxxx
[452725000] READ WORD = xxxxxxxx
[453345000] READ WORD = xxxxxxxx
[453965000] READ WORD = xxxxxxxx
[454585000] READ WORD = xxxxxxxx
[455205000] READ WORD = xxxxxxxx
[455825000] READ WORD = xxxxxxxx
[456445000] READ WORD = xxxxxxxx
[457065000] READ WORD = xxxxxxxx
[457685000] READ WORD = xxxxxxxx
[458305000] READ WORD = xxxxxxxx
[458925000] READ WORD = xxxxxxxx
[459545000] READ WORD = xxxxxxxx
[460165000] READ WORD = xxxxxxxx
[460785000] READ WORD = xxxxxxxx
[461405000] READ WORD = xxxxxxxx
[462025000] READ WORD = xxxxxxxx
[462645000] READ WORD = xxxxxxxx
[463265000] READ WORD = xxxxxxxx
[463885000] READ WORD = xxxxxxxx
[464505000] READ WORD = xxxxxxxx
[465125000] READ WORD = xxxxxxxx
[465745000] READ WORD = xxxxxxxx
[466365000] READ WORD = xxxxxxxx
[466985000] READ WORD = xxxxxxxx
[467605000] READ WORD = xxxxxxxx
[468225000] READ WORD = xxxxxxxx
[468845000] READ WORD = xxxxxxxx
[469465000] READ WORD = xxxxxxxx
[470085000] READ WORD = xxxxxxxx
[470705000] READ WORD = xxxxxxxx
[471325000] READ WORD = xxxxxxxx
[471945000] READ WORD = xxxxxxxx
[472565000] READ WORD = xxxxxxxx
[473185000] READ WORD = xxxxxxxx
[473805000] READ WORD = xxxxxxxx
[474425000] READ WORD = xxxxxxxx
[475045000] READ WORD = xxxxxxxx
[475665000] READ WORD = xxxxxxxx
[476285000] READ WORD = xxxxxxxx
[476905000] READ WORD = xxxxxxxx
[477525000] READ WORD = xxxxxxxx
[478145000] READ WORD = xxxxxxxx
[478765000] READ WORD = xxxxxxxx
[479385000] READ WORD = xxxxxxxx
[480005000] READ WORD = xxxxxxxx
[480625000] READ WORD = xxxxxxxx
[481245000] READ WORD = xxxxxxxx
[481865000] READ WORD = xxxxxxxx
[482485000] READ WORD = xxxxxxxx
[483105000] READ WORD = xxxxxxxx
[483725000] READ WORD = xxxxxxxx
[484345000] READ WORD = xxxxxxxx
[484965000] READ WORD = xxxxxxxx
[485585000] READ WORD = xxxxxxxx
[486205000] READ WORD = xxxxxxxx
[486825000] READ WORD = xxxxxxxx
[487445000] READ WORD = xxxxxxxx
[488065000] READ WORD = xxxxxxxx
[488685000] READ WORD = xxxxxxxx
[489305000] READ WORD = xxxxxxxx
[489925000] READ WORD = xxxxxxxx
[490545000] READ WORD = xxxxxxxx
[491165000] READ WORD = xxxxxxxx
[491785000] READ WORD = xxxxxxxx
[492405000] READ WORD = xxxxxxxx
[493025000] READ WORD = xxxxxxxx
[493645000] READ WORD = xxxxxxxx
[494265000] READ WORD = xxxxxxxx
[494885000] READ WORD = xxxxxxxx
[495505000] READ WORD = xxxxxxxx
[496125000] READ WORD = xxxxxxxx
[496745000] READ WORD = xxxxxxxx
[497365000] READ WORD = xxxxxxxx
[497985000] READ WORD = xxxxxxxx
[498605000] READ WORD = xxxxxxxx
[499225000] READ WORD = xxxxxxxx
[499845000] READ WORD = xxxxxxxx
[500465000] READ WORD = xxxxxxxx
[501085000] READ WORD = xxxxxxxx
[501705000] READ WORD = xxxxxxxx
[502325000] READ WORD = xxxxxxxx
[502945000] READ WORD = xxxxxxxx
[503565000] READ WORD = xxxxxxxx
[504185000] READ WORD = xxxxxxxx
[504805000] READ WORD = xxxxxxxx
[505425000] READ WORD = xxxxxxxx
[506045000] READ WORD = xxxxxxxx
[506665000] READ WORD = xxxxxxxx
[507285000] READ WORD = xxxxxxxx
[507905000] READ WORD = xxxxxxxx
[508525000] READ WORD = xxxxxxxx
[509145000] READ WORD = xxxxxxxx
[509765000] READ WORD = xxxxxxxx
[510385000] READ WORD = xxxxxxxx
[511005000] READ WORD = xxxxxxxx
[511625000] READ WORD = xxxxxxxx
[512245000] READ WORD = xxxxxxxx
[512865000] READ WORD = xxxxxxxx
[513485000] READ WORD = xxxxxxxx
[514105000] READ WORD = xxxxxxxx
[514725000] READ WORD = xxxxxxxx
[515345000] READ WORD = xxxxxxxx
[515965000] READ WORD = xxxxxxxx
[516585000] READ WORD = xxxxxxxx
[517205000] READ WORD = xxxxxxxx
[517825000] READ WORD = xxxxxxxx
[518445000] READ WORD = xxxxxxxx
[519065000] READ WORD = xxxxxxxx
[519685000] READ WORD = xxxxxxxx
[520305000] READ WORD = xxxxxxxx
[520925000] READ WORD = xxxxxxxx
[521545000] READ WORD = xxxxxxxx
[522165000] READ WORD = xxxxxxxx
[522785000] READ WORD = xxxxxxxx
[523405000] READ WORD = xxxxxxxx
[524025000] READ WORD = xxxxxxxx
[524645000] READ WORD = xxxxxxxx
[525265000] READ WORD = xxxxxxxx
[525885000] READ WORD = xxxxxxxx
[526505000] READ WORD = xxxxxxxx
[527125000] READ WORD = xxxxxxxx
[527745000] READ WORD = xxxxxxxx
[528365000] READ WORD = xxxxxxxx
[528985000] READ WORD = xxxxxxxx
[529605000] READ WORD = xxxxxxxx
[530225000] READ WORD = xxxxxxxx
[530845000] READ WORD = xxxxxxxx
[531465000] READ WORD = xxxxxxxx
[532085000] READ WORD = xxxxxxxx
[532705000] READ WORD = xxxxxxxx
[533325000] READ WORD = xxxxxxxx
[533945000] READ WORD = xxxxxxxx
[534565000] READ WORD = xxxxxxxx
[535185000] READ WORD = xxxxxxxx
[535805000] READ WORD = xxxxxxxx
[536425000] READ WORD = xxxxxxxx
[537045000] READ WORD = xxxxxxxx
[537665000] READ WORD = xxxxxxxx
[538285000] READ WORD = xxxxxxxx
[538905000] READ WORD = xxxxxxxx
[539525000] READ WORD = xxxxxxxx
[540145000] READ WORD = xxxxxxxx
[540765000] READ WORD = xxxxxxxx
[541385000] READ WORD = xxxxxxxx
[542005000] READ WORD = xxxxxxxx
[542625000] READ WORD = xxxxxxxx
[543245000] READ WORD = xxxxxxxx
[543865000] READ WORD = xxxxxxxx
[544485000] READ WORD = xxxxxxxx
[545105000] READ WORD = xxxxxxxx
[545725000] READ WORD = xxxxxxxx
[546345000] READ WORD = xxxxxxxx
[546965000] READ WORD = xxxxxxxx
[547585000] READ WORD = xxxxxxxx
[548205000] READ WORD = xxxxxxxx
[548825000] READ WORD = xxxxxxxx
[549445000] READ WORD = xxxxxxxx
[550065000] READ WORD = xxxxxxxx
[550685000] READ WORD = xxxxxxxx
[551305000] READ WORD = xxxxxxxx
[551925000] READ WORD = xxxxxxxx
[552545000] READ WORD = xxxxxxxx
[553165000] READ WORD = xxxxxxxx
[553785000] READ WORD = xxxxxxxx
[554405000] READ WORD = xxxxxxxx
[555025000] READ WORD = xxxxxxxx
[555645000] READ WORD = xxxxxxxx
[556265000] READ WORD = xxxxxxxx
[556885000] READ WORD = xxxxxxxx
[557505000] READ WORD = xxxxxxxx
[558125000] READ WORD = xxxxxxxx
[558745000] READ WORD = xxxxxxxx
[559365000] READ WORD = xxxxxxxx
[559985000] READ WORD = xxxxxxxx
[560605000] READ WORD = xxxxxxxx
[561225000] READ WORD = xxxxxxxx
[561845000] READ WORD = xxxxxxxx
[562465000] READ WORD = xxxxxxxx
[563085000] READ WORD = xxxxxxxx
[563705000] READ WORD = xxxxxxxx
[564325000] READ WORD = xxxxxxxx
[564945000] READ WORD = xxxxxxxx
[565565000] READ WORD = xxxxxxxx
[566185000] READ WORD = xxxxxxxx
[566805000] READ WORD = xxxxxxxx
[567425000] READ WORD = xxxxxxxx
[568045000] READ WORD = xxxxxxxx
[568665000] READ WORD = xxxxxxxx
[569285000] READ WORD = xxxxxxxx
[569905000] READ WORD = xxxxxxxx
[570525000] READ WORD = xxxxxxxx
[571145000] READ WORD = xxxxxxxx
[571765000] READ WORD = xxxxxxxx
[572385000] READ WORD = xxxxxxxx
[573005000] READ WORD = xxxxxxxx
[573625000] READ WORD = xxxxxxxx
[574245000] READ WORD = xxxxxxxx
[574865000] READ WORD = xxxxxxxx
[575485000] READ WORD = xxxxxxxx
[576105000] READ WORD = xxxxxxxx
[576725000] READ WORD = xxxxxxxx
[577345000] READ WORD = xxxxxxxx
[577965000] READ WORD = xxxxxxxx
[578585000] READ WORD = xxxxxxxx
[579205000] READ WORD = xxxxxxxx
[579825000] READ WORD = xxxxxxxx
[580445000] READ WORD = xxxxxxxx
[581065000] READ WORD = xxxxxxxx
[581685000] READ WORD = xxxxxxxx
[582305000] READ WORD = xxxxxxxx
[582925000] READ WORD = xxxxxxxx
[583545000] READ WORD = xxxxxxxx
[584165000] READ WORD = xxxxxxxx
[584785000] READ WORD = xxxxxxxx
[585405000] READ WORD = xxxxxxxx
[586025000] READ WORD = xxxxxxxx
[586645000] READ WORD = xxxxxxxx
[587265000] READ WORD = xxxxxxxx
[587885000] READ WORD = xxxxxxxx
[588505000] READ WORD = xxxxxxxx
[589125000] READ WORD = xxxxxxxx
[589745000] READ WORD = xxxxxxxx
[590365000] READ WORD = xxxxxxxx
[590985000] READ WORD = xxxxxxxx
[591605000] READ WORD = xxxxxxxx
[592225000] READ WORD = xxxxxxxx
[592845000] READ WORD = xxxxxxxx
[593465000] READ WORD = xxxxxxxx
[594085000] READ WORD = xxxxxxxx
[594705000] READ WORD = xxxxxxxx
[595325000] READ WORD = xxxxxxxx
[595945000] READ WORD = xxxxxxxx
[596565000] READ WORD = xxxxxxxx
[597185000] READ WORD = xxxxxxxx
[597805000] READ WORD = xxxxxxxx
[598425000] READ WORD = xxxxxxxx
[599045000] READ WORD = xxxxxxxx
[599665000] READ WORD = xxxxxxxx
[600285000] READ WORD = xxxxxxxx
[600905000] READ WORD = xxxxxxxx
[601525000] READ WORD = xxxxxxxx
[602145000] READ WORD = xxxxxxxx
[602765000] READ WORD = xxxxxxxx
[603385000] READ WORD = xxxxxxxx
[604005000] READ WORD = xxxxxxxx
[604625000] READ WORD = xxxxxxxx
[605245000] READ WORD = xxxxxxxx
[605865000] READ WORD = xxxxxxxx
[606485000] READ WORD = xxxxxxxx
[607105000] READ WORD = xxxxxxxx
[607725000] READ WORD = xxxxxxxx
[608345000] READ WORD = xxxxxxxx
[608965000] READ WORD = xxxxxxxx
[609585000] READ WORD = xxxxxxxx
[610205000] READ WORD = xxxxxxxx
[610825000] READ WORD = xxxxxxxx
[611445000] READ WORD = xxxxxxxx
[612065000] READ WORD = xxxxxxxx
[612685000] READ WORD = xxxxxxxx
[613305000] READ WORD = xxxxxxxx
[613925000] READ WORD = xxxxxxxx
[614545000] READ WORD = xxxxxxxx
[615165000] READ WORD = xxxxxxxx
[615785000] READ WORD = xxxxxxxx
[616405000] READ WORD = xxxxxxxx
[617025000] READ WORD = xxxxxxxx
[617645000] READ WORD = xxxxxxxx
[618265000] READ WORD = xxxxxxxx
[618885000] READ WORD = xxxxxxxx
[619505000] READ WORD = xxxxxxxx
[620125000] READ WORD = xxxxxxxx
[620745000] READ WORD = xxxxxxxx
[621365000] READ WORD = xxxxxxxx
[621985000] READ WORD = xxxxxxxx
[622605000] READ WORD = xxxxxxxx
[623225000] READ WORD = xxxxxxxx
[623845000] READ WORD = xxxxxxxx
[624465000] READ WORD = xxxxxxxx
[625085000] READ WORD = xxxxxxxx
[625705000] READ WORD = xxxxxxxx
[626325000] READ WORD = xxxxxxxx
[626945000] READ WORD = xxxxxxxx
[627565000] READ WORD = xxxxxxxx
[628185000] READ WORD = xxxxxxxx
[628805000] READ WORD = xxxxxxxx
[629425000] READ WORD = xxxxxxxx
[630045000] READ WORD = xxxxxxxx
[630665000] READ WORD = xxxxxxxx
[631285000] READ WORD = xxxxxxxx
[631905000] READ WORD = xxxxxxxx
[632525000] READ WORD = xxxxxxxx
[633145000] READ WORD = xxxxxxxx
[633765000] READ WORD = xxxxxxxx
[634385000] READ WORD = xxxxxxxx
[635005000] READ WORD = xxxxxxxx
[635625000] READ WORD = xxxxxxxx
[636245000] READ WORD = xxxxxxxx
[636865000] READ WORD = xxxxxxxx
[637485000] READ WORD = xxxxxxxx
[638105000] READ WORD = xxxxxxxx
[638725000] READ WORD = xxxxxxxx
[639345000] READ WORD = xxxxxxxx
[639965000] READ WORD = xxxxxxxx
[640585000] READ WORD = xxxxxxxx
[641205000] READ WORD = xxxxxxxx
[641825000] READ WORD = xxxxxxxx
[642445000] READ WORD = xxxxxxxx
[643065000] READ WORD = xxxxxxxx
[643685000] READ WORD = xxxxxxxx
[644305000] READ WORD = xxxxxxxx
[644925000] READ WORD = xxxxxxxx
[645545000] READ WORD = xxxxxxxx
[646165000] READ WORD = xxxxxxxx
[646785000] READ WORD = xxxxxxxx
[647405000] READ WORD = xxxxxxxx
[648025000] READ WORD = xxxxxxxx
[648645000] READ WORD = xxxxxxxx
[649265000] READ WORD = xxxxxxxx
[649885000] READ WORD = xxxxxxxx
[650505000] READ WORD = xxxxxxxx
[651125000] READ WORD = xxxxxxxx
[651745000] READ WORD = xxxxxxxx
[652365000] READ WORD = xxxxxxxx
[652985000] READ WORD = xxxxxxxx
[653605000] READ WORD = xxxxxxxx
[654225000] READ WORD = xxxxxxxx
[654845000] READ WORD = xxxxxxxx
[655465000] READ WORD = xxxxxxxx
[656085000] READ WORD = xxxxxxxx
[656705000] READ WORD = xxxxxxxx
[657325000] READ WORD = xxxxxxxx
[657945000] READ WORD = xxxxxxxx
[658565000] READ WORD = xxxxxxxx
[659185000] READ WORD = xxxxxxxx
[659805000] READ WORD = xxxxxxxx
[660425000] READ WORD = xxxxxxxx
[661045000] READ WORD = xxxxxxxx
[661665000] READ WORD = xxxxxxxx
[662285000] READ WORD = xxxxxxxx
[662905000] READ WORD = xxxxxxxx
[663525000] READ WORD = xxxxxxxx
[664145000] READ WORD = xxxxxxxx
[664765000] READ WORD = xxxxxxxx
[665385000] READ WORD = xxxxxxxx
[666005000] READ WORD = xxxxxxxx
[666625000] READ WORD = xxxxxxxx
[667245000] READ WORD = xxxxxxxx
[667865000] READ WORD = xxxxxxxx
[668485000] READ WORD = xxxxxxxx
[669105000] READ WORD = xxxxxxxx
[669725000] READ WORD = xxxxxxxx
[670345000] READ WORD = xxxxxxxx
[670965000] READ WORD = xxxxxxxx
[671585000] READ WORD = xxxxxxxx
[672205000] READ WORD = xxxxxxxx
[672825000] READ WORD = xxxxxxxx
[673445000] READ WORD = xxxxxxxx
[674065000] READ WORD = xxxxxxxx
[674685000] READ WORD = xxxxxxxx
[675305000] READ WORD = xxxxxxxx
[675925000] READ WORD = xxxxxxxx
[676545000] READ WORD = xxxxxxxx
[677165000] READ WORD = xxxxxxxx
[677785000] READ WORD = xxxxxxxx
[678405000] READ WORD = xxxxxxxx
[679025000] READ WORD = xxxxxxxx
[679645000] READ WORD = xxxxxxxx
[680265000] READ WORD = xxxxxxxx
[680885000] READ WORD = xxxxxxxx
[681505000] READ WORD = xxxxxxxx
[682125000] READ WORD = xxxxxxxx
[682745000] READ WORD = xxxxxxxx
[683365000] READ WORD = xxxxxxxx
[683985000] READ WORD = xxxxxxxx
[684605000] READ WORD = xxxxxxxx
[685225000] READ WORD = xxxxxxxx
[685845000] READ WORD = xxxxxxxx
[686465000] READ WORD = xxxxxxxx
[687085000] READ WORD = xxxxxxxx
[687705000] READ WORD = xxxxxxxx
[688325000] READ WORD = xxxxxxxx
[688945000] READ WORD = xxxxxxxx
[689565000] READ WORD = xxxxxxxx
[690185000] READ WORD = xxxxxxxx
[690805000] READ WORD = xxxxxxxx
[691425000] READ WORD = xxxxxxxx
[692045000] READ WORD = xxxxxxxx
[692665000] READ WORD = xxxxxxxx
[693285000] READ WORD = xxxxxxxx
[693905000] READ WORD = xxxxxxxx
[694525000] READ WORD = xxxxxxxx
[695145000] READ WORD = xxxxxxxx
[695765000] READ WORD = xxxxxxxx
[696385000] READ WORD = xxxxxxxx
[697005000] READ WORD = xxxxxxxx
[697625000] READ WORD = xxxxxxxx
[698245000] READ WORD = xxxxxxxx
[698865000] READ WORD = xxxxxxxx
[699485000] READ WORD = xxxxxxxx
[700105000] READ WORD = xxxxxxxx
[700725000] READ WORD = xxxxxxxx
[701345000] READ WORD = xxxxxxxx
[701965000] READ WORD = xxxxxxxx
[702585000] READ WORD = xxxxxxxx
[703205000] READ WORD = xxxxxxxx
[703825000] READ WORD = xxxxxxxx
[704445000] READ WORD = xxxxxxxx
[705065000] READ WORD = xxxxxxxx
[705685000] READ WORD = xxxxxxxx
[706305000] READ WORD = xxxxxxxx
[706925000] READ WORD = xxxxxxxx
[707545000] READ WORD = xxxxxxxx
[708165000] READ WORD = xxxxxxxx
[708785000] READ WORD = xxxxxxxx
[709405000] READ WORD = xxxxxxxx
[710025000] READ WORD = xxxxxxxx
[710645000] READ WORD = xxxxxxxx
[711265000] READ WORD = xxxxxxxx
[711885000] READ WORD = xxxxxxxx
[712505000] READ WORD = xxxxxxxx
[713125000] READ WORD = xxxxxxxx
[713745000] READ WORD = xxxxxxxx
[714365000] READ WORD = xxxxxxxx
[714985000] READ WORD = xxxxxxxx
[715605000] READ WORD = xxxxxxxx
[716225000] READ WORD = xxxxxxxx
[716845000] READ WORD = xxxxxxxx
[717465000] READ WORD = xxxxxxxx
[718085000] READ WORD = xxxxxxxx
[718705000] READ WORD = xxxxxxxx
[719325000] READ WORD = xxxxxxxx
[719945000] READ WORD = xxxxxxxx
[720565000] READ WORD = xxxxxxxx
[721185000] READ WORD = xxxxxxxx
[721805000] READ WORD = xxxxxxxx
[722425000] READ WORD = xxxxxxxx
[723045000] READ WORD = xxxxxxxx
[723665000] READ WORD = xxxxxxxx
[724285000] READ WORD = xxxxxxxx
[724905000] READ WORD = xxxxxxxx
[725525000] READ WORD = xxxxxxxx
[726145000] READ WORD = xxxxxxxx
[726765000] READ WORD = xxxxxxxx
[727385000] READ WORD = xxxxxxxx
[728005000] READ WORD = xxxxxxxx
[728625000] READ WORD = xxxxxxxx
[729245000] READ WORD = xxxxxxxx
[729865000] READ WORD = xxxxxxxx
[730485000] READ WORD = xxxxxxxx
[731105000] READ WORD = xxxxxxxx
[731725000] READ WORD = xxxxxxxx
[732345000] READ WORD = xxxxxxxx
[732965000] READ WORD = xxxxxxxx
[733585000] READ WORD = xxxxxxxx
[734205000] READ WORD = xxxxxxxx
[734825000] READ WORD = xxxxxxxx
[735445000] READ WORD = xxxxxxxx
[736065000] READ WORD = xxxxxxxx
[736685000] READ WORD = xxxxxxxx
[737305000] READ WORD = xxxxxxxx
[737925000] READ WORD = xxxxxxxx
[738545000] READ WORD = xxxxxxxx
[739165000] READ WORD = xxxxxxxx
[739785000] READ WORD = xxxxxxxx
[740405000] READ WORD = xxxxxxxx
[741025000] READ WORD = xxxxxxxx
[741645000] READ WORD = xxxxxxxx
[742265000] READ WORD = xxxxxxxx
[742885000] READ WORD = xxxxxxxx
[743505000] READ WORD = xxxxxxxx
[744125000] READ WORD = xxxxxxxx
[744745000] READ WORD = xxxxxxxx
[745365000] READ WORD = xxxxxxxx
[745985000] READ WORD = xxxxxxxx
[746605000] READ WORD = xxxxxxxx
[747225000] READ WORD = xxxxxxxx
[747845000] READ WORD = xxxxxxxx
[748465000] READ WORD = xxxxxxxx
[749085000] READ WORD = xxxxxxxx
[749705000] READ WORD = xxxxxxxx
[750325000] READ WORD = xxxxxxxx
[750945000] READ WORD = xxxxxxxx
[751565000] READ WORD = xxxxxxxx
[752185000] READ WORD = xxxxxxxx
[752805000] READ WORD = xxxxxxxx
[753425000] READ WORD = xxxxxxxx
[754045000] READ WORD = xxxxxxxx
[754665000] READ WORD = xxxxxxxx
[755285000] READ WORD = xxxxxxxx
[755905000] READ WORD = xxxxxxxx
[756525000] READ WORD = xxxxxxxx
[757145000] READ WORD = xxxxxxxx
[757765000] READ WORD = xxxxxxxx
[758385000] READ WORD = xxxxxxxx
[759005000] READ WORD = xxxxxxxx
[759625000] READ WORD = xxxxxxxx
[760245000] READ WORD = xxxxxxxx
[760865000] READ WORD = xxxxxxxx
[761485000] READ WORD = xxxxxxxx
[762105000] READ WORD = xxxxxxxx
[762725000] READ WORD = xxxxxxxx
[763345000] READ WORD = xxxxxxxx
[763965000] READ WORD = xxxxxxxx
[764585000] READ WORD = xxxxxxxx
[765205000] READ WORD = xxxxxxxx
[765825000] READ WORD = xxxxxxxx
[766445000] READ WORD = xxxxxxxx
[767065000] READ WORD = xxxxxxxx
[767685000] READ WORD = xxxxxxxx
[768305000] READ WORD = xxxxxxxx
[768925000] READ WORD = xxxxxxxx
[769545000] READ WORD = xxxxxxxx
[770165000] READ WORD = xxxxxxxx
[770785000] READ WORD = xxxxxxxx
[771405000] READ WORD = xxxxxxxx
[772025000] READ WORD = xxxxxxxx
[772645000] READ WORD = xxxxxxxx
[773265000] READ WORD = xxxxxxxx
[773885000] READ WORD = xxxxxxxx
[774505000] READ WORD = xxxxxxxx
[775125000] READ WORD = xxxxxxxx
[775745000] READ WORD = xxxxxxxx
[776365000] READ WORD = xxxxxxxx
[776985000] READ WORD = xxxxxxxx
[777605000] READ WORD = xxxxxxxx
[778225000] READ WORD = xxxxxxxx
[778845000] READ WORD = xxxxxxxx
[779465000] READ WORD = xxxxxxxx
[780085000] READ WORD = xxxxxxxx
[780705000] READ WORD = xxxxxxxx
[781325000] READ WORD = xxxxxxxx
[781945000] READ WORD = xxxxxxxx
[782565000] READ WORD = xxxxxxxx
[783185000] READ WORD = xxxxxxxx
[783805000] READ WORD = xxxxxxxx
[784425000] READ WORD = xxxxxxxx
[785045000] READ WORD = xxxxxxxx
[785665000] READ WORD = xxxxxxxx
[786285000] READ WORD = xxxxxxxx
[786905000] READ WORD = xxxxxxxx
[787525000] READ WORD = xxxxxxxx
[788145000] READ WORD = xxxxxxxx
[788765000] READ WORD = xxxxxxxx
[789385000] READ WORD = xxxxxxxx
[790005000] READ WORD = xxxxxxxx
[790625000] READ WORD = xxxxxxxx
[791245000] READ WORD = xxxxxxxx
[791865000] READ WORD = xxxxxxxx
[792485000] READ WORD = xxxxxxxx
[793105000] READ WORD = xxxxxxxx
[793725000] READ WORD = xxxxxxxx
[794345000] READ WORD = xxxxxxxx
[794965000] READ WORD = xxxxxxxx
[795585000] READ WORD = xxxxxxxx
[796205000] READ WORD = xxxxxxxx
[796825000] READ WORD = xxxxxxxx
[797445000] READ WORD = xxxxxxxx
[798065000] READ WORD = xxxxxxxx
[798685000] READ WORD = xxxxxxxx
[799305000] READ WORD = xxxxxxxx
[799925000] READ WORD = xxxxxxxx
[800545000] READ WORD = xxxxxxxx
[801165000] READ WORD = xxxxxxxx
[801785000] READ WORD = xxxxxxxx
[802405000] READ WORD = xxxxxxxx
[803025000] READ WORD = xxxxxxxx
[803645000] READ WORD = xxxxxxxx
[804265000] READ WORD = xxxxxxxx
[804885000] READ WORD = xxxxxxxx
[805505000] READ WORD = xxxxxxxx
[806125000] READ WORD = xxxxxxxx
[806745000] READ WORD = xxxxxxxx
[807365000] READ WORD = xxxxxxxx
[807985000] READ WORD = xxxxxxxx
[808605000] READ WORD = xxxxxxxx
[809225000] READ WORD = xxxxxxxx
[809845000] READ WORD = xxxxxxxx
[810465000] READ WORD = xxxxxxxx
[811085000] READ WORD = xxxxxxxx
[811705000] READ WORD = xxxxxxxx
[812325000] READ WORD = xxxxxxxx
[812945000] READ WORD = xxxxxxxx
[813565000] READ WORD = xxxxxxxx
[814185000] READ WORD = xxxxxxxx
[814805000] READ WORD = xxxxxxxx
[815425000] READ WORD = xxxxxxxx
[816045000] READ WORD = xxxxxxxx
[816665000] READ WORD = xxxxxxxx
[817285000] READ WORD = xxxxxxxx
[817905000] READ WORD = xxxxxxxx
[818525000] READ WORD = xxxxxxxx
[819145000] READ WORD = xxxxxxxx
[819765000] READ WORD = xxxxxxxx
[820385000] READ WORD = xxxxxxxx
[821005000] READ WORD = xxxxxxxx
[821625000] READ WORD = xxxxxxxx
[822245000] READ WORD = xxxxxxxx
[822865000] READ WORD = xxxxxxxx
[823485000] READ WORD = xxxxxxxx
[824105000] READ WORD = xxxxxxxx
[824725000] READ WORD = xxxxxxxx
[825345000] READ WORD = xxxxxxxx
[825965000] READ WORD = xxxxxxxx
[826585000] READ WORD = xxxxxxxx
[827205000] READ WORD = xxxxxxxx
[827825000] READ WORD = xxxxxxxx
[828445000] READ WORD = xxxxxxxx
[829065000] READ WORD = xxxxxxxx
[829685000] READ WORD = xxxxxxxx
[830305000] READ WORD = xxxxxxxx
[830925000] READ WORD = xxxxxxxx
[831545000] READ WORD = xxxxxxxx
[832165000] READ WORD = xxxxxxxx
[832785000] READ WORD = xxxxxxxx
[833405000] READ WORD = xxxxxxxx
[834025000] READ WORD = xxxxxxxx
[834645000] READ WORD = xxxxxxxx
[835265000] READ WORD = xxxxxxxx
[835885000] READ WORD = xxxxxxxx
[836505000] READ WORD = xxxxxxxx
[837125000] READ WORD = xxxxxxxx
[837745000] READ WORD = xxxxxxxx
[838365000] READ WORD = xxxxxxxx
[838985000] READ WORD = xxxxxxxx
[839605000] READ WORD = xxxxxxxx
[840225000] READ WORD = xxxxxxxx
[840845000] READ WORD = xxxxxxxx
[841465000] READ WORD = xxxxxxxx
[842085000] READ WORD = xxxxxxxx
[842705000] READ WORD = xxxxxxxx
[843325000] READ WORD = xxxxxxxx
[843945000] READ WORD = xxxxxxxx
[844565000] READ WORD = xxxxxxxx
[845185000] READ WORD = xxxxxxxx
[845805000] READ WORD = xxxxxxxx
[846425000] READ WORD = xxxxxxxx
[847045000] READ WORD = xxxxxxxx
[847665000] READ WORD = xxxxxxxx
[848285000] READ WORD = xxxxxxxx
[848905000] READ WORD = xxxxxxxx
[849525000] READ WORD = xxxxxxxx
[850145000] READ WORD = xxxxxxxx
[850765000] READ WORD = xxxxxxxx
[851385000] READ WORD = xxxxxxxx
[852005000] READ WORD = xxxxxxxx
[852625000] READ WORD = xxxxxxxx
[853245000] READ WORD = xxxxxxxx
[853865000] READ WORD = xxxxxxxx
[854485000] READ WORD = xxxxxxxx
[855105000] READ WORD = xxxxxxxx
[855725000] READ WORD = xxxxxxxx
[856345000] READ WORD = xxxxxxxx
[856965000] READ WORD = xxxxxxxx
[857585000] READ WORD = xxxxxxxx
[858205000] READ WORD = xxxxxxxx
[858825000] READ WORD = xxxxxxxx
[859445000] READ WORD = xxxxxxxx
[860065000] READ WORD = xxxxxxxx
[860685000] READ WORD = xxxxxxxx
[861305000] READ WORD = xxxxxxxx
[861925000] READ WORD = xxxxxxxx
[862545000] READ WORD = xxxxxxxx
[863165000] READ WORD = xxxxxxxx
[863785000] READ WORD = xxxxxxxx
[864405000] READ WORD = xxxxxxxx
[865025000] READ WORD = xxxxxxxx
[865645000] READ WORD = xxxxxxxx
[866265000] READ WORD = xxxxxxxx
[866885000] READ WORD = xxxxxxxx
[867505000] READ WORD = xxxxxxxx
[868125000] READ WORD = xxxxxxxx
[868745000] READ WORD = xxxxxxxx
[869365000] READ WORD = xxxxxxxx
[869985000] READ WORD = xxxxxxxx
[870605000] READ WORD = xxxxxxxx
[871225000] READ WORD = xxxxxxxx
[871845000] READ WORD = xxxxxxxx
[872465000] READ WORD = xxxxxxxx
[873085000] READ WORD = xxxxxxxx
[873705000] READ WORD = xxxxxxxx
[874325000] READ WORD = xxxxxxxx
[874945000] READ WORD = xxxxxxxx
[875565000] READ WORD = xxxxxxxx
[876185000] READ WORD = xxxxxxxx
[876805000] READ WORD = xxxxxxxx
[877425000] READ WORD = xxxxxxxx
[878045000] READ WORD = xxxxxxxx
[878665000] READ WORD = xxxxxxxx
[879285000] READ WORD = xxxxxxxx
[879905000] READ WORD = xxxxxxxx
[880525000] READ WORD = xxxxxxxx
[881145000] READ WORD = xxxxxxxx
[881765000] READ WORD = xxxxxxxx
[882385000] READ WORD = xxxxxxxx
[883005000] READ WORD = xxxxxxxx
[883625000] READ WORD = xxxxxxxx
[884245000] READ WORD = xxxxxxxx
[884865000] READ WORD = xxxxxxxx
[885485000] READ WORD = xxxxxxxx
[886105000] READ WORD = xxxxxxxx
[886725000] READ WORD = xxxxxxxx
[887345000] READ WORD = xxxxxxxx
[887965000] READ WORD = xxxxxxxx
[888585000] READ WORD = xxxxxxxx
[889205000] READ WORD = xxxxxxxx
[889825000] READ WORD = xxxxxxxx
[890445000] READ WORD = xxxxxxxx
[891065000] READ WORD = xxxxxxxx
[891685000] READ WORD = xxxxxxxx
[892305000] READ WORD = xxxxxxxx
[892925000] READ WORD = xxxxxxxx
[893545000] READ WORD = xxxxxxxx
[894165000] READ WORD = xxxxxxxx
[894785000] READ WORD = xxxxxxxx
[895405000] READ WORD = xxxxxxxx
[896025000] READ WORD = xxxxxxxx
[896645000] READ WORD = xxxxxxxx
[897265000] READ WORD = xxxxxxxx
[897885000] READ WORD = xxxxxxxx
[898505000] READ WORD = xxxxxxxx
[899125000] READ WORD = xxxxxxxx
[899745000] READ WORD = xxxxxxxx
[900365000] READ WORD = xxxxxxxx
[900985000] READ WORD = xxxxxxxx
[901605000] READ WORD = xxxxxxxx
[902225000] READ WORD = xxxxxxxx
[902845000] READ WORD = xxxxxxxx
[903465000] READ WORD = xxxxxxxx
[904085000] READ WORD = xxxxxxxx
[904705000] READ WORD = xxxxxxxx
[905325000] READ WORD = xxxxxxxx
[905945000] READ WORD = xxxxxxxx
[906565000] READ WORD = xxxxxxxx
[907185000] READ WORD = xxxxxxxx
[907805000] READ WORD = xxxxxxxx
[908425000] READ WORD = xxxxxxxx
[909045000] READ WORD = xxxxxxxx
[909665000] READ WORD = xxxxxxxx
[910285000] READ WORD = xxxxxxxx
[910905000] READ WORD = xxxxxxxx
[911525000] READ WORD = xxxxxxxx
[912145000] READ WORD = xxxxxxxx
[912765000] READ WORD = xxxxxxxx
[913385000] READ WORD = xxxxxxxx
[914005000] READ WORD = xxxxxxxx
[914625000] READ WORD = xxxxxxxx
[915245000] READ WORD = xxxxxxxx
[915865000] READ WORD = xxxxxxxx
[916485000] READ WORD = xxxxxxxx
[917105000] READ WORD = xxxxxxxx
[917725000] READ WORD = xxxxxxxx
[918345000] READ WORD = xxxxxxxx
[918965000] READ WORD = xxxxxxxx
[919585000] READ WORD = xxxxxxxx
[920205000] READ WORD = xxxxxxxx
[920825000] READ WORD = xxxxxxxx
[921445000] READ WORD = xxxxxxxx
[922065000] READ WORD = xxxxxxxx
[922685000] READ WORD = xxxxxxxx
[923305000] READ WORD = xxxxxxxx
[923925000] READ WORD = xxxxxxxx
[924545000] READ WORD = xxxxxxxx
[925165000] READ WORD = xxxxxxxx
[925785000] READ WORD = xxxxxxxx
[926405000] READ WORD = xxxxxxxx
[927025000] READ WORD = xxxxxxxx
[927645000] READ WORD = xxxxxxxx
[928265000] READ WORD = xxxxxxxx
[928885000] READ WORD = xxxxxxxx
[929505000] READ WORD = xxxxxxxx
[930125000] READ WORD = xxxxxxxx
[930745000] READ WORD = xxxxxxxx
[931365000] READ WORD = xxxxxxxx
[931985000] READ WORD = xxxxxxxx
[932605000] READ WORD = xxxxxxxx
[933225000] READ WORD = xxxxxxxx
[933845000] READ WORD = xxxxxxxx
[934465000] READ WORD = xxxxxxxx
[935085000] READ WORD = xxxxxxxx
[935705000] READ WORD = xxxxxxxx
[936325000] READ WORD = xxxxxxxx
[936945000] READ WORD = xxxxxxxx
[937565000] READ WORD = xxxxxxxx
[938185000] READ WORD = xxxxxxxx
[938805000] READ WORD = xxxxxxxx
[939425000] READ WORD = xxxxxxxx
[940045000] READ WORD = xxxxxxxx
[940665000] READ WORD = xxxxxxxx
[941285000] READ WORD = xxxxxxxx
[941905000] READ WORD = xxxxxxxx
[942525000] READ WORD = xxxxxxxx
[943145000] READ WORD = xxxxxxxx
[943765000] READ WORD = xxxxxxxx
[944385000] READ WORD = xxxxxxxx
[945005000] READ WORD = xxxxxxxx
[945625000] READ WORD = xxxxxxxx
[946245000] READ WORD = xxxxxxxx
[946865000] READ WORD = xxxxxxxx
[947485000] READ WORD = xxxxxxxx
[948105000] READ WORD = xxxxxxxx
[948725000] READ WORD = xxxxxxxx
[949345000] READ WORD = xxxxxxxx
[949965000] READ WORD = xxxxxxxx
[950585000] READ WORD = xxxxxxxx
[951205000] READ WORD = xxxxxxxx
[951825000] READ WORD = xxxxxxxx
[952445000] READ WORD = xxxxxxxx
[953065000] READ WORD = xxxxxxxx
[953685000] READ WORD = xxxxxxxx
[954305000] READ WORD = xxxxxxxx
[954925000] READ WORD = xxxxxxxx
[955545000] READ WORD = xxxxxxxx
[956165000] READ WORD = xxxxxxxx
[956785000] READ WORD = xxxxxxxx
[957405000] READ WORD = xxxxxxxx
[958025000] READ WORD = xxxxxxxx
[958645000] READ WORD = xxxxxxxx
[959265000] READ WORD = xxxxxxxx
[959885000] READ WORD = xxxxxxxx
[960505000] READ WORD = xxxxxxxx
[961125000] READ WORD = xxxxxxxx
[961745000] READ WORD = xxxxxxxx
[962365000] READ WORD = xxxxxxxx
[962985000] READ WORD = xxxxxxxx
[963605000] READ WORD = xxxxxxxx
[964225000] READ WORD = xxxxxxxx
[964845000] READ WORD = xxxxxxxx
[965465000] READ WORD = xxxxxxxx
[966085000] READ WORD = xxxxxxxx
[966705000] READ WORD = xxxxxxxx
[967325000] READ WORD = xxxxxxxx
[967945000] READ WORD = xxxxxxxx
[968565000] READ WORD = xxxxxxxx
[969185000] READ WORD = xxxxxxxx
[969805000] READ WORD = xxxxxxxx
[970425000] READ WORD = xxxxxxxx
[971045000] READ WORD = xxxxxxxx
[971665000] READ WORD = xxxxxxxx
[972285000] READ WORD = xxxxxxxx
[972905000] READ WORD = xxxxxxxx
[973525000] READ WORD = xxxxxxxx
[974145000] READ WORD = xxxxxxxx
[974765000] READ WORD = xxxxxxxx
[975385000] READ WORD = xxxxxxxx
[976005000] READ WORD = xxxxxxxx
[976625000] READ WORD = xxxxxxxx
[977245000] READ WORD = xxxxxxxx
[977865000] READ WORD = xxxxxxxx
[978485000] READ WORD = xxxxxxxx
[979105000] READ WORD = xxxxxxxx
[979725000] READ WORD = xxxxxxxx
[980345000] READ WORD = xxxxxxxx
[980965000] READ WORD = xxxxxxxx
[981585000] READ WORD = xxxxxxxx
[982205000] READ WORD = xxxxxxxx
[982825000] READ WORD = xxxxxxxx
[983445000] READ WORD = xxxxxxxx
[984065000] READ WORD = xxxxxxxx
[984685000] READ WORD = xxxxxxxx
[985305000] READ WORD = xxxxxxxx
[985925000] READ WORD = xxxxxxxx
[986545000] READ WORD = xxxxxxxx
[987165000] READ WORD = xxxxxxxx
[987785000] READ WORD = xxxxxxxx
[988405000] READ WORD = xxxxxxxx
[989025000] READ WORD = xxxxxxxx
[989645000] READ WORD = xxxxxxxx
[990265000] READ WORD = xxxxxxxx
[990885000] READ WORD = xxxxxxxx
[991505000] READ WORD = xxxxxxxx
[992125000] READ WORD = xxxxxxxx
[992745000] READ WORD = xxxxxxxx
[993365000] READ WORD = xxxxxxxx
[993985000] READ WORD = xxxxxxxx
[994605000] READ WORD = xxxxxxxx
[995225000] READ WORD = xxxxxxxx
[995845000] READ WORD = xxxxxxxx
[996465000] READ WORD = xxxxxxxx
[997085000] READ WORD = xxxxxxxx
[997705000] READ WORD = xxxxxxxx
[998325000] READ WORD = xxxxxxxx
[998945000] READ WORD = xxxxxxxx
[999565000] READ WORD = xxxxxxxx
[1000185000] READ WORD = xxxxxxxx
[1000805000] READ WORD = xxxxxxxx
current_wave_config {tb_flash_behav.wcfg}
tb_flash_behav.wcfg
add_wave {{/tb_flash/dut/wait_flag}} 
relaunch_sim
Command: launch_simulation -step compile -simset sim_1 -mode behavioral
INFO: [Vivado 12-12493] Simulation top is 'tb_flash'
WARNING: [Vivado 12-13340] Unable to auto find GCC executables from simulator install path! (path not set)
INFO: [Vivado 12-5698] Checking validity of IPs in the design for the 'XSim' simulator...
INFO: [Vivado 12-5682] Launching behavioral simulation in 'C:/Users/SIVA DHANUSH REDDY/Downloads/SPI_Bootloader/Spi_Flashcontroller.sim/sim_1/behav/xsim'
INFO: [Vivado 12-4795] Using compiled simulation libraries for IPs
INFO: [SIM-utils-51] Simulation object is 'sim_1'
INFO: [USF-XSim-2] XSim::Compile design
INFO: [USF-XSim-61] Executing 'COMPILE and ANALYZE' step in 'C:/Users/SIVA DHANUSH REDDY/Downloads/SPI_Bootloader/Spi_Flashcontroller.sim/sim_1/behav/xsim'
"xvlog --incr --relax -L uvm -prj tb_flash_vlog.prj"
INFO: [USF-XSim-69] 'compile' step finished in '2' seconds
Command: launch_simulation -step elaborate -simset sim_1 -mode behavioral
INFO: [Vivado 12-12493] Simulation top is 'tb_flash'
WARNING: [Vivado 12-13340] Unable to auto find GCC executables from simulator install path! (path not set)
INFO: [Vivado 12-5698] Checking validity of IPs in the design for the 'XSim' simulator...
INFO: [Vivado 12-5682] Launching behavioral simulation in 'C:/Users/SIVA DHANUSH REDDY/Downloads/SPI_Bootloader/Spi_Flashcontroller.sim/sim_1/behav/xsim'
INFO: [Vivado 12-4795] Using compiled simulation libraries for IPs
INFO: [SIM-utils-51] Simulation object is 'sim_1'
INFO: [USF-XSim-3] XSim::Elaborate design
INFO: [USF-XSim-61] Executing 'ELABORATE' step in 'C:/Users/SIVA DHANUSH REDDY/Downloads/SPI_Bootloader/Spi_Flashcontroller.sim/sim_1/behav/xsim'
"xelab --incr --debug typical --relax --mt 2 -L xil_defaultlib -L blk_mem_gen_v8_4_9 -L uvm -L unisims_ver -L unimacro_ver -L secureip -L xpm --snapshot tb_flash_behav xil_defaultlib.tb_flash xil_defaultlib.glbl -log elaborate.log"
Vivado Simulator v2024.2.0
Copyright 1986-2022 Xilinx, Inc. All Rights Reserved.
Copyright 2022-2024 Advanced Micro Devices, Inc. All Rights Reserved.
Running: C:/Xilinx/Vivado/2024.2/bin/unwrapped/win64.o/xelab.exe --incr --debug typical --relax --mt 2 -L xil_defaultlib -L blk_mem_gen_v8_4_9 -L uvm -L unisims_ver -L unimacro_ver -L secureip -L xpm --snapshot tb_flash_behav xil_defaultlib.tb_flash xil_defaultlib.glbl -log elaborate.log 
Using 2 slave threads.
Starting static elaboration
Pass Through NonSizing Optimizer
Completed static elaboration
INFO: [XSIM 43-4323] No Change in HDL. Linking previously generated obj files to create kernel
INFO: [USF-XSim-69] 'elaborate' step finished in '3' seconds
Time resolution is 1 ps
relaunch_sim: Time (s): cpu = 00:00:03 ; elapsed = 00:00:07 . Memory (MB): peak = 3710.613 ; gain = 0.000
run 1000 us
[1365000] READ WORD = 4ca900e0
[1985000] READ WORD = 26208002
[2605000] READ WORD = 01118000
[3225000] READ WORD = 29901e1e
[3845000] READ WORD = 07c84000
[4465000] READ WORD = 07ffffff
[5085000] READ WORD = fXxxxxxx
[5705000] READ WORD = xxxxxxxx
[6325000] READ WORD = xxxxxxxx
[6945000] READ WORD = xxxxxxxx
[7565000] READ WORD = xxxxxxxx
[8185000] READ WORD = xxxxxxxx
[8805000] READ WORD = xxxxxxxx
[9425000] READ WORD = xxxxxxxx
[10045000] READ WORD = xxxxxxxx
[10665000] READ WORD = xxxxxxxx
[11285000] READ WORD = xxxxxxxx
[11905000] READ WORD = xxxxxxxx
[12525000] READ WORD = xxxxxxxx
[13145000] READ WORD = xxxxxxxx
[13765000] READ WORD = xxxxxxxx
[14385000] READ WORD = xxxxxxxx
[15005000] READ WORD = xxxxxxxx
[15625000] READ WORD = xxxxxxxx
[16245000] READ WORD = xxxxxxxx
[16865000] READ WORD = xxxxxxxx
[17485000] READ WORD = xxxxxxxx
[18105000] READ WORD = xxxxxxxx
[18725000] READ WORD = xxxxxxxx
[19345000] READ WORD = xxxxxxxx
[19965000] READ WORD = xxxxxxxx
[20585000] READ WORD = xxxxxxxx
[21205000] READ WORD = xxxxxxxx
[21825000] READ WORD = xxxxxxxx
[22445000] READ WORD = xxxxxxxx
[23065000] READ WORD = xxxxxxxx
[23685000] READ WORD = xxxxxxxx
[24305000] READ WORD = xxxxxxxx
[24925000] READ WORD = xxxxxxxx
[25545000] READ WORD = xxxxxxxx
[26165000] READ WORD = xxxxxxxx
[26785000] READ WORD = xxxxxxxx
[27405000] READ WORD = xxxxxxxx
[28025000] READ WORD = xxxxxxxx
[28645000] READ WORD = xxxxxxxx
[29265000] READ WORD = xxxxxxxx
[29885000] READ WORD = xxxxxxxx
[30505000] READ WORD = xxxxxxxx
[31125000] READ WORD = xxxxxxxx
[31745000] READ WORD = xxxxxxxx
[32365000] READ WORD = xxxxxxxx
[32985000] READ WORD = xxxxxxxx
[33605000] READ WORD = xxxxxxxx
[34225000] READ WORD = xxxxxxxx
[34845000] READ WORD = xxxxxxxx
[35465000] READ WORD = xxxxxxxx
[36085000] READ WORD = xxxxxxxx
[36705000] READ WORD = xxxxxxxx
[37325000] READ WORD = xxxxxxxx
[37945000] READ WORD = xxxxxxxx
[38565000] READ WORD = xxxxxxxx
[39185000] READ WORD = xxxxxxxx
[39805000] READ WORD = xxxxxxxx
[40425000] READ WORD = xxxxxxxx
[41045000] READ WORD = xxxxxxxx
[41665000] READ WORD = xxxxxxxx
[42285000] READ WORD = xxxxxxxx
[42905000] READ WORD = xxxxxxxx
[43525000] READ WORD = xxxxxxxx
[44145000] READ WORD = xxxxxxxx
[44765000] READ WORD = xxxxxxxx
[45385000] READ WORD = xxxxxxxx
[46005000] READ WORD = xxxxxxxx
[46625000] READ WORD = xxxxxxxx
[47245000] READ WORD = xxxxxxxx
[47865000] READ WORD = xxxxxxxx
[48485000] READ WORD = xxxxxxxx
[49105000] READ WORD = xxxxxxxx
[49725000] READ WORD = xxxxxxxx
[50345000] READ WORD = xxxxxxxx
[50965000] READ WORD = xxxxxxxx
[51585000] READ WORD = xxxxxxxx
[52205000] READ WORD = xxxxxxxx
[52825000] READ WORD = xxxxxxxx
[53445000] READ WORD = xxxxxxxx
[54065000] READ WORD = xxxxxxxx
[54685000] READ WORD = xxxxxxxx
[55305000] READ WORD = xxxxxxxx
[55925000] READ WORD = xxxxxxxx
[56545000] READ WORD = xxxxxxxx
[57165000] READ WORD = xxxxxxxx
[57785000] READ WORD = xxxxxxxx
[58405000] READ WORD = xxxxxxxx
[59025000] READ WORD = xxxxxxxx
[59645000] READ WORD = xxxxxxxx
[60265000] READ WORD = xxxxxxxx
[60885000] READ WORD = xxxxxxxx
[61505000] READ WORD = xxxxxxxx
[62125000] READ WORD = xxxxxxxx
[62745000] READ WORD = xxxxxxxx
[63365000] READ WORD = xxxxxxxx
[63985000] READ WORD = xxxxxxxx
[64605000] READ WORD = xxxxxxxx
[65225000] READ WORD = xxxxxxxx
[65845000] READ WORD = xxxxxxxx
[66465000] READ WORD = xxxxxxxx
[67085000] READ WORD = xxxxxxxx
[67705000] READ WORD = xxxxxxxx
[68325000] READ WORD = xxxxxxxx
[68945000] READ WORD = xxxxxxxx
[69565000] READ WORD = xxxxxxxx
[70185000] READ WORD = xxxxxxxx
[70805000] READ WORD = xxxxxxxx
[71425000] READ WORD = xxxxxxxx
[72045000] READ WORD = xxxxxxxx
[72665000] READ WORD = xxxxxxxx
[73285000] READ WORD = xxxxxxxx
[73905000] READ WORD = xxxxxxxx
[74525000] READ WORD = xxxxxxxx
[75145000] READ WORD = xxxxxxxx
[75765000] READ WORD = xxxxxxxx
[76385000] READ WORD = xxxxxxxx
[77005000] READ WORD = xxxxxxxx
[77625000] READ WORD = xxxxxxxx
[78245000] READ WORD = xxxxxxxx
[78865000] READ WORD = xxxxxxxx
[79485000] READ WORD = xxxxxxxx
[80105000] READ WORD = xxxxxxxx
[80725000] READ WORD = xxxxxxxx
[81345000] READ WORD = xxxxxxxx
[81965000] READ WORD = xxxxxxxx
[82585000] READ WORD = xxxxxxxx
[83205000] READ WORD = xxxxxxxx
[83825000] READ WORD = xxxxxxxx
[84445000] READ WORD = xxxxxxxx
[85065000] READ WORD = xxxxxxxx
[85685000] READ WORD = xxxxxxxx
[86305000] READ WORD = xxxxxxxx
[86925000] READ WORD = xxxxxxxx
[87545000] READ WORD = xxxxxxxx
[88165000] READ WORD = xxxxxxxx
[88785000] READ WORD = xxxxxxxx
[89405000] READ WORD = xxxxxxxx
[90025000] READ WORD = xxxxxxxx
[90645000] READ WORD = xxxxxxxx
[91265000] READ WORD = xxxxxxxx
[91885000] READ WORD = xxxxxxxx
[92505000] READ WORD = xxxxxxxx
[93125000] READ WORD = xxxxxxxx
[93745000] READ WORD = xxxxxxxx
[94365000] READ WORD = xxxxxxxx
[94985000] READ WORD = xxxxxxxx
[95605000] READ WORD = xxxxxxxx
[96225000] READ WORD = xxxxxxxx
[96845000] READ WORD = xxxxxxxx
[97465000] READ WORD = xxxxxxxx
[98085000] READ WORD = xxxxxxxx
[98705000] READ WORD = xxxxxxxx
[99325000] READ WORD = xxxxxxxx
[99945000] READ WORD = xxxxxxxx
[100565000] READ WORD = xxxxxxxx
[101185000] READ WORD = xxxxxxxx
[101805000] READ WORD = xxxxxxxx
[102425000] READ WORD = xxxxxxxx
[103045000] READ WORD = xxxxxxxx
[103665000] READ WORD = xxxxxxxx
[104285000] READ WORD = xxxxxxxx
[104905000] READ WORD = xxxxxxxx
[105525000] READ WORD = xxxxxxxx
[106145000] READ WORD = xxxxxxxx
[106765000] READ WORD = xxxxxxxx
[107385000] READ WORD = xxxxxxxx
[108005000] READ WORD = xxxxxxxx
[108625000] READ WORD = xxxxxxxx
[109245000] READ WORD = xxxxxxxx
[109865000] READ WORD = xxxxxxxx
[110485000] READ WORD = xxxxxxxx
[111105000] READ WORD = xxxxxxxx
[111725000] READ WORD = xxxxxxxx
[112345000] READ WORD = xxxxxxxx
[112965000] READ WORD = xxxxxxxx
[113585000] READ WORD = xxxxxxxx
[114205000] READ WORD = xxxxxxxx
[114825000] READ WORD = xxxxxxxx
[115445000] READ WORD = xxxxxxxx
[116065000] READ WORD = xxxxxxxx
[116685000] READ WORD = xxxxxxxx
[117305000] READ WORD = xxxxxxxx
[117925000] READ WORD = xxxxxxxx
[118545000] READ WORD = xxxxxxxx
[119165000] READ WORD = xxxxxxxx
[119785000] READ WORD = xxxxxxxx
[120405000] READ WORD = xxxxxxxx
[121025000] READ WORD = xxxxxxxx
[121645000] READ WORD = xxxxxxxx
[122265000] READ WORD = xxxxxxxx
[122885000] READ WORD = xxxxxxxx
[123505000] READ WORD = xxxxxxxx
[124125000] READ WORD = xxxxxxxx
[124745000] READ WORD = xxxxxxxx
[125365000] READ WORD = xxxxxxxx
[125985000] READ WORD = xxxxxxxx
[126605000] READ WORD = xxxxxxxx
[127225000] READ WORD = xxxxxxxx
[127845000] READ WORD = xxxxxxxx
[128465000] READ WORD = xxxxxxxx
[129085000] READ WORD = xxxxxxxx
[129705000] READ WORD = xxxxxxxx
[130325000] READ WORD = xxxxxxxx
[130945000] READ WORD = xxxxxxxx
[131565000] READ WORD = xxxxxxxx
[132185000] READ WORD = xxxxxxxx
[132805000] READ WORD = xxxxxxxx
[133425000] READ WORD = xxxxxxxx
[134045000] READ WORD = xxxxxxxx
[134665000] READ WORD = xxxxxxxx
[135285000] READ WORD = xxxxxxxx
[135905000] READ WORD = xxxxxxxx
[136525000] READ WORD = xxxxxxxx
[137145000] READ WORD = xxxxxxxx
[137765000] READ WORD = xxxxxxxx
[138385000] READ WORD = xxxxxxxx
[139005000] READ WORD = xxxxxxxx
[139625000] READ WORD = xxxxxxxx
[140245000] READ WORD = xxxxxxxx
[140865000] READ WORD = xxxxxxxx
[141485000] READ WORD = xxxxxxxx
[142105000] READ WORD = xxxxxxxx
[142725000] READ WORD = xxxxxxxx
[143345000] READ WORD = xxxxxxxx
[143965000] READ WORD = xxxxxxxx
[144585000] READ WORD = xxxxxxxx
[145205000] READ WORD = xxxxxxxx
[145825000] READ WORD = xxxxxxxx
[146445000] READ WORD = xxxxxxxx
[147065000] READ WORD = xxxxxxxx
[147685000] READ WORD = xxxxxxxx
[148305000] READ WORD = xxxxxxxx
[148925000] READ WORD = xxxxxxxx
[149545000] READ WORD = xxxxxxxx
[150165000] READ WORD = xxxxxxxx
[150785000] READ WORD = xxxxxxxx
[151405000] READ WORD = xxxxxxxx
[152025000] READ WORD = xxxxxxxx
[152645000] READ WORD = xxxxxxxx
[153265000] READ WORD = xxxxxxxx
[153885000] READ WORD = xxxxxxxx
[154505000] READ WORD = xxxxxxxx
[155125000] READ WORD = xxxxxxxx
[155745000] READ WORD = xxxxxxxx
[156365000] READ WORD = xxxxxxxx
[156985000] READ WORD = xxxxxxxx
[157605000] READ WORD = xxxxxxxx
[158225000] READ WORD = xxxxxxxx
[158845000] READ WORD = xxxxxxxx
[159465000] READ WORD = xxxxxxxx
[160085000] READ WORD = xxxxxxxx
[160705000] READ WORD = xxxxxxxx
[161325000] READ WORD = xxxxxxxx
[161945000] READ WORD = xxxxxxxx
[162565000] READ WORD = xxxxxxxx
[163185000] READ WORD = xxxxxxxx
[163805000] READ WORD = xxxxxxxx
[164425000] READ WORD = xxxxxxxx
[165045000] READ WORD = xxxxxxxx
[165665000] READ WORD = xxxxxxxx
[166285000] READ WORD = xxxxxxxx
[166905000] READ WORD = xxxxxxxx
[167525000] READ WORD = xxxxxxxx
[168145000] READ WORD = xxxxxxxx
[168765000] READ WORD = xxxxxxxx
[169385000] READ WORD = xxxxxxxx
[170005000] READ WORD = xxxxxxxx
[170625000] READ WORD = xxxxxxxx
[171245000] READ WORD = xxxxxxxx
[171865000] READ WORD = xxxxxxxx
[172485000] READ WORD = xxxxxxxx
[173105000] READ WORD = xxxxxxxx
[173725000] READ WORD = xxxxxxxx
[174345000] READ WORD = xxxxxxxx
[174965000] READ WORD = xxxxxxxx
[175585000] READ WORD = xxxxxxxx
[176205000] READ WORD = xxxxxxxx
[176825000] READ WORD = xxxxxxxx
[177445000] READ WORD = xxxxxxxx
[178065000] READ WORD = xxxxxxxx
[178685000] READ WORD = xxxxxxxx
[179305000] READ WORD = xxxxxxxx
[179925000] READ WORD = xxxxxxxx
[180545000] READ WORD = xxxxxxxx
[181165000] READ WORD = xxxxxxxx
[181785000] READ WORD = xxxxxxxx
[182405000] READ WORD = xxxxxxxx
[183025000] READ WORD = xxxxxxxx
[183645000] READ WORD = xxxxxxxx
[184265000] READ WORD = xxxxxxxx
[184885000] READ WORD = xxxxxxxx
[185505000] READ WORD = xxxxxxxx
[186125000] READ WORD = xxxxxxxx
[186745000] READ WORD = xxxxxxxx
[187365000] READ WORD = xxxxxxxx
[187985000] READ WORD = xxxxxxxx
[188605000] READ WORD = xxxxxxxx
[189225000] READ WORD = xxxxxxxx
[189845000] READ WORD = xxxxxxxx
[190465000] READ WORD = xxxxxxxx
[191085000] READ WORD = xxxxxxxx
[191705000] READ WORD = xxxxxxxx
[192325000] READ WORD = xxxxxxxx
[192945000] READ WORD = xxxxxxxx
[193565000] READ WORD = xxxxxxxx
[194185000] READ WORD = xxxxxxxx
[194805000] READ WORD = xxxxxxxx
[195425000] READ WORD = xxxxxxxx
[196045000] READ WORD = xxxxxxxx
[196665000] READ WORD = xxxxxxxx
[197285000] READ WORD = xxxxxxxx
[197905000] READ WORD = xxxxxxxx
[198525000] READ WORD = xxxxxxxx
[199145000] READ WORD = xxxxxxxx
[199765000] READ WORD = xxxxxxxx
[200385000] READ WORD = xxxxxxxx
[201005000] READ WORD = xxxxxxxx
[201625000] READ WORD = xxxxxxxx
[202245000] READ WORD = xxxxxxxx
[202865000] READ WORD = xxxxxxxx
[203485000] READ WORD = xxxxxxxx
[204105000] READ WORD = xxxxxxxx
[204725000] READ WORD = xxxxxxxx
[205345000] READ WORD = xxxxxxxx
[205965000] READ WORD = xxxxxxxx
[206585000] READ WORD = xxxxxxxx
[207205000] READ WORD = xxxxxxxx
[207825000] READ WORD = xxxxxxxx
[208445000] READ WORD = xxxxxxxx
[209065000] READ WORD = xxxxxxxx
[209685000] READ WORD = xxxxxxxx
[210305000] READ WORD = xxxxxxxx
[210925000] READ WORD = xxxxxxxx
[211545000] READ WORD = xxxxxxxx
[212165000] READ WORD = xxxxxxxx
[212785000] READ WORD = xxxxxxxx
[213405000] READ WORD = xxxxxxxx
[214025000] READ WORD = xxxxxxxx
[214645000] READ WORD = xxxxxxxx
[215265000] READ WORD = xxxxxxxx
[215885000] READ WORD = xxxxxxxx
[216505000] READ WORD = xxxxxxxx
[217125000] READ WORD = xxxxxxxx
[217745000] READ WORD = xxxxxxxx
[218365000] READ WORD = xxxxxxxx
[218985000] READ WORD = xxxxxxxx
[219605000] READ WORD = xxxxxxxx
[220225000] READ WORD = xxxxxxxx
[220845000] READ WORD = xxxxxxxx
[221465000] READ WORD = xxxxxxxx
[222085000] READ WORD = xxxxxxxx
[222705000] READ WORD = xxxxxxxx
[223325000] READ WORD = xxxxxxxx
[223945000] READ WORD = xxxxxxxx
[224565000] READ WORD = xxxxxxxx
[225185000] READ WORD = xxxxxxxx
[225805000] READ WORD = xxxxxxxx
[226425000] READ WORD = xxxxxxxx
[227045000] READ WORD = xxxxxxxx
[227665000] READ WORD = xxxxxxxx
[228285000] READ WORD = xxxxxxxx
[228905000] READ WORD = xxxxxxxx
[229525000] READ WORD = xxxxxxxx
[230145000] READ WORD = xxxxxxxx
[230765000] READ WORD = xxxxxxxx
[231385000] READ WORD = xxxxxxxx
[232005000] READ WORD = xxxxxxxx
[232625000] READ WORD = xxxxxxxx
[233245000] READ WORD = xxxxxxxx
[233865000] READ WORD = xxxxxxxx
[234485000] READ WORD = xxxxxxxx
[235105000] READ WORD = xxxxxxxx
[235725000] READ WORD = xxxxxxxx
[236345000] READ WORD = xxxxxxxx
[236965000] READ WORD = xxxxxxxx
[237585000] READ WORD = xxxxxxxx
[238205000] READ WORD = xxxxxxxx
[238825000] READ WORD = xxxxxxxx
[239445000] READ WORD = xxxxxxxx
[240065000] READ WORD = xxxxxxxx
[240685000] READ WORD = xxxxxxxx
[241305000] READ WORD = xxxxxxxx
[241925000] READ WORD = xxxxxxxx
[242545000] READ WORD = xxxxxxxx
[243165000] READ WORD = xxxxxxxx
[243785000] READ WORD = xxxxxxxx
[244405000] READ WORD = xxxxxxxx
[245025000] READ WORD = xxxxxxxx
[245645000] READ WORD = xxxxxxxx
[246265000] READ WORD = xxxxxxxx
[246885000] READ WORD = xxxxxxxx
[247505000] READ WORD = xxxxxxxx
[248125000] READ WORD = xxxxxxxx
[248745000] READ WORD = xxxxxxxx
[249365000] READ WORD = xxxxxxxx
[249985000] READ WORD = xxxxxxxx
[250605000] READ WORD = xxxxxxxx
[251225000] READ WORD = xxxxxxxx
[251845000] READ WORD = xxxxxxxx
[252465000] READ WORD = xxxxxxxx
[253085000] READ WORD = xxxxxxxx
[253705000] READ WORD = xxxxxxxx
[254325000] READ WORD = xxxxxxxx
[254945000] READ WORD = xxxxxxxx
[255565000] READ WORD = xxxxxxxx
[256185000] READ WORD = xxxxxxxx
[256805000] READ WORD = xxxxxxxx
[257425000] READ WORD = xxxxxxxx
[258045000] READ WORD = xxxxxxxx
[258665000] READ WORD = xxxxxxxx
[259285000] READ WORD = xxxxxxxx
[259905000] READ WORD = xxxxxxxx
[260525000] READ WORD = xxxxxxxx
[261145000] READ WORD = xxxxxxxx
[261765000] READ WORD = xxxxxxxx
[262385000] READ WORD = xxxxxxxx
[263005000] READ WORD = xxxxxxxx
[263625000] READ WORD = xxxxxxxx
[264245000] READ WORD = xxxxxxxx
[264865000] READ WORD = xxxxxxxx
[265485000] READ WORD = xxxxxxxx
[266105000] READ WORD = xxxxxxxx
[266725000] READ WORD = xxxxxxxx
[267345000] READ WORD = xxxxxxxx
[267965000] READ WORD = xxxxxxxx
[268585000] READ WORD = xxxxxxxx
[269205000] READ WORD = xxxxxxxx
[269825000] READ WORD = xxxxxxxx
[270445000] READ WORD = xxxxxxxx
[271065000] READ WORD = xxxxxxxx
[271685000] READ WORD = xxxxxxxx
[272305000] READ WORD = xxxxxxxx
[272925000] READ WORD = xxxxxxxx
[273545000] READ WORD = xxxxxxxx
[274165000] READ WORD = xxxxxxxx
[274785000] READ WORD = xxxxxxxx
[275405000] READ WORD = xxxxxxxx
[276025000] READ WORD = xxxxxxxx
[276645000] READ WORD = xxxxxxxx
[277265000] READ WORD = xxxxxxxx
[277885000] READ WORD = xxxxxxxx
[278505000] READ WORD = xxxxxxxx
[279125000] READ WORD = xxxxxxxx
[279745000] READ WORD = xxxxxxxx
[280365000] READ WORD = xxxxxxxx
[280985000] READ WORD = xxxxxxxx
[281605000] READ WORD = xxxxxxxx
[282225000] READ WORD = xxxxxxxx
[282845000] READ WORD = xxxxxxxx
[283465000] READ WORD = xxxxxxxx
[284085000] READ WORD = xxxxxxxx
[284705000] READ WORD = xxxxxxxx
[285325000] READ WORD = xxxxxxxx
[285945000] READ WORD = xxxxxxxx
[286565000] READ WORD = xxxxxxxx
[287185000] READ WORD = xxxxxxxx
[287805000] READ WORD = xxxxxxxx
[288425000] READ WORD = xxxxxxxx
[289045000] READ WORD = xxxxxxxx
[289665000] READ WORD = xxxxxxxx
[290285000] READ WORD = xxxxxxxx
[290905000] READ WORD = xxxxxxxx
[291525000] READ WORD = xxxxxxxx
[292145000] READ WORD = xxxxxxxx
[292765000] READ WORD = xxxxxxxx
[293385000] READ WORD = xxxxxxxx
[294005000] READ WORD = xxxxxxxx
[294625000] READ WORD = xxxxxxxx
[295245000] READ WORD = xxxxxxxx
[295865000] READ WORD = xxxxxxxx
[296485000] READ WORD = xxxxxxxx
[297105000] READ WORD = xxxxxxxx
[297725000] READ WORD = xxxxxxxx
[298345000] READ WORD = xxxxxxxx
[298965000] READ WORD = xxxxxxxx
[299585000] READ WORD = xxxxxxxx
[300205000] READ WORD = xxxxxxxx
[300825000] READ WORD = xxxxxxxx
[301445000] READ WORD = xxxxxxxx
[302065000] READ WORD = xxxxxxxx
[302685000] READ WORD = xxxxxxxx
[303305000] READ WORD = xxxxxxxx
[303925000] READ WORD = xxxxxxxx
[304545000] READ WORD = xxxxxxxx
[305165000] READ WORD = xxxxxxxx
[305785000] READ WORD = xxxxxxxx
[306405000] READ WORD = xxxxxxxx
[307025000] READ WORD = xxxxxxxx
[307645000] READ WORD = xxxxxxxx
[308265000] READ WORD = xxxxxxxx
[308885000] READ WORD = xxxxxxxx
[309505000] READ WORD = xxxxxxxx
[310125000] READ WORD = xxxxxxxx
[310745000] READ WORD = xxxxxxxx
[311365000] READ WORD = xxxxxxxx
[311985000] READ WORD = xxxxxxxx
[312605000] READ WORD = xxxxxxxx
[313225000] READ WORD = xxxxxxxx
[313845000] READ WORD = xxxxxxxx
[314465000] READ WORD = xxxxxxxx
[315085000] READ WORD = xxxxxxxx
[315705000] READ WORD = xxxxxxxx
[316325000] READ WORD = xxxxxxxx
[316945000] READ WORD = xxxxxxxx
[317565000] READ WORD = xxxxxxxx
[318185000] READ WORD = xxxxxxxx
[318805000] READ WORD = xxxxxxxx
[319425000] READ WORD = xxxxxxxx
[320045000] READ WORD = xxxxxxxx
[320665000] READ WORD = xxxxxxxx
[321285000] READ WORD = xxxxxxxx
[321905000] READ WORD = xxxxxxxx
[322525000] READ WORD = xxxxxxxx
[323145000] READ WORD = xxxxxxxx
[323765000] READ WORD = xxxxxxxx
[324385000] READ WORD = xxxxxxxx
[325005000] READ WORD = xxxxxxxx
[325625000] READ WORD = xxxxxxxx
[326245000] READ WORD = xxxxxxxx
[326865000] READ WORD = xxxxxxxx
[327485000] READ WORD = xxxxxxxx
[328105000] READ WORD = xxxxxxxx
[328725000] READ WORD = xxxxxxxx
[329345000] READ WORD = xxxxxxxx
[329965000] READ WORD = xxxxxxxx
[330585000] READ WORD = xxxxxxxx
[331205000] READ WORD = xxxxxxxx
[331825000] READ WORD = xxxxxxxx
[332445000] READ WORD = xxxxxxxx
[333065000] READ WORD = xxxxxxxx
[333685000] READ WORD = xxxxxxxx
[334305000] READ WORD = xxxxxxxx
[334925000] READ WORD = xxxxxxxx
[335545000] READ WORD = xxxxxxxx
[336165000] READ WORD = xxxxxxxx
[336785000] READ WORD = xxxxxxxx
[337405000] READ WORD = xxxxxxxx
[338025000] READ WORD = xxxxxxxx
[338645000] READ WORD = xxxxxxxx
[339265000] READ WORD = xxxxxxxx
[339885000] READ WORD = xxxxxxxx
[340505000] READ WORD = xxxxxxxx
[341125000] READ WORD = xxxxxxxx
[341745000] READ WORD = xxxxxxxx
[342365000] READ WORD = xxxxxxxx
[342985000] READ WORD = xxxxxxxx
[343605000] READ WORD = xxxxxxxx
[344225000] READ WORD = xxxxxxxx
[344845000] READ WORD = xxxxxxxx
[345465000] READ WORD = xxxxxxxx
[346085000] READ WORD = xxxxxxxx
[346705000] READ WORD = xxxxxxxx
[347325000] READ WORD = xxxxxxxx
[347945000] READ WORD = xxxxxxxx
[348565000] READ WORD = xxxxxxxx
[349185000] READ WORD = xxxxxxxx
[349805000] READ WORD = xxxxxxxx
[350425000] READ WORD = xxxxxxxx
[351045000] READ WORD = xxxxxxxx
[351665000] READ WORD = xxxxxxxx
[352285000] READ WORD = xxxxxxxx
[352905000] READ WORD = xxxxxxxx
[353525000] READ WORD = xxxxxxxx
[354145000] READ WORD = xxxxxxxx
[354765000] READ WORD = xxxxxxxx
[355385000] READ WORD = xxxxxxxx
[356005000] READ WORD = xxxxxxxx
[356625000] READ WORD = xxxxxxxx
[357245000] READ WORD = xxxxxxxx
[357865000] READ WORD = xxxxxxxx
[358485000] READ WORD = xxxxxxxx
[359105000] READ WORD = xxxxxxxx
[359725000] READ WORD = xxxxxxxx
[360345000] READ WORD = xxxxxxxx
[360965000] READ WORD = xxxxxxxx
[361585000] READ WORD = xxxxxxxx
[362205000] READ WORD = xxxxxxxx
[362825000] READ WORD = xxxxxxxx
[363445000] READ WORD = xxxxxxxx
[364065000] READ WORD = xxxxxxxx
[364685000] READ WORD = xxxxxxxx
[365305000] READ WORD = xxxxxxxx
[365925000] READ WORD = xxxxxxxx
[366545000] READ WORD = xxxxxxxx
[367165000] READ WORD = xxxxxxxx
[367785000] READ WORD = xxxxxxxx
[368405000] READ WORD = xxxxxxxx
[369025000] READ WORD = xxxxxxxx
[369645000] READ WORD = xxxxxxxx
[370265000] READ WORD = xxxxxxxx
[370885000] READ WORD = xxxxxxxx
[371505000] READ WORD = xxxxxxxx
[372125000] READ WORD = xxxxxxxx
[372745000] READ WORD = xxxxxxxx
[373365000] READ WORD = xxxxxxxx
[373985000] READ WORD = xxxxxxxx
[374605000] READ WORD = xxxxxxxx
[375225000] READ WORD = xxxxxxxx
[375845000] READ WORD = xxxxxxxx
[376465000] READ WORD = xxxxxxxx
[377085000] READ WORD = xxxxxxxx
[377705000] READ WORD = xxxxxxxx
[378325000] READ WORD = xxxxxxxx
[378945000] READ WORD = xxxxxxxx
[379565000] READ WORD = xxxxxxxx
[380185000] READ WORD = xxxxxxxx
[380805000] READ WORD = xxxxxxxx
[381425000] READ WORD = xxxxxxxx
[382045000] READ WORD = xxxxxxxx
[382665000] READ WORD = xxxxxxxx
[383285000] READ WORD = xxxxxxxx
[383905000] READ WORD = xxxxxxxx
[384525000] READ WORD = xxxxxxxx
[385145000] READ WORD = xxxxxxxx
[385765000] READ WORD = xxxxxxxx
[386385000] READ WORD = xxxxxxxx
[387005000] READ WORD = xxxxxxxx
[387625000] READ WORD = xxxxxxxx
[388245000] READ WORD = xxxxxxxx
[388865000] READ WORD = xxxxxxxx
[389485000] READ WORD = xxxxxxxx
[390105000] READ WORD = xxxxxxxx
[390725000] READ WORD = xxxxxxxx
[391345000] READ WORD = xxxxxxxx
[391965000] READ WORD = xxxxxxxx
[392585000] READ WORD = xxxxxxxx
[393205000] READ WORD = xxxxxxxx
[393825000] READ WORD = xxxxxxxx
[394445000] READ WORD = xxxxxxxx
[395065000] READ WORD = xxxxxxxx
[395685000] READ WORD = xxxxxxxx
[396305000] READ WORD = xxxxxxxx
[396925000] READ WORD = xxxxxxxx
[397545000] READ WORD = xxxxxxxx
[398165000] READ WORD = xxxxxxxx
[398785000] READ WORD = xxxxxxxx
[399405000] READ WORD = xxxxxxxx
[400025000] READ WORD = xxxxxxxx
[400645000] READ WORD = xxxxxxxx
[401265000] READ WORD = xxxxxxxx
[401885000] READ WORD = xxxxxxxx
[402505000] READ WORD = xxxxxxxx
[403125000] READ WORD = xxxxxxxx
[403745000] READ WORD = xxxxxxxx
[404365000] READ WORD = xxxxxxxx
[404985000] READ WORD = xxxxxxxx
[405605000] READ WORD = xxxxxxxx
[406225000] READ WORD = xxxxxxxx
[406845000] READ WORD = xxxxxxxx
[407465000] READ WORD = xxxxxxxx
[408085000] READ WORD = xxxxxxxx
[408705000] READ WORD = xxxxxxxx
[409325000] READ WORD = xxxxxxxx
[409945000] READ WORD = xxxxxxxx
[410565000] READ WORD = xxxxxxxx
[411185000] READ WORD = xxxxxxxx
[411805000] READ WORD = xxxxxxxx
[412425000] READ WORD = xxxxxxxx
[413045000] READ WORD = xxxxxxxx
[413665000] READ WORD = xxxxxxxx
[414285000] READ WORD = xxxxxxxx
[414905000] READ WORD = xxxxxxxx
[415525000] READ WORD = xxxxxxxx
[416145000] READ WORD = xxxxxxxx
[416765000] READ WORD = xxxxxxxx
[417385000] READ WORD = xxxxxxxx
[418005000] READ WORD = xxxxxxxx
[418625000] READ WORD = xxxxxxxx
[419245000] READ WORD = xxxxxxxx
[419865000] READ WORD = xxxxxxxx
[420485000] READ WORD = xxxxxxxx
[421105000] READ WORD = xxxxxxxx
[421725000] READ WORD = xxxxxxxx
[422345000] READ WORD = xxxxxxxx
[422965000] READ WORD = xxxxxxxx
[423585000] READ WORD = xxxxxxxx
[424205000] READ WORD = xxxxxxxx
[424825000] READ WORD = xxxxxxxx
[425445000] READ WORD = xxxxxxxx
[426065000] READ WORD = xxxxxxxx
[426685000] READ WORD = xxxxxxxx
[427305000] READ WORD = xxxxxxxx
[427925000] READ WORD = xxxxxxxx
[428545000] READ WORD = xxxxxxxx
[429165000] READ WORD = xxxxxxxx
[429785000] READ WORD = xxxxxxxx
[430405000] READ WORD = xxxxxxxx
[431025000] READ WORD = xxxxxxxx
[431645000] READ WORD = xxxxxxxx
[432265000] READ WORD = xxxxxxxx
[432885000] READ WORD = xxxxxxxx
[433505000] READ WORD = xxxxxxxx
[434125000] READ WORD = xxxxxxxx
[434745000] READ WORD = xxxxxxxx
[435365000] READ WORD = xxxxxxxx
[435985000] READ WORD = xxxxxxxx
[436605000] READ WORD = xxxxxxxx
[437225000] READ WORD = xxxxxxxx
[437845000] READ WORD = xxxxxxxx
[438465000] READ WORD = xxxxxxxx
[439085000] READ WORD = xxxxxxxx
[439705000] READ WORD = xxxxxxxx
[440325000] READ WORD = xxxxxxxx
[440945000] READ WORD = xxxxxxxx
[441565000] READ WORD = xxxxxxxx
[442185000] READ WORD = xxxxxxxx
[442805000] READ WORD = xxxxxxxx
[443425000] READ WORD = xxxxxxxx
[444045000] READ WORD = xxxxxxxx
[444665000] READ WORD = xxxxxxxx
[445285000] READ WORD = xxxxxxxx
[445905000] READ WORD = xxxxxxxx
[446525000] READ WORD = xxxxxxxx
[447145000] READ WORD = xxxxxxxx
[447765000] READ WORD = xxxxxxxx
[448385000] READ WORD = xxxxxxxx
[449005000] READ WORD = xxxxxxxx
[449625000] READ WORD = xxxxxxxx
[450245000] READ WORD = xxxxxxxx
[450865000] READ WORD = xxxxxxxx
[451485000] READ WORD = xxxxxxxx
[452105000] READ WORD = xxxxxxxx
[452725000] READ WORD = xxxxxxxx
[453345000] READ WORD = xxxxxxxx
[453965000] READ WORD = xxxxxxxx
[454585000] READ WORD = xxxxxxxx
[455205000] READ WORD = xxxxxxxx
[455825000] READ WORD = xxxxxxxx
[456445000] READ WORD = xxxxxxxx
[457065000] READ WORD = xxxxxxxx
[457685000] READ WORD = xxxxxxxx
[458305000] READ WORD = xxxxxxxx
[458925000] READ WORD = xxxxxxxx
[459545000] READ WORD = xxxxxxxx
[460165000] READ WORD = xxxxxxxx
[460785000] READ WORD = xxxxxxxx
[461405000] READ WORD = xxxxxxxx
[462025000] READ WORD = xxxxxxxx
[462645000] READ WORD = xxxxxxxx
[463265000] READ WORD = xxxxxxxx
[463885000] READ WORD = xxxxxxxx
[464505000] READ WORD = xxxxxxxx
[465125000] READ WORD = xxxxxxxx
[465745000] READ WORD = xxxxxxxx
[466365000] READ WORD = xxxxxxxx
[466985000] READ WORD = xxxxxxxx
[467605000] READ WORD = xxxxxxxx
[468225000] READ WORD = xxxxxxxx
[468845000] READ WORD = xxxxxxxx
[469465000] READ WORD = xxxxxxxx
[470085000] READ WORD = xxxxxxxx
[470705000] READ WORD = xxxxxxxx
[471325000] READ WORD = xxxxxxxx
[471945000] READ WORD = xxxxxxxx
[472565000] READ WORD = xxxxxxxx
[473185000] READ WORD = xxxxxxxx
[473805000] READ WORD = xxxxxxxx
[474425000] READ WORD = xxxxxxxx
[475045000] READ WORD = xxxxxxxx
[475665000] READ WORD = xxxxxxxx
[476285000] READ WORD = xxxxxxxx
[476905000] READ WORD = xxxxxxxx
[477525000] READ WORD = xxxxxxxx
[478145000] READ WORD = xxxxxxxx
[478765000] READ WORD = xxxxxxxx
[479385000] READ WORD = xxxxxxxx
[480005000] READ WORD = xxxxxxxx
[480625000] READ WORD = xxxxxxxx
[481245000] READ WORD = xxxxxxxx
[481865000] READ WORD = xxxxxxxx
[482485000] READ WORD = xxxxxxxx
[483105000] READ WORD = xxxxxxxx
[483725000] READ WORD = xxxxxxxx
[484345000] READ WORD = xxxxxxxx
[484965000] READ WORD = xxxxxxxx
[485585000] READ WORD = xxxxxxxx
[486205000] READ WORD = xxxxxxxx
[486825000] READ WORD = xxxxxxxx
[487445000] READ WORD = xxxxxxxx
[488065000] READ WORD = xxxxxxxx
[488685000] READ WORD = xxxxxxxx
[489305000] READ WORD = xxxxxxxx
[489925000] READ WORD = xxxxxxxx
[490545000] READ WORD = xxxxxxxx
[491165000] READ WORD = xxxxxxxx
[491785000] READ WORD = xxxxxxxx
[492405000] READ WORD = xxxxxxxx
[493025000] READ WORD = xxxxxxxx
[493645000] READ WORD = xxxxxxxx
[494265000] READ WORD = xxxxxxxx
[494885000] READ WORD = xxxxxxxx
[495505000] READ WORD = xxxxxxxx
[496125000] READ WORD = xxxxxxxx
[496745000] READ WORD = xxxxxxxx
[497365000] READ WORD = xxxxxxxx
[497985000] READ WORD = xxxxxxxx
[498605000] READ WORD = xxxxxxxx
[499225000] READ WORD = xxxxxxxx
[499845000] READ WORD = xxxxxxxx
[500465000] READ WORD = xxxxxxxx
[501085000] READ WORD = xxxxxxxx
[501705000] READ WORD = xxxxxxxx
[502325000] READ WORD = xxxxxxxx
[502945000] READ WORD = xxxxxxxx
[503565000] READ WORD = xxxxxxxx
[504185000] READ WORD = xxxxxxxx
[504805000] READ WORD = xxxxxxxx
[505425000] READ WORD = xxxxxxxx
[506045000] READ WORD = xxxxxxxx
[506665000] READ WORD = xxxxxxxx
[507285000] READ WORD = xxxxxxxx
[507905000] READ WORD = xxxxxxxx
[508525000] READ WORD = xxxxxxxx
[509145000] READ WORD = xxxxxxxx
[509765000] READ WORD = xxxxxxxx
[510385000] READ WORD = xxxxxxxx
[511005000] READ WORD = xxxxxxxx
[511625000] READ WORD = xxxxxxxx
[512245000] READ WORD = xxxxxxxx
[512865000] READ WORD = xxxxxxxx
[513485000] READ WORD = xxxxxxxx
[514105000] READ WORD = xxxxxxxx
[514725000] READ WORD = xxxxxxxx
[515345000] READ WORD = xxxxxxxx
[515965000] READ WORD = xxxxxxxx
[516585000] READ WORD = xxxxxxxx
[517205000] READ WORD = xxxxxxxx
[517825000] READ WORD = xxxxxxxx
[518445000] READ WORD = xxxxxxxx
[519065000] READ WORD = xxxxxxxx
[519685000] READ WORD = xxxxxxxx
[520305000] READ WORD = xxxxxxxx
[520925000] READ WORD = xxxxxxxx
[521545000] READ WORD = xxxxxxxx
[522165000] READ WORD = xxxxxxxx
[522785000] READ WORD = xxxxxxxx
[523405000] READ WORD = xxxxxxxx
[524025000] READ WORD = xxxxxxxx
[524645000] READ WORD = xxxxxxxx
[525265000] READ WORD = xxxxxxxx
[525885000] READ WORD = xxxxxxxx
[526505000] READ WORD = xxxxxxxx
[527125000] READ WORD = xxxxxxxx
[527745000] READ WORD = xxxxxxxx
[528365000] READ WORD = xxxxxxxx
[528985000] READ WORD = xxxxxxxx
[529605000] READ WORD = xxxxxxxx
[530225000] READ WORD = xxxxxxxx
[530845000] READ WORD = xxxxxxxx
[531465000] READ WORD = xxxxxxxx
[532085000] READ WORD = xxxxxxxx
[532705000] READ WORD = xxxxxxxx
[533325000] READ WORD = xxxxxxxx
[533945000] READ WORD = xxxxxxxx
[534565000] READ WORD = xxxxxxxx
[535185000] READ WORD = xxxxxxxx
[535805000] READ WORD = xxxxxxxx
[536425000] READ WORD = xxxxxxxx
[537045000] READ WORD = xxxxxxxx
[537665000] READ WORD = xxxxxxxx
[538285000] READ WORD = xxxxxxxx
[538905000] READ WORD = xxxxxxxx
[539525000] READ WORD = xxxxxxxx
[540145000] READ WORD = xxxxxxxx
[540765000] READ WORD = xxxxxxxx
[541385000] READ WORD = xxxxxxxx
[542005000] READ WORD = xxxxxxxx
[542625000] READ WORD = xxxxxxxx
[543245000] READ WORD = xxxxxxxx
[543865000] READ WORD = xxxxxxxx
[544485000] READ WORD = xxxxxxxx
[545105000] READ WORD = xxxxxxxx
[545725000] READ WORD = xxxxxxxx
[546345000] READ WORD = xxxxxxxx
[546965000] READ WORD = xxxxxxxx
[547585000] READ WORD = xxxxxxxx
[548205000] READ WORD = xxxxxxxx
[548825000] READ WORD = xxxxxxxx
[549445000] READ WORD = xxxxxxxx
[550065000] READ WORD = xxxxxxxx
[550685000] READ WORD = xxxxxxxx
[551305000] READ WORD = xxxxxxxx
[551925000] READ WORD = xxxxxxxx
[552545000] READ WORD = xxxxxxxx
[553165000] READ WORD = xxxxxxxx
[553785000] READ WORD = xxxxxxxx
[554405000] READ WORD = xxxxxxxx
[555025000] READ WORD = xxxxxxxx
[555645000] READ WORD = xxxxxxxx
[556265000] READ WORD = xxxxxxxx
[556885000] READ WORD = xxxxxxxx
[557505000] READ WORD = xxxxxxxx
[558125000] READ WORD = xxxxxxxx
[558745000] READ WORD = xxxxxxxx
[559365000] READ WORD = xxxxxxxx
[559985000] READ WORD = xxxxxxxx
[560605000] READ WORD = xxxxxxxx
[561225000] READ WORD = xxxxxxxx
[561845000] READ WORD = xxxxxxxx
[562465000] READ WORD = xxxxxxxx
[563085000] READ WORD = xxxxxxxx
[563705000] READ WORD = xxxxxxxx
[564325000] READ WORD = xxxxxxxx
[564945000] READ WORD = xxxxxxxx
[565565000] READ WORD = xxxxxxxx
[566185000] READ WORD = xxxxxxxx
[566805000] READ WORD = xxxxxxxx
[567425000] READ WORD = xxxxxxxx
[568045000] READ WORD = xxxxxxxx
[568665000] READ WORD = xxxxxxxx
[569285000] READ WORD = xxxxxxxx
[569905000] READ WORD = xxxxxxxx
[570525000] READ WORD = xxxxxxxx
[571145000] READ WORD = xxxxxxxx
[571765000] READ WORD = xxxxxxxx
[572385000] READ WORD = xxxxxxxx
[573005000] READ WORD = xxxxxxxx
[573625000] READ WORD = xxxxxxxx
[574245000] READ WORD = xxxxxxxx
[574865000] READ WORD = xxxxxxxx
[575485000] READ WORD = xxxxxxxx
[576105000] READ WORD = xxxxxxxx
[576725000] READ WORD = xxxxxxxx
[577345000] READ WORD = xxxxxxxx
[577965000] READ WORD = xxxxxxxx
[578585000] READ WORD = xxxxxxxx
[579205000] READ WORD = xxxxxxxx
[579825000] READ WORD = xxxxxxxx
[580445000] READ WORD = xxxxxxxx
[581065000] READ WORD = xxxxxxxx
[581685000] READ WORD = xxxxxxxx
[582305000] READ WORD = xxxxxxxx
[582925000] READ WORD = xxxxxxxx
[583545000] READ WORD = xxxxxxxx
[584165000] READ WORD = xxxxxxxx
[584785000] READ WORD = xxxxxxxx
[585405000] READ WORD = xxxxxxxx
[586025000] READ WORD = xxxxxxxx
[586645000] READ WORD = xxxxxxxx
[587265000] READ WORD = xxxxxxxx
[587885000] READ WORD = xxxxxxxx
[588505000] READ WORD = xxxxxxxx
[589125000] READ WORD = xxxxxxxx
[589745000] READ WORD = xxxxxxxx
[590365000] READ WORD = xxxxxxxx
[590985000] READ WORD = xxxxxxxx
[591605000] READ WORD = xxxxxxxx
[592225000] READ WORD = xxxxxxxx
[592845000] READ WORD = xxxxxxxx
[593465000] READ WORD = xxxxxxxx
[594085000] READ WORD = xxxxxxxx
[594705000] READ WORD = xxxxxxxx
[595325000] READ WORD = xxxxxxxx
[595945000] READ WORD = xxxxxxxx
[596565000] READ WORD = xxxxxxxx
[597185000] READ WORD = xxxxxxxx
[597805000] READ WORD = xxxxxxxx
[598425000] READ WORD = xxxxxxxx
[599045000] READ WORD = xxxxxxxx
[599665000] READ WORD = xxxxxxxx
[600285000] READ WORD = xxxxxxxx
[600905000] READ WORD = xxxxxxxx
[601525000] READ WORD = xxxxxxxx
[602145000] READ WORD = xxxxxxxx
[602765000] READ WORD = xxxxxxxx
[603385000] READ WORD = xxxxxxxx
[604005000] READ WORD = xxxxxxxx
[604625000] READ WORD = xxxxxxxx
[605245000] READ WORD = xxxxxxxx
[605865000] READ WORD = xxxxxxxx
[606485000] READ WORD = xxxxxxxx
[607105000] READ WORD = xxxxxxxx
[607725000] READ WORD = xxxxxxxx
[608345000] READ WORD = xxxxxxxx
[608965000] READ WORD = xxxxxxxx
[609585000] READ WORD = xxxxxxxx
[610205000] READ WORD = xxxxxxxx
[610825000] READ WORD = xxxxxxxx
[611445000] READ WORD = xxxxxxxx
[612065000] READ WORD = xxxxxxxx
[612685000] READ WORD = xxxxxxxx
[613305000] READ WORD = xxxxxxxx
[613925000] READ WORD = xxxxxxxx
[614545000] READ WORD = xxxxxxxx
[615165000] READ WORD = xxxxxxxx
[615785000] READ WORD = xxxxxxxx
[616405000] READ WORD = xxxxxxxx
[617025000] READ WORD = xxxxxxxx
[617645000] READ WORD = xxxxxxxx
[618265000] READ WORD = xxxxxxxx
[618885000] READ WORD = xxxxxxxx
[619505000] READ WORD = xxxxxxxx
[620125000] READ WORD = xxxxxxxx
[620745000] READ WORD = xxxxxxxx
[621365000] READ WORD = xxxxxxxx
[621985000] READ WORD = xxxxxxxx
[622605000] READ WORD = xxxxxxxx
[623225000] READ WORD = xxxxxxxx
[623845000] READ WORD = xxxxxxxx
[624465000] READ WORD = xxxxxxxx
[625085000] READ WORD = xxxxxxxx
[625705000] READ WORD = xxxxxxxx
[626325000] READ WORD = xxxxxxxx
[626945000] READ WORD = xxxxxxxx
[627565000] READ WORD = xxxxxxxx
[628185000] READ WORD = xxxxxxxx
[628805000] READ WORD = xxxxxxxx
[629425000] READ WORD = xxxxxxxx
[630045000] READ WORD = xxxxxxxx
[630665000] READ WORD = xxxxxxxx
[631285000] READ WORD = xxxxxxxx
[631905000] READ WORD = xxxxxxxx
[632525000] READ WORD = xxxxxxxx
[633145000] READ WORD = xxxxxxxx
[633765000] READ WORD = xxxxxxxx
[634385000] READ WORD = xxxxxxxx
[635005000] READ WORD = xxxxxxxx
[635625000] READ WORD = xxxxxxxx
[636245000] READ WORD = xxxxxxxx
[636865000] READ WORD = xxxxxxxx
[637485000] READ WORD = xxxxxxxx
[638105000] READ WORD = xxxxxxxx
[638725000] READ WORD = xxxxxxxx
[639345000] READ WORD = xxxxxxxx
[639965000] READ WORD = xxxxxxxx
[640585000] READ WORD = xxxxxxxx
[641205000] READ WORD = xxxxxxxx
[641825000] READ WORD = xxxxxxxx
[642445000] READ WORD = xxxxxxxx
[643065000] READ WORD = xxxxxxxx
[643685000] READ WORD = xxxxxxxx
[644305000] READ WORD = xxxxxxxx
[644925000] READ WORD = xxxxxxxx
[645545000] READ WORD = xxxxxxxx
[646165000] READ WORD = xxxxxxxx
[646785000] READ WORD = xxxxxxxx
[647405000] READ WORD = xxxxxxxx
[648025000] READ WORD = xxxxxxxx
[648645000] READ WORD = xxxxxxxx
[649265000] READ WORD = xxxxxxxx
[649885000] READ WORD = xxxxxxxx
[650505000] READ WORD = xxxxxxxx
[651125000] READ WORD = xxxxxxxx
[651745000] READ WORD = xxxxxxxx
[652365000] READ WORD = xxxxxxxx
[652985000] READ WORD = xxxxxxxx
[653605000] READ WORD = xxxxxxxx
[654225000] READ WORD = xxxxxxxx
[654845000] READ WORD = xxxxxxxx
[655465000] READ WORD = xxxxxxxx
[656085000] READ WORD = xxxxxxxx
[656705000] READ WORD = xxxxxxxx
[657325000] READ WORD = xxxxxxxx
[657945000] READ WORD = xxxxxxxx
[658565000] READ WORD = xxxxxxxx
[659185000] READ WORD = xxxxxxxx
[659805000] READ WORD = xxxxxxxx
[660425000] READ WORD = xxxxxxxx
[661045000] READ WORD = xxxxxxxx
[661665000] READ WORD = xxxxxxxx
[662285000] READ WORD = xxxxxxxx
[662905000] READ WORD = xxxxxxxx
[663525000] READ WORD = xxxxxxxx
[664145000] READ WORD = xxxxxxxx
[664765000] READ WORD = xxxxxxxx
[665385000] READ WORD = xxxxxxxx
[666005000] READ WORD = xxxxxxxx
[666625000] READ WORD = xxxxxxxx
[667245000] READ WORD = xxxxxxxx
[667865000] READ WORD = xxxxxxxx
[668485000] READ WORD = xxxxxxxx
[669105000] READ WORD = xxxxxxxx
[669725000] READ WORD = xxxxxxxx
[670345000] READ WORD = xxxxxxxx
[670965000] READ WORD = xxxxxxxx
[671585000] READ WORD = xxxxxxxx
[672205000] READ WORD = xxxxxxxx
[672825000] READ WORD = xxxxxxxx
[673445000] READ WORD = xxxxxxxx
[674065000] READ WORD = xxxxxxxx
[674685000] READ WORD = xxxxxxxx
[675305000] READ WORD = xxxxxxxx
[675925000] READ WORD = xxxxxxxx
[676545000] READ WORD = xxxxxxxx
[677165000] READ WORD = xxxxxxxx
[677785000] READ WORD = xxxxxxxx
[678405000] READ WORD = xxxxxxxx
[679025000] READ WORD = xxxxxxxx
[679645000] READ WORD = xxxxxxxx
[680265000] READ WORD = xxxxxxxx
[680885000] READ WORD = xxxxxxxx
[681505000] READ WORD = xxxxxxxx
[682125000] READ WORD = xxxxxxxx
[682745000] READ WORD = xxxxxxxx
[683365000] READ WORD = xxxxxxxx
[683985000] READ WORD = xxxxxxxx
[684605000] READ WORD = xxxxxxxx
[685225000] READ WORD = xxxxxxxx
[685845000] READ WORD = xxxxxxxx
[686465000] READ WORD = xxxxxxxx
[687085000] READ WORD = xxxxxxxx
[687705000] READ WORD = xxxxxxxx
[688325000] READ WORD = xxxxxxxx
[688945000] READ WORD = xxxxxxxx
[689565000] READ WORD = xxxxxxxx
[690185000] READ WORD = xxxxxxxx
[690805000] READ WORD = xxxxxxxx
[691425000] READ WORD = xxxxxxxx
[692045000] READ WORD = xxxxxxxx
[692665000] READ WORD = xxxxxxxx
[693285000] READ WORD = xxxxxxxx
[693905000] READ WORD = xxxxxxxx
[694525000] READ WORD = xxxxxxxx
[695145000] READ WORD = xxxxxxxx
[695765000] READ WORD = xxxxxxxx
[696385000] READ WORD = xxxxxxxx
[697005000] READ WORD = xxxxxxxx
[697625000] READ WORD = xxxxxxxx
[698245000] READ WORD = xxxxxxxx
[698865000] READ WORD = xxxxxxxx
[699485000] READ WORD = xxxxxxxx
[700105000] READ WORD = xxxxxxxx
[700725000] READ WORD = xxxxxxxx
[701345000] READ WORD = xxxxxxxx
[701965000] READ WORD = xxxxxxxx
[702585000] READ WORD = xxxxxxxx
[703205000] READ WORD = xxxxxxxx
[703825000] READ WORD = xxxxxxxx
[704445000] READ WORD = xxxxxxxx
[705065000] READ WORD = xxxxxxxx
[705685000] READ WORD = xxxxxxxx
[706305000] READ WORD = xxxxxxxx
[706925000] READ WORD = xxxxxxxx
[707545000] READ WORD = xxxxxxxx
[708165000] READ WORD = xxxxxxxx
[708785000] READ WORD = xxxxxxxx
[709405000] READ WORD = xxxxxxxx
[710025000] READ WORD = xxxxxxxx
[710645000] READ WORD = xxxxxxxx
[711265000] READ WORD = xxxxxxxx
[711885000] READ WORD = xxxxxxxx
[712505000] READ WORD = xxxxxxxx
[713125000] READ WORD = xxxxxxxx
[713745000] READ WORD = xxxxxxxx
[714365000] READ WORD = xxxxxxxx
[714985000] READ WORD = xxxxxxxx
[715605000] READ WORD = xxxxxxxx
[716225000] READ WORD = xxxxxxxx
[716845000] READ WORD = xxxxxxxx
[717465000] READ WORD = xxxxxxxx
[718085000] READ WORD = xxxxxxxx
[718705000] READ WORD = xxxxxxxx
[719325000] READ WORD = xxxxxxxx
[719945000] READ WORD = xxxxxxxx
[720565000] READ WORD = xxxxxxxx
[721185000] READ WORD = xxxxxxxx
[721805000] READ WORD = xxxxxxxx
[722425000] READ WORD = xxxxxxxx
[723045000] READ WORD = xxxxxxxx
[723665000] READ WORD = xxxxxxxx
[724285000] READ WORD = xxxxxxxx
[724905000] READ WORD = xxxxxxxx
[725525000] READ WORD = xxxxxxxx
[726145000] READ WORD = xxxxxxxx
[726765000] READ WORD = xxxxxxxx
[727385000] READ WORD = xxxxxxxx
[728005000] READ WORD = xxxxxxxx
[728625000] READ WORD = xxxxxxxx
[729245000] READ WORD = xxxxxxxx
[729865000] READ WORD = xxxxxxxx
[730485000] READ WORD = xxxxxxxx
[731105000] READ WORD = xxxxxxxx
[731725000] READ WORD = xxxxxxxx
[732345000] READ WORD = xxxxxxxx
[732965000] READ WORD = xxxxxxxx
[733585000] READ WORD = xxxxxxxx
[734205000] READ WORD = xxxxxxxx
[734825000] READ WORD = xxxxxxxx
[735445000] READ WORD = xxxxxxxx
[736065000] READ WORD = xxxxxxxx
[736685000] READ WORD = xxxxxxxx
[737305000] READ WORD = xxxxxxxx
[737925000] READ WORD = xxxxxxxx
[738545000] READ WORD = xxxxxxxx
[739165000] READ WORD = xxxxxxxx
[739785000] READ WORD = xxxxxxxx
[740405000] READ WORD = xxxxxxxx
[741025000] READ WORD = xxxxxxxx
[741645000] READ WORD = xxxxxxxx
[742265000] READ WORD = xxxxxxxx
[742885000] READ WORD = xxxxxxxx
[743505000] READ WORD = xxxxxxxx
[744125000] READ WORD = xxxxxxxx
[744745000] READ WORD = xxxxxxxx
[745365000] READ WORD = xxxxxxxx
[745985000] READ WORD = xxxxxxxx
[746605000] READ WORD = xxxxxxxx
[747225000] READ WORD = xxxxxxxx
[747845000] READ WORD = xxxxxxxx
[748465000] READ WORD = xxxxxxxx
[749085000] READ WORD = xxxxxxxx
[749705000] READ WORD = xxxxxxxx
[750325000] READ WORD = xxxxxxxx
[750945000] READ WORD = xxxxxxxx
[751565000] READ WORD = xxxxxxxx
[752185000] READ WORD = xxxxxxxx
[752805000] READ WORD = xxxxxxxx
[753425000] READ WORD = xxxxxxxx
[754045000] READ WORD = xxxxxxxx
[754665000] READ WORD = xxxxxxxx
[755285000] READ WORD = xxxxxxxx
[755905000] READ WORD = xxxxxxxx
[756525000] READ WORD = xxxxxxxx
[757145000] READ WORD = xxxxxxxx
[757765000] READ WORD = xxxxxxxx
[758385000] READ WORD = xxxxxxxx
[759005000] READ WORD = xxxxxxxx
[759625000] READ WORD = xxxxxxxx
[760245000] READ WORD = xxxxxxxx
[760865000] READ WORD = xxxxxxxx
[761485000] READ WORD = xxxxxxxx
[762105000] READ WORD = xxxxxxxx
[762725000] READ WORD = xxxxxxxx
[763345000] READ WORD = xxxxxxxx
[763965000] READ WORD = xxxxxxxx
[764585000] READ WORD = xxxxxxxx
[765205000] READ WORD = xxxxxxxx
[765825000] READ WORD = xxxxxxxx
[766445000] READ WORD = xxxxxxxx
[767065000] READ WORD = xxxxxxxx
[767685000] READ WORD = xxxxxxxx
[768305000] READ WORD = xxxxxxxx
[768925000] READ WORD = xxxxxxxx
[769545000] READ WORD = xxxxxxxx
[770165000] READ WORD = xxxxxxxx
[770785000] READ WORD = xxxxxxxx
[771405000] READ WORD = xxxxxxxx
[772025000] READ WORD = xxxxxxxx
[772645000] READ WORD = xxxxxxxx
[773265000] READ WORD = xxxxxxxx
[773885000] READ WORD = xxxxxxxx
[774505000] READ WORD = xxxxxxxx
[775125000] READ WORD = xxxxxxxx
[775745000] READ WORD = xxxxxxxx
[776365000] READ WORD = xxxxxxxx
[776985000] READ WORD = xxxxxxxx
[777605000] READ WORD = xxxxxxxx
[778225000] READ WORD = xxxxxxxx
[778845000] READ WORD = xxxxxxxx
[779465000] READ WORD = xxxxxxxx
[780085000] READ WORD = xxxxxxxx
[780705000] READ WORD = xxxxxxxx
[781325000] READ WORD = xxxxxxxx
[781945000] READ WORD = xxxxxxxx
[782565000] READ WORD = xxxxxxxx
[783185000] READ WORD = xxxxxxxx
[783805000] READ WORD = xxxxxxxx
[784425000] READ WORD = xxxxxxxx
[785045000] READ WORD = xxxxxxxx
[785665000] READ WORD = xxxxxxxx
[786285000] READ WORD = xxxxxxxx
[786905000] READ WORD = xxxxxxxx
[787525000] READ WORD = xxxxxxxx
[788145000] READ WORD = xxxxxxxx
[788765000] READ WORD = xxxxxxxx
[789385000] READ WORD = xxxxxxxx
[790005000] READ WORD = xxxxxxxx
[790625000] READ WORD = xxxxxxxx
[791245000] READ WORD = xxxxxxxx
[791865000] READ WORD = xxxxxxxx
[792485000] READ WORD = xxxxxxxx
[793105000] READ WORD = xxxxxxxx
[793725000] READ WORD = xxxxxxxx
[794345000] READ WORD = xxxxxxxx
[794965000] READ WORD = xxxxxxxx
[795585000] READ WORD = xxxxxxxx
[796205000] READ WORD = xxxxxxxx
[796825000] READ WORD = xxxxxxxx
[797445000] READ WORD = xxxxxxxx
[798065000] READ WORD = xxxxxxxx
[798685000] READ WORD = xxxxxxxx
[799305000] READ WORD = xxxxxxxx
[799925000] READ WORD = xxxxxxxx
[800545000] READ WORD = xxxxxxxx
[801165000] READ WORD = xxxxxxxx
[801785000] READ WORD = xxxxxxxx
[802405000] READ WORD = xxxxxxxx
[803025000] READ WORD = xxxxxxxx
[803645000] READ WORD = xxxxxxxx
[804265000] READ WORD = xxxxxxxx
[804885000] READ WORD = xxxxxxxx
[805505000] READ WORD = xxxxxxxx
[806125000] READ WORD = xxxxxxxx
[806745000] READ WORD = xxxxxxxx
[807365000] READ WORD = xxxxxxxx
[807985000] READ WORD = xxxxxxxx
[808605000] READ WORD = xxxxxxxx
[809225000] READ WORD = xxxxxxxx
[809845000] READ WORD = xxxxxxxx
[810465000] READ WORD = xxxxxxxx
[811085000] READ WORD = xxxxxxxx
[811705000] READ WORD = xxxxxxxx
[812325000] READ WORD = xxxxxxxx
[812945000] READ WORD = xxxxxxxx
[813565000] READ WORD = xxxxxxxx
[814185000] READ WORD = xxxxxxxx
[814805000] READ WORD = xxxxxxxx
[815425000] READ WORD = xxxxxxxx
[816045000] READ WORD = xxxxxxxx
[816665000] READ WORD = xxxxxxxx
[817285000] READ WORD = xxxxxxxx
[817905000] READ WORD = xxxxxxxx
[818525000] READ WORD = xxxxxxxx
[819145000] READ WORD = xxxxxxxx
[819765000] READ WORD = xxxxxxxx
[820385000] READ WORD = xxxxxxxx
[821005000] READ WORD = xxxxxxxx
[821625000] READ WORD = xxxxxxxx
[822245000] READ WORD = xxxxxxxx
[822865000] READ WORD = xxxxxxxx
[823485000] READ WORD = xxxxxxxx
[824105000] READ WORD = xxxxxxxx
[824725000] READ WORD = xxxxxxxx
[825345000] READ WORD = xxxxxxxx
[825965000] READ WORD = xxxxxxxx
[826585000] READ WORD = xxxxxxxx
[827205000] READ WORD = xxxxxxxx
[827825000] READ WORD = xxxxxxxx
[828445000] READ WORD = xxxxxxxx
[829065000] READ WORD = xxxxxxxx
[829685000] READ WORD = xxxxxxxx
[830305000] READ WORD = xxxxxxxx
[830925000] READ WORD = xxxxxxxx
[831545000] READ WORD = xxxxxxxx
[832165000] READ WORD = xxxxxxxx
[832785000] READ WORD = xxxxxxxx
[833405000] READ WORD = xxxxxxxx
[834025000] READ WORD = xxxxxxxx
[834645000] READ WORD = xxxxxxxx
[835265000] READ WORD = xxxxxxxx
[835885000] READ WORD = xxxxxxxx
[836505000] READ WORD = xxxxxxxx
[837125000] READ WORD = xxxxxxxx
[837745000] READ WORD = xxxxxxxx
[838365000] READ WORD = xxxxxxxx
[838985000] READ WORD = xxxxxxxx
[839605000] READ WORD = xxxxxxxx
[840225000] READ WORD = xxxxxxxx
[840845000] READ WORD = xxxxxxxx
[841465000] READ WORD = xxxxxxxx
[842085000] READ WORD = xxxxxxxx
[842705000] READ WORD = xxxxxxxx
[843325000] READ WORD = xxxxxxxx
[843945000] READ WORD = xxxxxxxx
[844565000] READ WORD = xxxxxxxx
[845185000] READ WORD = xxxxxxxx
[845805000] READ WORD = xxxxxxxx
[846425000] READ WORD = xxxxxxxx
[847045000] READ WORD = xxxxxxxx
[847665000] READ WORD = xxxxxxxx
[848285000] READ WORD = xxxxxxxx
[848905000] READ WORD = xxxxxxxx
[849525000] READ WORD = xxxxxxxx
[850145000] READ WORD = xxxxxxxx
[850765000] READ WORD = xxxxxxxx
[851385000] READ WORD = xxxxxxxx
[852005000] READ WORD = xxxxxxxx
[852625000] READ WORD = xxxxxxxx
[853245000] READ WORD = xxxxxxxx
[853865000] READ WORD = xxxxxxxx
[854485000] READ WORD = xxxxxxxx
[855105000] READ WORD = xxxxxxxx
[855725000] READ WORD = xxxxxxxx
[856345000] READ WORD = xxxxxxxx
[856965000] READ WORD = xxxxxxxx
[857585000] READ WORD = xxxxxxxx
[858205000] READ WORD = xxxxxxxx
[858825000] READ WORD = xxxxxxxx
[859445000] READ WORD = xxxxxxxx
[860065000] READ WORD = xxxxxxxx
[860685000] READ WORD = xxxxxxxx
[861305000] READ WORD = xxxxxxxx
[861925000] READ WORD = xxxxxxxx
[862545000] READ WORD = xxxxxxxx
[863165000] READ WORD = xxxxxxxx
[863785000] READ WORD = xxxxxxxx
[864405000] READ WORD = xxxxxxxx
[865025000] READ WORD = xxxxxxxx
[865645000] READ WORD = xxxxxxxx
[866265000] READ WORD = xxxxxxxx
[866885000] READ WORD = xxxxxxxx
[867505000] READ WORD = xxxxxxxx
[868125000] READ WORD = xxxxxxxx
[868745000] READ WORD = xxxxxxxx
[869365000] READ WORD = xxxxxxxx
[869985000] READ WORD = xxxxxxxx
[870605000] READ WORD = xxxxxxxx
[871225000] READ WORD = xxxxxxxx
[871845000] READ WORD = xxxxxxxx
[872465000] READ WORD = xxxxxxxx
[873085000] READ WORD = xxxxxxxx
[873705000] READ WORD = xxxxxxxx
[874325000] READ WORD = xxxxxxxx
[874945000] READ WORD = xxxxxxxx
[875565000] READ WORD = xxxxxxxx
[876185000] READ WORD = xxxxxxxx
[876805000] READ WORD = xxxxxxxx
[877425000] READ WORD = xxxxxxxx
[878045000] READ WORD = xxxxxxxx
[878665000] READ WORD = xxxxxxxx
[879285000] READ WORD = xxxxxxxx
[879905000] READ WORD = xxxxxxxx
[880525000] READ WORD = xxxxxxxx
[881145000] READ WORD = xxxxxxxx
[881765000] READ WORD = xxxxxxxx
[882385000] READ WORD = xxxxxxxx
[883005000] READ WORD = xxxxxxxx
[883625000] READ WORD = xxxxxxxx
[884245000] READ WORD = xxxxxxxx
[884865000] READ WORD = xxxxxxxx
[885485000] READ WORD = xxxxxxxx
[886105000] READ WORD = xxxxxxxx
[886725000] READ WORD = xxxxxxxx
[887345000] READ WORD = xxxxxxxx
[887965000] READ WORD = xxxxxxxx
[888585000] READ WORD = xxxxxxxx
[889205000] READ WORD = xxxxxxxx
[889825000] READ WORD = xxxxxxxx
[890445000] READ WORD = xxxxxxxx
[891065000] READ WORD = xxxxxxxx
[891685000] READ WORD = xxxxxxxx
[892305000] READ WORD = xxxxxxxx
[892925000] READ WORD = xxxxxxxx
[893545000] READ WORD = xxxxxxxx
[894165000] READ WORD = xxxxxxxx
[894785000] READ WORD = xxxxxxxx
[895405000] READ WORD = xxxxxxxx
[896025000] READ WORD = xxxxxxxx
[896645000] READ WORD = xxxxxxxx
[897265000] READ WORD = xxxxxxxx
[897885000] READ WORD = xxxxxxxx
[898505000] READ WORD = xxxxxxxx
[899125000] READ WORD = xxxxxxxx
[899745000] READ WORD = xxxxxxxx
[900365000] READ WORD = xxxxxxxx
[900985000] READ WORD = xxxxxxxx
[901605000] READ WORD = xxxxxxxx
[902225000] READ WORD = xxxxxxxx
[902845000] READ WORD = xxxxxxxx
[903465000] READ WORD = xxxxxxxx
[904085000] READ WORD = xxxxxxxx
[904705000] READ WORD = xxxxxxxx
[905325000] READ WORD = xxxxxxxx
[905945000] READ WORD = xxxxxxxx
[906565000] READ WORD = xxxxxxxx
[907185000] READ WORD = xxxxxxxx
[907805000] READ WORD = xxxxxxxx
[908425000] READ WORD = xxxxxxxx
[909045000] READ WORD = xxxxxxxx
[909665000] READ WORD = xxxxxxxx
[910285000] READ WORD = xxxxxxxx
[910905000] READ WORD = xxxxxxxx
[911525000] READ WORD = xxxxxxxx
[912145000] READ WORD = xxxxxxxx
[912765000] READ WORD = xxxxxxxx
[913385000] READ WORD = xxxxxxxx
[914005000] READ WORD = xxxxxxxx
[914625000] READ WORD = xxxxxxxx
[915245000] READ WORD = xxxxxxxx
[915865000] READ WORD = xxxxxxxx
[916485000] READ WORD = xxxxxxxx
[917105000] READ WORD = xxxxxxxx
[917725000] READ WORD = xxxxxxxx
[918345000] READ WORD = xxxxxxxx
[918965000] READ WORD = xxxxxxxx
[919585000] READ WORD = xxxxxxxx
[920205000] READ WORD = xxxxxxxx
[920825000] READ WORD = xxxxxxxx
[921445000] READ WORD = xxxxxxxx
[922065000] READ WORD = xxxxxxxx
[922685000] READ WORD = xxxxxxxx
[923305000] READ WORD = xxxxxxxx
[923925000] READ WORD = xxxxxxxx
[924545000] READ WORD = xxxxxxxx
[925165000] READ WORD = xxxxxxxx
[925785000] READ WORD = xxxxxxxx
[926405000] READ WORD = xxxxxxxx
[927025000] READ WORD = xxxxxxxx
[927645000] READ WORD = xxxxxxxx
[928265000] READ WORD = xxxxxxxx
[928885000] READ WORD = xxxxxxxx
[929505000] READ WORD = xxxxxxxx
[930125000] READ WORD = xxxxxxxx
[930745000] READ WORD = xxxxxxxx
[931365000] READ WORD = xxxxxxxx
[931985000] READ WORD = xxxxxxxx
[932605000] READ WORD = xxxxxxxx
[933225000] READ WORD = xxxxxxxx
[933845000] READ WORD = xxxxxxxx
[934465000] READ WORD = xxxxxxxx
[935085000] READ WORD = xxxxxxxx
[935705000] READ WORD = xxxxxxxx
[936325000] READ WORD = xxxxxxxx
[936945000] READ WORD = xxxxxxxx
[937565000] READ WORD = xxxxxxxx
[938185000] READ WORD = xxxxxxxx
[938805000] READ WORD = xxxxxxxx
[939425000] READ WORD = xxxxxxxx
[940045000] READ WORD = xxxxxxxx
[940665000] READ WORD = xxxxxxxx
[941285000] READ WORD = xxxxxxxx
[941905000] READ WORD = xxxxxxxx
[942525000] READ WORD = xxxxxxxx
[943145000] READ WORD = xxxxxxxx
[943765000] READ WORD = xxxxxxxx
[944385000] READ WORD = xxxxxxxx
[945005000] READ WORD = xxxxxxxx
[945625000] READ WORD = xxxxxxxx
[946245000] READ WORD = xxxxxxxx
[946865000] READ WORD = xxxxxxxx
[947485000] READ WORD = xxxxxxxx
[948105000] READ WORD = xxxxxxxx
[948725000] READ WORD = xxxxxxxx
[949345000] READ WORD = xxxxxxxx
[949965000] READ WORD = xxxxxxxx
[950585000] READ WORD = xxxxxxxx
[951205000] READ WORD = xxxxxxxx
[951825000] READ WORD = xxxxxxxx
[952445000] READ WORD = xxxxxxxx
[953065000] READ WORD = xxxxxxxx
[953685000] READ WORD = xxxxxxxx
[954305000] READ WORD = xxxxxxxx
[954925000] READ WORD = xxxxxxxx
[955545000] READ WORD = xxxxxxxx
[956165000] READ WORD = xxxxxxxx
[956785000] READ WORD = xxxxxxxx
[957405000] READ WORD = xxxxxxxx
[958025000] READ WORD = xxxxxxxx
[958645000] READ WORD = xxxxxxxx
[959265000] READ WORD = xxxxxxxx
[959885000] READ WORD = xxxxxxxx
[960505000] READ WORD = xxxxxxxx
[961125000] READ WORD = xxxxxxxx
[961745000] READ WORD = xxxxxxxx
[962365000] READ WORD = xxxxxxxx
[962985000] READ WORD = xxxxxxxx
[963605000] READ WORD = xxxxxxxx
[964225000] READ WORD = xxxxxxxx
[964845000] READ WORD = xxxxxxxx
[965465000] READ WORD = xxxxxxxx
[966085000] READ WORD = xxxxxxxx
[966705000] READ WORD = xxxxxxxx
[967325000] READ WORD = xxxxxxxx
[967945000] READ WORD = xxxxxxxx
[968565000] READ WORD = xxxxxxxx
[969185000] READ WORD = xxxxxxxx
[969805000] READ WORD = xxxxxxxx
[970425000] READ WORD = xxxxxxxx
[971045000] READ WORD = xxxxxxxx
[971665000] READ WORD = xxxxxxxx
[972285000] READ WORD = xxxxxxxx
[972905000] READ WORD = xxxxxxxx
[973525000] READ WORD = xxxxxxxx
[974145000] READ WORD = xxxxxxxx
[974765000] READ WORD = xxxxxxxx
[975385000] READ WORD = xxxxxxxx
[976005000] READ WORD = xxxxxxxx
[976625000] READ WORD = xxxxxxxx
[977245000] READ WORD = xxxxxxxx
[977865000] READ WORD = xxxxxxxx
[978485000] READ WORD = xxxxxxxx
[979105000] READ WORD = xxxxxxxx
[979725000] READ WORD = xxxxxxxx
[980345000] READ WORD = xxxxxxxx
[980965000] READ WORD = xxxxxxxx
[981585000] READ WORD = xxxxxxxx
[982205000] READ WORD = xxxxxxxx
[982825000] READ WORD = xxxxxxxx
[983445000] READ WORD = xxxxxxxx
[984065000] READ WORD = xxxxxxxx
[984685000] READ WORD = xxxxxxxx
[985305000] READ WORD = xxxxxxxx
[985925000] READ WORD = xxxxxxxx
[986545000] READ WORD = xxxxxxxx
[987165000] READ WORD = xxxxxxxx
[987785000] READ WORD = xxxxxxxx
[988405000] READ WORD = xxxxxxxx
[989025000] READ WORD = xxxxxxxx
[989645000] READ WORD = xxxxxxxx
[990265000] READ WORD = xxxxxxxx
[990885000] READ WORD = xxxxxxxx
[991505000] READ WORD = xxxxxxxx
[992125000] READ WORD = xxxxxxxx
[992745000] READ WORD = xxxxxxxx
[993365000] READ WORD = xxxxxxxx
[993985000] READ WORD = xxxxxxxx
[994605000] READ WORD = xxxxxxxx
[995225000] READ WORD = xxxxxxxx
[995845000] READ WORD = xxxxxxxx
[996465000] READ WORD = xxxxxxxx
[997085000] READ WORD = xxxxxxxx
[997705000] READ WORD = xxxxxxxx
[998325000] READ WORD = xxxxxxxx
[998945000] READ WORD = xxxxxxxx
[999565000] READ WORD = xxxxxxxx
[1000185000] READ WORD = xxxxxxxx
[1000805000] READ WORD = xxxxxxxx
current_wave_config {tb_flash_behav.wcfg}
tb_flash_behav.wcfg
add_wave {{/tb_flash/dut/sclk}} 
relaunch_sim
Command: launch_simulation -step compile -simset sim_1 -mode behavioral
INFO: [Vivado 12-12493] Simulation top is 'tb_flash'
WARNING: [Vivado 12-13340] Unable to auto find GCC executables from simulator install path! (path not set)
INFO: [Vivado 12-5698] Checking validity of IPs in the design for the 'XSim' simulator...
INFO: [Vivado 12-5682] Launching behavioral simulation in 'C:/Users/SIVA DHANUSH REDDY/Downloads/SPI_Bootloader/Spi_Flashcontroller.sim/sim_1/behav/xsim'
INFO: [Vivado 12-4795] Using compiled simulation libraries for IPs
INFO: [SIM-utils-51] Simulation object is 'sim_1'
INFO: [USF-XSim-2] XSim::Compile design
INFO: [USF-XSim-61] Executing 'COMPILE and ANALYZE' step in 'C:/Users/SIVA DHANUSH REDDY/Downloads/SPI_Bootloader/Spi_Flashcontroller.sim/sim_1/behav/xsim'
"xvlog --incr --relax -L uvm -prj tb_flash_vlog.prj"
INFO: [USF-XSim-69] 'compile' step finished in '3' seconds
Command: launch_simulation -step elaborate -simset sim_1 -mode behavioral
INFO: [Vivado 12-12493] Simulation top is 'tb_flash'
WARNING: [Vivado 12-13340] Unable to auto find GCC executables from simulator install path! (path not set)
INFO: [Vivado 12-5698] Checking validity of IPs in the design for the 'XSim' simulator...
INFO: [Vivado 12-5682] Launching behavioral simulation in 'C:/Users/SIVA DHANUSH REDDY/Downloads/SPI_Bootloader/Spi_Flashcontroller.sim/sim_1/behav/xsim'
INFO: [Vivado 12-4795] Using compiled simulation libraries for IPs
INFO: [SIM-utils-51] Simulation object is 'sim_1'
INFO: [USF-XSim-3] XSim::Elaborate design
INFO: [USF-XSim-61] Executing 'ELABORATE' step in 'C:/Users/SIVA DHANUSH REDDY/Downloads/SPI_Bootloader/Spi_Flashcontroller.sim/sim_1/behav/xsim'
"xelab --incr --debug typical --relax --mt 2 -L xil_defaultlib -L blk_mem_gen_v8_4_9 -L uvm -L unisims_ver -L unimacro_ver -L secureip -L xpm --snapshot tb_flash_behav xil_defaultlib.tb_flash xil_defaultlib.glbl -log elaborate.log"
Vivado Simulator v2024.2.0
Copyright 1986-2022 Xilinx, Inc. All Rights Reserved.
Copyright 2022-2024 Advanced Micro Devices, Inc. All Rights Reserved.
Running: C:/Xilinx/Vivado/2024.2/bin/unwrapped/win64.o/xelab.exe --incr --debug typical --relax --mt 2 -L xil_defaultlib -L blk_mem_gen_v8_4_9 -L uvm -L unisims_ver -L unimacro_ver -L secureip -L xpm --snapshot tb_flash_behav xil_defaultlib.tb_flash xil_defaultlib.glbl -log elaborate.log 
Using 2 slave threads.
Starting static elaboration
Pass Through NonSizing Optimizer
Completed static elaboration
INFO: [XSIM 43-4323] No Change in HDL. Linking previously generated obj files to create kernel
INFO: [USF-XSim-69] 'elaborate' step finished in '4' seconds
Time resolution is 1 ps
relaunch_sim: Time (s): cpu = 00:00:04 ; elapsed = 00:00:10 . Memory (MB): peak = 3710.613 ; gain = 0.000
WARNING: [filemgmt 56-199] Attempt to get parsing info during refresh. "On-the-fly" syntax checking information may be incorrect. [C:\Users\SIVA DHANUSH REDDY\Downloads\SPI_Bootloader\Spi_Flashcontroller.srcs\sources_1\new\pc_reader.v:]
WARNING: [filemgmt 56-199] Attempt to get parsing info during refresh. "On-the-fly" syntax checking information may be incorrect. [C:\Users\SIVA DHANUSH REDDY\Downloads\SPI_Bootloader\Spi_Flashcontroller.srcs\sources_1\new\top_module.v:]
WARNING: [filemgmt 56-199] Attempt to get parsing info during refresh. "On-the-fly" syntax checking information may be incorrect. [C:\Users\SIVA DHANUSH REDDY\Downloads\SPI_Bootloader\Spi_Flashcontroller.srcs\sim_1\new\flash_tb.v:]
WARNING: [filemgmt 56-199] Attempt to get parsing info during refresh. "On-the-fly" syntax checking information may be incorrect. [C:\Users\SIVA DHANUSH REDDY\Downloads\SPI_Bootloader\Spi_Flashcontroller.srcs\sources_1\new\Spi_flashcontroller.v:]
WARNING: [filemgmt 56-199] Attempt to get parsing info during refresh. "On-the-fly" syntax checking information may be incorrect. [C:\Users\SIVA DHANUSH REDDY\Downloads\SPI_Bootloader\Spi_Flashcontroller.srcs\sim_1\new\flash_tb.v:]
WARNING: [filemgmt 56-199] Attempt to get parsing info during refresh. "On-the-fly" syntax checking information may be incorrect. [C:\Users\SIVA DHANUSH REDDY\Downloads\SPI_Bootloader\Spi_Flashcontroller.srcs\sim_1\new\flash_tb.v:]
WARNING: [filemgmt 56-199] Attempt to get parsing info during refresh. "On-the-fly" syntax checking information may be incorrect. [C:\Users\SIVA DHANUSH REDDY\Downloads\SPI_Bootloader\Spi_Flashcontroller.srcs\sources_1\new\pc_reader.v:]
WARNING: [filemgmt 56-199] Attempt to get parsing info during refresh. "On-the-fly" syntax checking information may be incorrect. [C:\Users\SIVA DHANUSH REDDY\Downloads\SPI_Bootloader\Spi_Flashcontroller.srcs\sources_1\new\top_module.v:]
WARNING: [filemgmt 56-199] Attempt to get parsing info during refresh. "On-the-fly" syntax checking information may be incorrect. [C:\Users\SIVA DHANUSH REDDY\Downloads\SPI_Bootloader\Spi_Flashcontroller.srcs\sim_1\new\flash_tb.v:]
WARNING: [filemgmt 56-199] Attempt to get parsing info during refresh. "On-the-fly" syntax checking information may be incorrect. [C:\Users\SIVA DHANUSH REDDY\Downloads\SPI_Bootloader\Spi_Flashcontroller.srcs\sources_1\new\Spi_flashcontroller.v:]
WARNING: [filemgmt 56-199] Attempt to get parsing info during refresh. "On-the-fly" syntax checking information may be incorrect. [C:\Users\SIVA DHANUSH REDDY\Downloads\SPI_Bootloader\Spi_Flashcontroller.srcs\sources_1\new\pc_reader.v:]
WARNING: [filemgmt 56-199] Attempt to get parsing info during refresh. "On-the-fly" syntax checking information may be incorrect. [C:\Users\SIVA DHANUSH REDDY\Downloads\SPI_Bootloader\Spi_Flashcontroller.srcs\sources_1\new\pc_reader.v:]
relaunch_sim
ERROR: [Common 17-180] Spawn failed: No error
WARNING: [filemgmt 56-199] Attempt to get parsing info during refresh. "On-the-fly" syntax checking information may be incorrect. [C:\Users\SIVA DHANUSH REDDY\Downloads\SPI_Bootloader\Spi_Flashcontroller.srcs\sources_1\new\pc_reader.v:]
WARNING: [filemgmt 56-199] Attempt to get parsing info during refresh. "On-the-fly" syntax checking information may be incorrect. [C:\Users\SIVA DHANUSH REDDY\Downloads\SPI_Bootloader\Spi_Flashcontroller.srcs\sources_1\new\top_module.v:]
WARNING: [filemgmt 56-199] Attempt to get parsing info during refresh. "On-the-fly" syntax checking information may be incorrect. [C:\Users\SIVA DHANUSH REDDY\Downloads\SPI_Bootloader\Spi_Flashcontroller.srcs\sim_1\new\flash_tb.v:]
WARNING: [filemgmt 56-199] Attempt to get parsing info during refresh. "On-the-fly" syntax checking information may be incorrect. [C:\Users\SIVA DHANUSH REDDY\Downloads\SPI_Bootloader\Spi_Flashcontroller.srcs\sources_1\new\Spi_flashcontroller.v:]
WARNING: [filemgmt 56-199] Attempt to get parsing info during refresh. "On-the-fly" syntax checking information may be incorrect. [C:\Users\SIVA DHANUSH REDDY\Downloads\SPI_Bootloader\Spi_Flashcontroller.srcs\sources_1\new\Spi_flashcontroller.v:]
WARNING: [filemgmt 56-199] Attempt to get parsing info during refresh. "On-the-fly" syntax checking information may be incorrect. [C:\Users\SIVA DHANUSH REDDY\Downloads\SPI_Bootloader\Spi_Flashcontroller.srcs\sources_1\new\Spi_flashcontroller.v:]
ERROR: [Common 17-180] Spawn failed: No error
ERROR: [Common 17-39] 'suspend_sim' failed due to earlier errors.
INFO: [Common 17-17] undo 'relaunch_sim'
INFO: [Common 17-17] undo 'relaunch_sim'
ERROR: [Common 17-69] Command failed: ERROR: [Common 17-39] 'suspend_sim' failed due to earlier errors.

relaunch_sim
Command: launch_simulation -step compile -simset sim_1 -mode behavioral
INFO: [Vivado 12-12493] Simulation top is 'tb_flash'
WARNING: [Vivado 12-13340] Unable to auto find GCC executables from simulator install path! (path not set)
INFO: [Vivado 12-5698] Checking validity of IPs in the design for the 'XSim' simulator...
INFO: [Vivado 12-5682] Launching behavioral simulation in 'C:/Users/SIVA DHANUSH REDDY/Downloads/SPI_Bootloader/Spi_Flashcontroller.sim/sim_1/behav/xsim'
INFO: [Vivado 12-4795] Using compiled simulation libraries for IPs
INFO: [SIM-utils-51] Simulation object is 'sim_1'
INFO: [USF-XSim-2] XSim::Compile design
INFO: [USF-XSim-61] Executing 'COMPILE and ANALYZE' step in 'C:/Users/SIVA DHANUSH REDDY/Downloads/SPI_Bootloader/Spi_Flashcontroller.sim/sim_1/behav/xsim'
"xvlog --incr --relax -L uvm -prj tb_flash_vlog.prj"
INFO: [VRFC 10-2263] Analyzing Verilog file "C:/Users/SIVA DHANUSH REDDY/Downloads/SPI_Bootloader/Spi_Flashcontroller.gen/sources_1/ip/blk_mem_gen_0/sim/blk_mem_gen_0.v" into library xil_defaultlib
INFO: [VRFC 10-311] analyzing module blk_mem_gen_0
INFO: [VRFC 10-2263] Analyzing Verilog file "C:/Users/SIVA DHANUSH REDDY/Downloads/SPI_Bootloader/Spi_Flashcontroller.srcs/sources_1/new/SPI_Test.v" into library xil_defaultlib
INFO: [VRFC 10-311] analyzing module SPI_Driver
INFO: [VRFC 10-2263] Analyzing Verilog file "C:/Users/SIVA DHANUSH REDDY/Downloads/SPI_Bootloader/Spi_Flashcontroller.srcs/sources_1/new/Spi_flashcontroller.v" into library xil_defaultlib
INFO: [VRFC 10-311] analyzing module Spi_flash_controller
INFO: [VRFC 10-2263] Analyzing Verilog file "C:/Users/SIVA DHANUSH REDDY/Downloads/SPI_Bootloader/Spi_Flashcontroller.srcs/sources_1/new/Bulkerase.v" into library xil_defaultlib
INFO: [VRFC 10-311] analyzing module BULK_ERASE
INFO: [VRFC 10-2263] Analyzing Verilog file "C:/Users/SIVA DHANUSH REDDY/Downloads/SPI_Bootloader/Spi_Flashcontroller.srcs/sources_1/new/LED_DRIVER.v" into library xil_defaultlib
INFO: [VRFC 10-311] analyzing module led_driver
INFO: [VRFC 10-2263] Analyzing Verilog file "C:/Users/SIVA DHANUSH REDDY/Downloads/SPI_Bootloader/Spi_Flashcontroller.srcs/sources_1/new/pc_reader.v" into library xil_defaultlib
INFO: [VRFC 10-311] analyzing module pc_reader
INFO: [VRFC 10-2263] Analyzing Verilog file "C:/Users/SIVA DHANUSH REDDY/Downloads/SPI_Bootloader/Spi_Flashcontroller.srcs/sources_1/new/top_module.v" into library xil_defaultlib
INFO: [VRFC 10-311] analyzing module top_flash
INFO: [VRFC 10-2263] Analyzing Verilog file "C:/Users/SIVA DHANUSH REDDY/Downloads/Spi_Flashcontroller/Spi_Flashcontroller.srcs/sim_1/new/Tb_pi.v" into library xil_defaultlib
INFO: [VRFC 10-311] analyzing module tb_SPI_Driver
INFO: [VRFC 10-2263] Analyzing Verilog file "C:/Users/SIVA DHANUSH REDDY/Downloads/SPI_Bootloader/Spi_Flashcontroller.srcs/sim_1/new/flash_tb.v" into library xil_defaultlib
INFO: [VRFC 10-311] analyzing module tb_flash
INFO: [VRFC 10-2263] Analyzing Verilog file "C:/Users/SIVA DHANUSH REDDY/Downloads/SPI_Bootloader/Spi_Flashcontroller.srcs/sim_1/new/tb_practice.v" into library xil_defaultlib
INFO: [USF-XSim-69] 'compile' step finished in '3' seconds
Command: launch_simulation -step elaborate -simset sim_1 -mode behavioral
INFO: [Vivado 12-12493] Simulation top is 'tb_flash'
WARNING: [Vivado 12-13340] Unable to auto find GCC executables from simulator install path! (path not set)
INFO: [Vivado 12-5698] Checking validity of IPs in the design for the 'XSim' simulator...
INFO: [Vivado 12-5682] Launching behavioral simulation in 'C:/Users/SIVA DHANUSH REDDY/Downloads/SPI_Bootloader/Spi_Flashcontroller.sim/sim_1/behav/xsim'
INFO: [Vivado 12-4795] Using compiled simulation libraries for IPs
INFO: [SIM-utils-51] Simulation object is 'sim_1'
INFO: [USF-XSim-3] XSim::Elaborate design
INFO: [USF-XSim-61] Executing 'ELABORATE' step in 'C:/Users/SIVA DHANUSH REDDY/Downloads/SPI_Bootloader/Spi_Flashcontroller.sim/sim_1/behav/xsim'
"xelab --incr --debug typical --relax --mt 2 -L xil_defaultlib -L blk_mem_gen_v8_4_9 -L uvm -L unisims_ver -L unimacro_ver -L secureip -L xpm --snapshot tb_flash_behav xil_defaultlib.tb_flash xil_defaultlib.glbl -log elaborate.log"
Vivado Simulator v2024.2.0
Copyright 1986-2022 Xilinx, Inc. All Rights Reserved.
Copyright 2022-2024 Advanced Micro Devices, Inc. All Rights Reserved.
Running: C:/Xilinx/Vivado/2024.2/bin/unwrapped/win64.o/xelab.exe --incr --debug typical --relax --mt 2 -L xil_defaultlib -L blk_mem_gen_v8_4_9 -L uvm -L unisims_ver -L unimacro_ver -L secureip -L xpm --snapshot tb_flash_behav xil_defaultlib.tb_flash xil_defaultlib.glbl -log elaborate.log 
Using 2 slave threads.
Starting static elaboration
Pass Through NonSizing Optimizer
Completed static elaboration
Starting simulation data flow analysis
Completed simulation data flow analysis
Time Resolution for simulation is 1ps
Compiling module xil_defaultlib.Spi_flash_controller
Compiling module xil_defaultlib.tb_flash
Compiling module xil_defaultlib.glbl
Built simulation snapshot tb_flash_behav
INFO: [USF-XSim-69] 'elaborate' step finished in '3' seconds
Time resolution is 1 ps
[705000] READ WORD = 4ca900e0
relaunch_sim: Time (s): cpu = 00:00:02 ; elapsed = 00:00:07 . Memory (MB): peak = 3710.613 ; gain = 0.000
run 1000 us
[1025000] READ WORD = 4c410004
[1345000] READ WORD = 04460001
[1665000] READ WORD = 4c80f0f0
[1985000] READ WORD = 7c840000
[2305000] READ WORD = ffffffff
[2315000] PROGRAM LOAD COMPLETE
$finish called at time : 2315 ns : File "C:/Users/SIVA DHANUSH REDDY/Downloads/SPI_Bootloader/Spi_Flashcontroller.srcs/sim_1/new/flash_tb.v" Line 123
run 1000 us
[2325000] PROGRAM LOAD COMPLETE
$finish called at time : 2325 ns : File "C:/Users/SIVA DHANUSH REDDY/Downloads/SPI_Bootloader/Spi_Flashcontroller.srcs/sim_1/new/flash_tb.v" Line 123
run 1000 us
[2335000] PROGRAM LOAD COMPLETE
$finish called at time : 2335 ns : File "C:/Users/SIVA DHANUSH REDDY/Downloads/SPI_Bootloader/Spi_Flashcontroller.srcs/sim_1/new/flash_tb.v" Line 123
run 1000 us
[2345000] PROGRAM LOAD COMPLETE
$finish called at time : 2345 ns : File "C:/Users/SIVA DHANUSH REDDY/Downloads/SPI_Bootloader/Spi_Flashcontroller.srcs/sim_1/new/flash_tb.v" Line 123
run 1000 us
[2355000] PROGRAM LOAD COMPLETE
$finish called at time : 2355 ns : File "C:/Users/SIVA DHANUSH REDDY/Downloads/SPI_Bootloader/Spi_Flashcontroller.srcs/sim_1/new/flash_tb.v" Line 123
run 1000 us
[2365000] PROGRAM LOAD COMPLETE
$finish called at time : 2365 ns : File "C:/Users/SIVA DHANUSH REDDY/Downloads/SPI_Bootloader/Spi_Flashcontroller.srcs/sim_1/new/flash_tb.v" Line 123
run 10000 us
[2375000] PROGRAM LOAD COMPLETE
$finish called at time : 2375 ns : File "C:/Users/SIVA DHANUSH REDDY/Downloads/SPI_Bootloader/Spi_Flashcontroller.srcs/sim_1/new/flash_tb.v" Line 123
run 10000 us
[2385000] PROGRAM LOAD COMPLETE
$finish called at time : 2385 ns : File "C:/Users/SIVA DHANUSH REDDY/Downloads/SPI_Bootloader/Spi_Flashcontroller.srcs/sim_1/new/flash_tb.v" Line 123
run 10000 us
[2395000] PROGRAM LOAD COMPLETE
$finish called at time : 2395 ns : File "C:/Users/SIVA DHANUSH REDDY/Downloads/SPI_Bootloader/Spi_Flashcontroller.srcs/sim_1/new/flash_tb.v" Line 123
run 10000 us
[2405000] PROGRAM LOAD COMPLETE
$finish called at time : 2405 ns : File "C:/Users/SIVA DHANUSH REDDY/Downloads/SPI_Bootloader/Spi_Flashcontroller.srcs/sim_1/new/flash_tb.v" Line 123
run 10000 us
[2415000] PROGRAM LOAD COMPLETE
$finish called at time : 2415 ns : File "C:/Users/SIVA DHANUSH REDDY/Downloads/SPI_Bootloader/Spi_Flashcontroller.srcs/sim_1/new/flash_tb.v" Line 123
run 10000 us
[2425000] PROGRAM LOAD COMPLETE
$finish called at time : 2425 ns : File "C:/Users/SIVA DHANUSH REDDY/Downloads/SPI_Bootloader/Spi_Flashcontroller.srcs/sim_1/new/flash_tb.v" Line 123
run 10000 us
[2435000] PROGRAM LOAD COMPLETE
$finish called at time : 2435 ns : File "C:/Users/SIVA DHANUSH REDDY/Downloads/SPI_Bootloader/Spi_Flashcontroller.srcs/sim_1/new/flash_tb.v" Line 123
run 10000 us
[2445000] PROGRAM LOAD COMPLETE
$finish called at time : 2445 ns : File "C:/Users/SIVA DHANUSH REDDY/Downloads/SPI_Bootloader/Spi_Flashcontroller.srcs/sim_1/new/flash_tb.v" Line 123
run 10000 us
[2455000] PROGRAM LOAD COMPLETE
$finish called at time : 2455 ns : File "C:/Users/SIVA DHANUSH REDDY/Downloads/SPI_Bootloader/Spi_Flashcontroller.srcs/sim_1/new/flash_tb.v" Line 123
run 10000 us
[2465000] PROGRAM LOAD COMPLETE
$finish called at time : 2465 ns : File "C:/Users/SIVA DHANUSH REDDY/Downloads/SPI_Bootloader/Spi_Flashcontroller.srcs/sim_1/new/flash_tb.v" Line 123
run 10000 us
[2475000] PROGRAM LOAD COMPLETE
$finish called at time : 2475 ns : File "C:/Users/SIVA DHANUSH REDDY/Downloads/SPI_Bootloader/Spi_Flashcontroller.srcs/sim_1/new/flash_tb.v" Line 123
run 10000 us
[2485000] PROGRAM LOAD COMPLETE
$finish called at time : 2485 ns : File "C:/Users/SIVA DHANUSH REDDY/Downloads/SPI_Bootloader/Spi_Flashcontroller.srcs/sim_1/new/flash_tb.v" Line 123
reset_run synth_1
INFO: [Project 1-1161] Replacing file C:/Users/SIVA DHANUSH REDDY/Downloads/SPI_Bootloader/Spi_Flashcontroller.srcs/utils_1/imports/synth_1/Spi_flashcontroller.dcp with file C:/Users/SIVA DHANUSH REDDY/Downloads/SPI_Bootloader/Spi_Flashcontroller.runs/synth_1/top_flash.dcp
WARNING: [Vivado 12-1017] Problems encountered:
1. Failed to delete one or more files in run directory C:/Users/SIVA DHANUSH REDDY/Downloads/SPI_Bootloader/Spi_Flashcontroller.runs/synth_1

launch_runs synth_1 -jobs 16
WARNING: [filemgmt 56-199] Attempt to get parsing info during refresh. "On-the-fly" syntax checking information may be incorrect. [C:\Users\SIVA DHANUSH REDDY\Downloads\SPI_Bootloader\Spi_Flashcontroller.srcs\sources_1\new\pc_reader.v:]
WARNING: [filemgmt 56-199] Attempt to get parsing info during refresh. "On-the-fly" syntax checking information may be incorrect. [C:\Users\SIVA DHANUSH REDDY\Downloads\SPI_Bootloader\Spi_Flashcontroller.srcs\sources_1\new\top_module.v:]
WARNING: [filemgmt 56-199] Attempt to get parsing info during refresh. "On-the-fly" syntax checking information may be incorrect. [C:\Users\SIVA DHANUSH REDDY\Downloads\SPI_Bootloader\Spi_Flashcontroller.srcs\sim_1\new\flash_tb.v:]
WARNING: [filemgmt 56-199] Attempt to get parsing info during refresh. "On-the-fly" syntax checking information may be incorrect. [C:\Users\SIVA DHANUSH REDDY\Downloads\SPI_Bootloader\Spi_Flashcontroller.srcs\sources_1\new\Spi_flashcontroller.v:]
WARNING: [filemgmt 56-199] Attempt to get parsing info during refresh. "On-the-fly" syntax checking information may be incorrect. [C:\Users\SIVA DHANUSH REDDY\Downloads\SPI_Bootloader\Spi_Flashcontroller.srcs\sim_1\new\flash_tb.v:]
WARNING: [filemgmt 56-199] Attempt to get parsing info during refresh. "On-the-fly" syntax checking information may be incorrect. [C:\Users\SIVA DHANUSH REDDY\Downloads\SPI_Bootloader\Spi_Flashcontroller.srcs\sim_1\new\flash_tb.v:]
WARNING: [filemgmt 56-199] Attempt to get parsing info during refresh. "On-the-fly" syntax checking information may be incorrect. [C:\Users\SIVA DHANUSH REDDY\Downloads\SPI_Bootloader\Spi_Flashcontroller.srcs\sources_1\new\pc_reader.v:]
WARNING: [filemgmt 56-199] Attempt to get parsing info during refresh. "On-the-fly" syntax checking information may be incorrect. [C:\Users\SIVA DHANUSH REDDY\Downloads\SPI_Bootloader\Spi_Flashcontroller.srcs\sources_1\new\top_module.v:]
WARNING: [filemgmt 56-199] Attempt to get parsing info during refresh. "On-the-fly" syntax checking information may be incorrect. [C:\Users\SIVA DHANUSH REDDY\Downloads\SPI_Bootloader\Spi_Flashcontroller.srcs\sim_1\new\flash_tb.v:]
WARNING: [filemgmt 56-199] Attempt to get parsing info during refresh. "On-the-fly" syntax checking information may be incorrect. [C:\Users\SIVA DHANUSH REDDY\Downloads\SPI_Bootloader\Spi_Flashcontroller.srcs\sources_1\new\Spi_flashcontroller.v:]
WARNING: [filemgmt 56-199] Attempt to get parsing info during refresh. "On-the-fly" syntax checking information may be incorrect. [C:\Users\SIVA DHANUSH REDDY\Downloads\SPI_Bootloader\Spi_Flashcontroller.srcs\sources_1\new\pc_reader.v:]
WARNING: [filemgmt 56-199] Attempt to get parsing info during refresh. "On-the-fly" syntax checking information may be incorrect. [C:\Users\SIVA DHANUSH REDDY\Downloads\SPI_Bootloader\Spi_Flashcontroller.srcs\sources_1\new\pc_reader.v:]
[Sat Jan 17 16:34:57 2026] Launched synth_1...
Run output will be captured here: C:/Users/SIVA DHANUSH REDDY/Downloads/SPI_Bootloader/Spi_Flashcontroller.runs/synth_1/runme.log
ERROR: [Common 17-180] Spawn failed: No error
WARNING: [filemgmt 56-199] Attempt to get parsing info during refresh. "On-the-fly" syntax checking information may be incorrect. [C:\Users\SIVA DHANUSH REDDY\Downloads\SPI_Bootloader\Spi_Flashcontroller.srcs\sources_1\new\pc_reader.v:]
WARNING: [filemgmt 56-199] Attempt to get parsing info during refresh. "On-the-fly" syntax checking information may be incorrect. [C:\Users\SIVA DHANUSH REDDY\Downloads\SPI_Bootloader\Spi_Flashcontroller.srcs\sources_1\new\top_module.v:]
WARNING: [filemgmt 56-199] Attempt to get parsing info during refresh. "On-the-fly" syntax checking information may be incorrect. [C:\Users\SIVA DHANUSH REDDY\Downloads\SPI_Bootloader\Spi_Flashcontroller.srcs\sim_1\new\flash_tb.v:]
WARNING: [filemgmt 56-199] Attempt to get parsing info during refresh. "On-the-fly" syntax checking information may be incorrect. [C:\Users\SIVA DHANUSH REDDY\Downloads\SPI_Bootloader\Spi_Flashcontroller.srcs\sources_1\new\Spi_flashcontroller.v:]
WARNING: [filemgmt 56-199] Attempt to get parsing info during refresh. "On-the-fly" syntax checking information may be incorrect. [C:\Users\SIVA DHANUSH REDDY\Downloads\SPI_Bootloader\Spi_Flashcontroller.srcs\sources_1\new\Spi_flashcontroller.v:]
WARNING: [filemgmt 56-199] Attempt to get parsing info during refresh. "On-the-fly" syntax checking information may be incorrect. [C:\Users\SIVA DHANUSH REDDY\Downloads\SPI_Bootloader\Spi_Flashcontroller.srcs\sources_1\new\Spi_flashcontroller.v:]
ERROR: [Common 17-180] Spawn failed: No error
open_run synth_1 -name synth_1
Design is defaulting to impl run constrset: constrs_1
Design is defaulting to synth run part: xc7a100tcsg324-1
INFO: [Project 1-454] Reading design checkpoint 'c:/Users/SIVA DHANUSH REDDY/Downloads/SPI_Bootloader/Spi_Flashcontroller.gen/sources_1/ip/blk_mem_gen_0/blk_mem_gen_0.dcp' for cell 'instr_mem'
Netlist sorting complete. Time (s): cpu = 00:00:00 ; elapsed = 00:00:00.005 . Memory (MB): peak = 3717.469 ; gain = 0.000
INFO: [Netlist 29-17] Analyzing 11 Unisim elements for replacement
INFO: [Netlist 29-28] Unisim Transformation completed in 0 CPU seconds
INFO: [Project 1-479] Netlist was created with Vivado 2024.2
INFO: [Project 1-570] Preparing netlist for logic optimization
Parsing XDC File [C:/Users/SIVA DHANUSH REDDY/Downloads/SPI_Bootloader/Spi_Flashcontroller.srcs/constrs_1/new/Flahs_const.xdc]
Finished Parsing XDC File [C:/Users/SIVA DHANUSH REDDY/Downloads/SPI_Bootloader/Spi_Flashcontroller.srcs/constrs_1/new/Flahs_const.xdc]
INFO: [Opt 31-138] Pushed 0 inverter(s) to 0 load pin(s).
Netlist sorting complete. Time (s): cpu = 00:00:00 ; elapsed = 00:00:00.001 . Memory (MB): peak = 3717.469 ; gain = 0.000
INFO: [Project 1-111] Unisim Transformation Summary:
No Unisim elements were transformed.

current_design impl_1
report_timing_summary -delay_type min_max -report_unconstrained -check_timing_verbose -max_paths 10 -input_pins -routable_nets -name timing_1
INFO: [Timing 38-91] UpdateTimingParams: Speed grade: -1, Delay Type: min_max.
INFO: [Timing 38-191] Multithreading enabled for timing update using a maximum of 2 CPUs
current_wave_config {tb_flash_behav.wcfg}
tb_flash_behav.wcfg
add_wave {{/tb_flash/dut/bit_cnt}} 
relaunch_sim
Command: launch_simulation -step compile -simset sim_1 -mode behavioral
INFO: [Vivado 12-12493] Simulation top is 'tb_flash'
WARNING: [Vivado 12-13340] Unable to auto find GCC executables from simulator install path! (path not set)
INFO: [Vivado 12-5698] Checking validity of IPs in the design for the 'XSim' simulator...
INFO: [Vivado 12-5682] Launching behavioral simulation in 'C:/Users/SIVA DHANUSH REDDY/Downloads/SPI_Bootloader/Spi_Flashcontroller.sim/sim_1/behav/xsim'
INFO: [Vivado 12-4795] Using compiled simulation libraries for IPs
INFO: [SIM-utils-51] Simulation object is 'sim_1'
INFO: [USF-XSim-2] XSim::Compile design
INFO: [USF-XSim-61] Executing 'COMPILE and ANALYZE' step in 'C:/Users/SIVA DHANUSH REDDY/Downloads/SPI_Bootloader/Spi_Flashcontroller.sim/sim_1/behav/xsim'
"xvlog --incr --relax -L uvm -prj tb_flash_vlog.prj"
INFO: [USF-XSim-69] 'compile' step finished in '3' seconds
Command: launch_simulation -step elaborate -simset sim_1 -mode behavioral
INFO: [Vivado 12-12493] Simulation top is 'tb_flash'
WARNING: [Vivado 12-13340] Unable to auto find GCC executables from simulator install path! (path not set)
INFO: [Vivado 12-5698] Checking validity of IPs in the design for the 'XSim' simulator...
INFO: [Vivado 12-5682] Launching behavioral simulation in 'C:/Users/SIVA DHANUSH REDDY/Downloads/SPI_Bootloader/Spi_Flashcontroller.sim/sim_1/behav/xsim'
INFO: [Vivado 12-4795] Using compiled simulation libraries for IPs
INFO: [SIM-utils-51] Simulation object is 'sim_1'
INFO: [USF-XSim-3] XSim::Elaborate design
INFO: [USF-XSim-61] Executing 'ELABORATE' step in 'C:/Users/SIVA DHANUSH REDDY/Downloads/SPI_Bootloader/Spi_Flashcontroller.sim/sim_1/behav/xsim'
"xelab --incr --debug typical --relax --mt 2 -L xil_defaultlib -L blk_mem_gen_v8_4_9 -L uvm -L unisims_ver -L unimacro_ver -L secureip -L xpm --snapshot tb_flash_behav xil_defaultlib.tb_flash xil_defaultlib.glbl -log elaborate.log"
Vivado Simulator v2024.2.0
Copyright 1986-2022 Xilinx, Inc. All Rights Reserved.
Copyright 2022-2024 Advanced Micro Devices, Inc. All Rights Reserved.
Running: C:/Xilinx/Vivado/2024.2/bin/unwrapped/win64.o/xelab.exe --incr --debug typical --relax --mt 2 -L xil_defaultlib -L blk_mem_gen_v8_4_9 -L uvm -L unisims_ver -L unimacro_ver -L secureip -L xpm --snapshot tb_flash_behav xil_defaultlib.tb_flash xil_defaultlib.glbl -log elaborate.log 
Using 2 slave threads.
Starting static elaboration
Pass Through NonSizing Optimizer
Completed static elaboration
INFO: [XSIM 43-4323] No Change in HDL. Linking previously generated obj files to create kernel
INFO: [USF-XSim-69] 'elaborate' step finished in '3' seconds
Time resolution is 1 ps
[705000] READ WORD = 4ca900e0
relaunch_sim: Time (s): cpu = 00:00:03 ; elapsed = 00:00:08 . Memory (MB): peak = 3717.469 ; gain = 0.000
WARNING: [filemgmt 56-199] Attempt to get parsing info during refresh. "On-the-fly" syntax checking information may be incorrect. [C:\Users\SIVA DHANUSH REDDY\Downloads\SPI_Bootloader\Spi_Flashcontroller.srcs\sources_1\new\pc_reader.v:]
WARNING: [filemgmt 56-199] Attempt to get parsing info during refresh. "On-the-fly" syntax checking information may be incorrect. [C:\Users\SIVA DHANUSH REDDY\Downloads\SPI_Bootloader\Spi_Flashcontroller.srcs\sources_1\new\top_module.v:]
WARNING: [filemgmt 56-199] Attempt to get parsing info during refresh. "On-the-fly" syntax checking information may be incorrect. [C:\Users\SIVA DHANUSH REDDY\Downloads\SPI_Bootloader\Spi_Flashcontroller.srcs\sim_1\new\flash_tb.v:]
WARNING: [filemgmt 56-199] Attempt to get parsing info during refresh. "On-the-fly" syntax checking information may be incorrect. [C:\Users\SIVA DHANUSH REDDY\Downloads\SPI_Bootloader\Spi_Flashcontroller.srcs\sources_1\new\Spi_flashcontroller.v:]
WARNING: [filemgmt 56-199] Attempt to get parsing info during refresh. "On-the-fly" syntax checking information may be incorrect. [C:\Users\SIVA DHANUSH REDDY\Downloads\SPI_Bootloader\Spi_Flashcontroller.srcs\sources_1\new\top_module.v:]
WARNING: [filemgmt 56-199] Attempt to get parsing info during refresh. "On-the-fly" syntax checking information may be incorrect. [C:\Users\SIVA DHANUSH REDDY\Downloads\SPI_Bootloader\Spi_Flashcontroller.srcs\sources_1\new\top_module.v:]
WARNING: [filemgmt 56-199] Attempt to get parsing info during refresh. "On-the-fly" syntax checking information may be incorrect. [C:\Users\SIVA DHANUSH REDDY\Downloads\SPI_Bootloader\Spi_Flashcontroller.srcs\sources_1\new\pc_reader.v:]
WARNING: [filemgmt 56-199] Attempt to get parsing info during refresh. "On-the-fly" syntax checking information may be incorrect. [C:\Users\SIVA DHANUSH REDDY\Downloads\SPI_Bootloader\Spi_Flashcontroller.srcs\sources_1\new\top_module.v:]
WARNING: [filemgmt 56-199] Attempt to get parsing info during refresh. "On-the-fly" syntax checking information may be incorrect. [C:\Users\SIVA DHANUSH REDDY\Downloads\SPI_Bootloader\Spi_Flashcontroller.srcs\sim_1\new\flash_tb.v:]
WARNING: [filemgmt 56-199] Attempt to get parsing info during refresh. "On-the-fly" syntax checking information may be incorrect. [C:\Users\SIVA DHANUSH REDDY\Downloads\SPI_Bootloader\Spi_Flashcontroller.srcs\sources_1\new\Spi_flashcontroller.v:]
WARNING: [filemgmt 56-199] Attempt to get parsing info during refresh. "On-the-fly" syntax checking information may be incorrect. [C:\Users\SIVA DHANUSH REDDY\Downloads\SPI_Bootloader\Spi_Flashcontroller.srcs\sim_1\new\flash_tb.v:]
WARNING: [filemgmt 56-199] Attempt to get parsing info during refresh. "On-the-fly" syntax checking information may be incorrect. [C:\Users\SIVA DHANUSH REDDY\Downloads\SPI_Bootloader\Spi_Flashcontroller.srcs\sim_1\new\flash_tb.v:]
ERROR: [Common 17-180] Spawn failed: No error
WARNING: [filemgmt 56-199] Attempt to get parsing info during refresh. "On-the-fly" syntax checking information may be incorrect. [C:\Users\SIVA DHANUSH REDDY\Downloads\SPI_Bootloader\Spi_Flashcontroller.srcs\sources_1\new\pc_reader.v:]
WARNING: [filemgmt 56-199] Attempt to get parsing info during refresh. "On-the-fly" syntax checking information may be incorrect. [C:\Users\SIVA DHANUSH REDDY\Downloads\SPI_Bootloader\Spi_Flashcontroller.srcs\sources_1\new\top_module.v:]
WARNING: [filemgmt 56-199] Attempt to get parsing info during refresh. "On-the-fly" syntax checking information may be incorrect. [C:\Users\SIVA DHANUSH REDDY\Downloads\SPI_Bootloader\Spi_Flashcontroller.srcs\sim_1\new\flash_tb.v:]
WARNING: [filemgmt 56-199] Attempt to get parsing info during refresh. "On-the-fly" syntax checking information may be incorrect. [C:\Users\SIVA DHANUSH REDDY\Downloads\SPI_Bootloader\Spi_Flashcontroller.srcs\sources_1\new\Spi_flashcontroller.v:]
WARNING: [filemgmt 56-199] Attempt to get parsing info during refresh. "On-the-fly" syntax checking information may be incorrect. [C:\Users\SIVA DHANUSH REDDY\Downloads\SPI_Bootloader\Spi_Flashcontroller.srcs\sources_1\new\Spi_flashcontroller.v:]
WARNING: [filemgmt 56-199] Attempt to get parsing info during refresh. "On-the-fly" syntax checking information may be incorrect. [C:\Users\SIVA DHANUSH REDDY\Downloads\SPI_Bootloader\Spi_Flashcontroller.srcs\sources_1\new\Spi_flashcontroller.v:]
ERROR: [Common 17-180] Spawn failed: No error
relaunch_sim
Command: launch_simulation -step compile -simset sim_1 -mode behavioral
INFO: [Vivado 12-12493] Simulation top is 'tb_flash'
WARNING: [Vivado 12-13340] Unable to auto find GCC executables from simulator install path! (path not set)
INFO: [Vivado 12-5698] Checking validity of IPs in the design for the 'XSim' simulator...
INFO: [Vivado 12-5682] Launching behavioral simulation in 'C:/Users/SIVA DHANUSH REDDY/Downloads/SPI_Bootloader/Spi_Flashcontroller.sim/sim_1/behav/xsim'
INFO: [Vivado 12-4795] Using compiled simulation libraries for IPs
INFO: [SIM-utils-51] Simulation object is 'sim_1'
INFO: [USF-XSim-2] XSim::Compile design
INFO: [USF-XSim-61] Executing 'COMPILE and ANALYZE' step in 'C:/Users/SIVA DHANUSH REDDY/Downloads/SPI_Bootloader/Spi_Flashcontroller.sim/sim_1/behav/xsim'
"xvlog --incr --relax -L uvm -prj tb_flash_vlog.prj"
INFO: [VRFC 10-2263] Analyzing Verilog file "C:/Users/SIVA DHANUSH REDDY/Downloads/SPI_Bootloader/Spi_Flashcontroller.gen/sources_1/ip/blk_mem_gen_0/sim/blk_mem_gen_0.v" into library xil_defaultlib
INFO: [VRFC 10-311] analyzing module blk_mem_gen_0
INFO: [VRFC 10-2263] Analyzing Verilog file "C:/Users/SIVA DHANUSH REDDY/Downloads/SPI_Bootloader/Spi_Flashcontroller.srcs/sources_1/new/SPI_Test.v" into library xil_defaultlib
INFO: [VRFC 10-311] analyzing module SPI_Driver
INFO: [VRFC 10-2263] Analyzing Verilog file "C:/Users/SIVA DHANUSH REDDY/Downloads/SPI_Bootloader/Spi_Flashcontroller.srcs/sources_1/new/Spi_flashcontroller.v" into library xil_defaultlib
INFO: [VRFC 10-311] analyzing module Spi_flash_controller
INFO: [VRFC 10-2263] Analyzing Verilog file "C:/Users/SIVA DHANUSH REDDY/Downloads/SPI_Bootloader/Spi_Flashcontroller.srcs/sources_1/new/Bulkerase.v" into library xil_defaultlib
INFO: [VRFC 10-311] analyzing module BULK_ERASE
INFO: [VRFC 10-2263] Analyzing Verilog file "C:/Users/SIVA DHANUSH REDDY/Downloads/SPI_Bootloader/Spi_Flashcontroller.srcs/sources_1/new/LED_DRIVER.v" into library xil_defaultlib
INFO: [VRFC 10-311] analyzing module led_driver
INFO: [VRFC 10-2263] Analyzing Verilog file "C:/Users/SIVA DHANUSH REDDY/Downloads/SPI_Bootloader/Spi_Flashcontroller.srcs/sources_1/new/pc_reader.v" into library xil_defaultlib
INFO: [VRFC 10-311] analyzing module pc_reader
INFO: [VRFC 10-2263] Analyzing Verilog file "C:/Users/SIVA DHANUSH REDDY/Downloads/SPI_Bootloader/Spi_Flashcontroller.srcs/sources_1/new/top_module.v" into library xil_defaultlib
INFO: [VRFC 10-311] analyzing module top_flash
INFO: [VRFC 10-2263] Analyzing Verilog file "C:/Users/SIVA DHANUSH REDDY/Downloads/Spi_Flashcontroller/Spi_Flashcontroller.srcs/sim_1/new/Tb_pi.v" into library xil_defaultlib
INFO: [VRFC 10-311] analyzing module tb_SPI_Driver
INFO: [VRFC 10-2263] Analyzing Verilog file "C:/Users/SIVA DHANUSH REDDY/Downloads/SPI_Bootloader/Spi_Flashcontroller.srcs/sim_1/new/flash_tb.v" into library xil_defaultlib
INFO: [VRFC 10-311] analyzing module tb_flash
INFO: [VRFC 10-2263] Analyzing Verilog file "C:/Users/SIVA DHANUSH REDDY/Downloads/SPI_Bootloader/Spi_Flashcontroller.srcs/sim_1/new/tb_practice.v" into library xil_defaultlib
INFO: [USF-XSim-69] 'compile' step finished in '4' seconds
Command: launch_simulation -step elaborate -simset sim_1 -mode behavioral
INFO: [Vivado 12-12493] Simulation top is 'tb_flash'
WARNING: [Vivado 12-13340] Unable to auto find GCC executables from simulator install path! (path not set)
INFO: [Vivado 12-5698] Checking validity of IPs in the design for the 'XSim' simulator...
INFO: [Vivado 12-5682] Launching behavioral simulation in 'C:/Users/SIVA DHANUSH REDDY/Downloads/SPI_Bootloader/Spi_Flashcontroller.sim/sim_1/behav/xsim'
INFO: [Vivado 12-4795] Using compiled simulation libraries for IPs
INFO: [SIM-utils-51] Simulation object is 'sim_1'
INFO: [USF-XSim-3] XSim::Elaborate design
INFO: [USF-XSim-61] Executing 'ELABORATE' step in 'C:/Users/SIVA DHANUSH REDDY/Downloads/SPI_Bootloader/Spi_Flashcontroller.sim/sim_1/behav/xsim'
"xelab --incr --debug typical --relax --mt 2 -L xil_defaultlib -L blk_mem_gen_v8_4_9 -L uvm -L unisims_ver -L unimacro_ver -L secureip -L xpm --snapshot tb_flash_behav xil_defaultlib.tb_flash xil_defaultlib.glbl -log elaborate.log"
Vivado Simulator v2024.2.0
Copyright 1986-2022 Xilinx, Inc. All Rights Reserved.
Copyright 2022-2024 Advanced Micro Devices, Inc. All Rights Reserved.
Running: C:/Xilinx/Vivado/2024.2/bin/unwrapped/win64.o/xelab.exe --incr --debug typical --relax --mt 2 -L xil_defaultlib -L blk_mem_gen_v8_4_9 -L uvm -L unisims_ver -L unimacro_ver -L secureip -L xpm --snapshot tb_flash_behav xil_defaultlib.tb_flash xil_defaultlib.glbl -log elaborate.log 
Using 2 slave threads.
Starting static elaboration
Pass Through NonSizing Optimizer
Completed static elaboration
Starting simulation data flow analysis
Completed simulation data flow analysis
Time Resolution for simulation is 1ps
Compiling module xil_defaultlib.Spi_flash_controller
Compiling module xil_defaultlib.tb_flash
Compiling module xil_defaultlib.glbl
Built simulation snapshot tb_flash_behav
INFO: [USF-XSim-69] 'elaborate' step finished in '4' seconds
Time resolution is 1 ps
[715000] READ WORD = 195201c0
relaunch_sim: Time (s): cpu = 00:00:04 ; elapsed = 00:00:11 . Memory (MB): peak = 3717.469 ; gain = 0.000
WARNING: [filemgmt 56-199] Attempt to get parsing info during refresh. "On-the-fly" syntax checking information may be incorrect. [C:\Users\SIVA DHANUSH REDDY\Downloads\SPI_Bootloader\Spi_Flashcontroller.srcs\sources_1\new\pc_reader.v:]
WARNING: [filemgmt 56-199] Attempt to get parsing info during refresh. "On-the-fly" syntax checking information may be incorrect. [C:\Users\SIVA DHANUSH REDDY\Downloads\SPI_Bootloader\Spi_Flashcontroller.srcs\sources_1\new\top_module.v:]
WARNING: [filemgmt 56-199] Attempt to get parsing info during refresh. "On-the-fly" syntax checking information may be incorrect. [C:\Users\SIVA DHANUSH REDDY\Downloads\SPI_Bootloader\Spi_Flashcontroller.srcs\sim_1\new\flash_tb.v:]
WARNING: [filemgmt 56-199] Attempt to get parsing info during refresh. "On-the-fly" syntax checking information may be incorrect. [C:\Users\SIVA DHANUSH REDDY\Downloads\SPI_Bootloader\Spi_Flashcontroller.srcs\sources_1\new\Spi_flashcontroller.v:]
WARNING: [filemgmt 56-199] Attempt to get parsing info during refresh. "On-the-fly" syntax checking information may be incorrect. [C:\Users\SIVA DHANUSH REDDY\Downloads\SPI_Bootloader\Spi_Flashcontroller.srcs\sim_1\new\flash_tb.v:]
WARNING: [filemgmt 56-199] Attempt to get parsing info during refresh. "On-the-fly" syntax checking information may be incorrect. [C:\Users\SIVA DHANUSH REDDY\Downloads\SPI_Bootloader\Spi_Flashcontroller.srcs\sim_1\new\flash_tb.v:]
WARNING: [filemgmt 56-199] Attempt to get parsing info during refresh. "On-the-fly" syntax checking information may be incorrect. [C:\Users\SIVA DHANUSH REDDY\Downloads\SPI_Bootloader\Spi_Flashcontroller.srcs\sources_1\new\pc_reader.v:]
WARNING: [filemgmt 56-199] Attempt to get parsing info during refresh. "On-the-fly" syntax checking information may be incorrect. [C:\Users\SIVA DHANUSH REDDY\Downloads\SPI_Bootloader\Spi_Flashcontroller.srcs\sources_1\new\top_module.v:]
WARNING: [filemgmt 56-199] Attempt to get parsing info during refresh. "On-the-fly" syntax checking information may be incorrect. [C:\Users\SIVA DHANUSH REDDY\Downloads\SPI_Bootloader\Spi_Flashcontroller.srcs\sim_1\new\flash_tb.v:]
WARNING: [filemgmt 56-199] Attempt to get parsing info during refresh. "On-the-fly" syntax checking information may be incorrect. [C:\Users\SIVA DHANUSH REDDY\Downloads\SPI_Bootloader\Spi_Flashcontroller.srcs\sources_1\new\Spi_flashcontroller.v:]
WARNING: [filemgmt 56-199] Attempt to get parsing info during refresh. "On-the-fly" syntax checking information may be incorrect. [C:\Users\SIVA DHANUSH REDDY\Downloads\SPI_Bootloader\Spi_Flashcontroller.srcs\sources_1\new\top_module.v:]
WARNING: [filemgmt 56-199] Attempt to get parsing info during refresh. "On-the-fly" syntax checking information may be incorrect. [C:\Users\SIVA DHANUSH REDDY\Downloads\SPI_Bootloader\Spi_Flashcontroller.srcs\sources_1\new\top_module.v:]
ERROR: [Common 17-180] Spawn failed: No error
ERROR: [Common 17-180] Spawn failed: No error
WARNING: [filemgmt 56-199] Attempt to get parsing info during refresh. "On-the-fly" syntax checking information may be incorrect. [C:\Users\SIVA DHANUSH REDDY\Downloads\SPI_Bootloader\Spi_Flashcontroller.srcs\sources_1\new\pc_reader.v:]
WARNING: [filemgmt 56-199] Attempt to get parsing info during refresh. "On-the-fly" syntax checking information may be incorrect. [C:\Users\SIVA DHANUSH REDDY\Downloads\SPI_Bootloader\Spi_Flashcontroller.srcs\sources_1\new\top_module.v:]
WARNING: [filemgmt 56-199] Attempt to get parsing info during refresh. "On-the-fly" syntax checking information may be incorrect. [C:\Users\SIVA DHANUSH REDDY\Downloads\SPI_Bootloader\Spi_Flashcontroller.srcs\sim_1\new\flash_tb.v:]
WARNING: [filemgmt 56-199] Attempt to get parsing info during refresh. "On-the-fly" syntax checking information may be incorrect. [C:\Users\SIVA DHANUSH REDDY\Downloads\SPI_Bootloader\Spi_Flashcontroller.srcs\sources_1\new\Spi_flashcontroller.v:]
WARNING: [filemgmt 56-199] Attempt to get parsing info during refresh. "On-the-fly" syntax checking information may be incorrect. [C:\Users\SIVA DHANUSH REDDY\Downloads\SPI_Bootloader\Spi_Flashcontroller.srcs\sources_1\new\Spi_flashcontroller.v:]
WARNING: [filemgmt 56-199] Attempt to get parsing info during refresh. "On-the-fly" syntax checking information may be incorrect. [C:\Users\SIVA DHANUSH REDDY\Downloads\SPI_Bootloader\Spi_Flashcontroller.srcs\sources_1\new\Spi_flashcontroller.v:]
WARNING: [filemgmt 56-199] Attempt to get parsing info during refresh. "On-the-fly" syntax checking information may be incorrect. [C:\Users\SIVA DHANUSH REDDY\Downloads\SPI_Bootloader\Spi_Flashcontroller.srcs\sources_1\new\pc_reader.v:]
WARNING: [filemgmt 56-199] Attempt to get parsing info during refresh. "On-the-fly" syntax checking information may be incorrect. [C:\Users\SIVA DHANUSH REDDY\Downloads\SPI_Bootloader\Spi_Flashcontroller.srcs\sources_1\new\top_module.v:]
WARNING: [filemgmt 56-199] Attempt to get parsing info during refresh. "On-the-fly" syntax checking information may be incorrect. [C:\Users\SIVA DHANUSH REDDY\Downloads\SPI_Bootloader\Spi_Flashcontroller.srcs\sim_1\new\flash_tb.v:]
WARNING: [filemgmt 56-199] Attempt to get parsing info during refresh. "On-the-fly" syntax checking information may be incorrect. [C:\Users\SIVA DHANUSH REDDY\Downloads\SPI_Bootloader\Spi_Flashcontroller.srcs\sources_1\new\Spi_flashcontroller.v:]
WARNING: [filemgmt 56-199] Attempt to get parsing info during refresh. "On-the-fly" syntax checking information may be incorrect. [C:\Users\SIVA DHANUSH REDDY\Downloads\SPI_Bootloader\Spi_Flashcontroller.srcs\sources_1\new\top_module.v:]
WARNING: [filemgmt 56-199] Attempt to get parsing info during refresh. "On-the-fly" syntax checking information may be incorrect. [C:\Users\SIVA DHANUSH REDDY\Downloads\SPI_Bootloader\Spi_Flashcontroller.srcs\sources_1\new\top_module.v:]
WARNING: [filemgmt 56-199] Attempt to get parsing info during refresh. "On-the-fly" syntax checking information may be incorrect. [C:\Users\SIVA DHANUSH REDDY\Downloads\SPI_Bootloader\Spi_Flashcontroller.srcs\sources_1\new\pc_reader.v:]
WARNING: [filemgmt 56-199] Attempt to get parsing info during refresh. "On-the-fly" syntax checking information may be incorrect. [C:\Users\SIVA DHANUSH REDDY\Downloads\SPI_Bootloader\Spi_Flashcontroller.srcs\sources_1\new\top_module.v:]
WARNING: [filemgmt 56-199] Attempt to get parsing info during refresh. "On-the-fly" syntax checking information may be incorrect. [C:\Users\SIVA DHANUSH REDDY\Downloads\SPI_Bootloader\Spi_Flashcontroller.srcs\sim_1\new\flash_tb.v:]
WARNING: [filemgmt 56-199] Attempt to get parsing info during refresh. "On-the-fly" syntax checking information may be incorrect. [C:\Users\SIVA DHANUSH REDDY\Downloads\SPI_Bootloader\Spi_Flashcontroller.srcs\sources_1\new\Spi_flashcontroller.v:]
WARNING: [filemgmt 56-199] Attempt to get parsing info during refresh. "On-the-fly" syntax checking information may be incorrect. [C:\Users\SIVA DHANUSH REDDY\Downloads\SPI_Bootloader\Spi_Flashcontroller.srcs\sim_1\new\flash_tb.v:]
WARNING: [filemgmt 56-199] Attempt to get parsing info during refresh. "On-the-fly" syntax checking information may be incorrect. [C:\Users\SIVA DHANUSH REDDY\Downloads\SPI_Bootloader\Spi_Flashcontroller.srcs\sim_1\new\flash_tb.v:]
WARNING: [filemgmt 56-199] Attempt to get parsing info during refresh. "On-the-fly" syntax checking information may be incorrect. [C:\Users\SIVA DHANUSH REDDY\Downloads\SPI_Bootloader\Spi_Flashcontroller.srcs\sources_1\new\pc_reader.v:]
WARNING: [filemgmt 56-199] Attempt to get parsing info during refresh. "On-the-fly" syntax checking information may be incorrect. [C:\Users\SIVA DHANUSH REDDY\Downloads\SPI_Bootloader\Spi_Flashcontroller.srcs\sources_1\new\top_module.v:]
WARNING: [filemgmt 56-199] Attempt to get parsing info during refresh. "On-the-fly" syntax checking information may be incorrect. [C:\Users\SIVA DHANUSH REDDY\Downloads\SPI_Bootloader\Spi_Flashcontroller.srcs\sim_1\new\flash_tb.v:]
WARNING: [filemgmt 56-199] Attempt to get parsing info during refresh. "On-the-fly" syntax checking information may be incorrect. [C:\Users\SIVA DHANUSH REDDY\Downloads\SPI_Bootloader\Spi_Flashcontroller.srcs\sources_1\new\Spi_flashcontroller.v:]
WARNING: [filemgmt 56-199] Attempt to get parsing info during refresh. "On-the-fly" syntax checking information may be incorrect. [C:\Users\SIVA DHANUSH REDDY\Downloads\SPI_Bootloader\Spi_Flashcontroller.srcs\sim_1\new\flash_tb.v:]
WARNING: [filemgmt 56-199] Attempt to get parsing info during refresh. "On-the-fly" syntax checking information may be incorrect. [C:\Users\SIVA DHANUSH REDDY\Downloads\SPI_Bootloader\Spi_Flashcontroller.srcs\sim_1\new\flash_tb.v:]
WARNING: [filemgmt 56-199] Attempt to get parsing info during refresh. "On-the-fly" syntax checking information may be incorrect. [C:\Users\SIVA DHANUSH REDDY\Downloads\SPI_Bootloader\Spi_Flashcontroller.srcs\sources_1\new\pc_reader.v:]
WARNING: [filemgmt 56-199] Attempt to get parsing info during refresh. "On-the-fly" syntax checking information may be incorrect. [C:\Users\SIVA DHANUSH REDDY\Downloads\SPI_Bootloader\Spi_Flashcontroller.srcs\sources_1\new\top_module.v:]
WARNING: [filemgmt 56-199] Attempt to get parsing info during refresh. "On-the-fly" syntax checking information may be incorrect. [C:\Users\SIVA DHANUSH REDDY\Downloads\SPI_Bootloader\Spi_Flashcontroller.srcs\sim_1\new\flash_tb.v:]
WARNING: [filemgmt 56-199] Attempt to get parsing info during refresh. "On-the-fly" syntax checking information may be incorrect. [C:\Users\SIVA DHANUSH REDDY\Downloads\SPI_Bootloader\Spi_Flashcontroller.srcs\sources_1\new\Spi_flashcontroller.v:]
WARNING: [filemgmt 56-199] Attempt to get parsing info during refresh. "On-the-fly" syntax checking information may be incorrect. [C:\Users\SIVA DHANUSH REDDY\Downloads\SPI_Bootloader\Spi_Flashcontroller.srcs\sources_1\new\top_module.v:]
WARNING: [filemgmt 56-199] Attempt to get parsing info during refresh. "On-the-fly" syntax checking information may be incorrect. [C:\Users\SIVA DHANUSH REDDY\Downloads\SPI_Bootloader\Spi_Flashcontroller.srcs\sources_1\new\top_module.v:]
WARNING: [filemgmt 56-199] Attempt to get parsing info during refresh. "On-the-fly" syntax checking information may be incorrect. [C:\Users\SIVA DHANUSH REDDY\Downloads\SPI_Bootloader\Spi_Flashcontroller.srcs\sources_1\new\pc_reader.v:]
WARNING: [filemgmt 56-199] Attempt to get parsing info during refresh. "On-the-fly" syntax checking information may be incorrect. [C:\Users\SIVA DHANUSH REDDY\Downloads\SPI_Bootloader\Spi_Flashcontroller.srcs\sources_1\new\top_module.v:]
WARNING: [filemgmt 56-199] Attempt to get parsing info during refresh. "On-the-fly" syntax checking information may be incorrect. [C:\Users\SIVA DHANUSH REDDY\Downloads\SPI_Bootloader\Spi_Flashcontroller.srcs\sim_1\new\flash_tb.v:]
WARNING: [filemgmt 56-199] Attempt to get parsing info during refresh. "On-the-fly" syntax checking information may be incorrect. [C:\Users\SIVA DHANUSH REDDY\Downloads\SPI_Bootloader\Spi_Flashcontroller.srcs\sources_1\new\Spi_flashcontroller.v:]
WARNING: [filemgmt 56-199] Attempt to get parsing info during refresh. "On-the-fly" syntax checking information may be incorrect. [C:\Users\SIVA DHANUSH REDDY\Downloads\SPI_Bootloader\Spi_Flashcontroller.srcs\sources_1\new\top_module.v:]
WARNING: [filemgmt 56-199] Attempt to get parsing info during refresh. "On-the-fly" syntax checking information may be incorrect. [C:\Users\SIVA DHANUSH REDDY\Downloads\SPI_Bootloader\Spi_Flashcontroller.srcs\sources_1\new\top_module.v:]
WARNING: [filemgmt 56-199] Attempt to get parsing info during refresh. "On-the-fly" syntax checking information may be incorrect. [C:\Users\SIVA DHANUSH REDDY\Downloads\SPI_Bootloader\Spi_Flashcontroller.srcs\sources_1\new\pc_reader.v:]
WARNING: [filemgmt 56-199] Attempt to get parsing info during refresh. "On-the-fly" syntax checking information may be incorrect. [C:\Users\SIVA DHANUSH REDDY\Downloads\SPI_Bootloader\Spi_Flashcontroller.srcs\sources_1\new\top_module.v:]
WARNING: [filemgmt 56-199] Attempt to get parsing info during refresh. "On-the-fly" syntax checking information may be incorrect. [C:\Users\SIVA DHANUSH REDDY\Downloads\SPI_Bootloader\Spi_Flashcontroller.srcs\sim_1\new\flash_tb.v:]
WARNING: [filemgmt 56-199] Attempt to get parsing info during refresh. "On-the-fly" syntax checking information may be incorrect. [C:\Users\SIVA DHANUSH REDDY\Downloads\SPI_Bootloader\Spi_Flashcontroller.srcs\sources_1\new\Spi_flashcontroller.v:]
WARNING: [filemgmt 56-199] Attempt to get parsing info during refresh. "On-the-fly" syntax checking information may be incorrect. [C:\Users\SIVA DHANUSH REDDY\Downloads\SPI_Bootloader\Spi_Flashcontroller.srcs\sources_1\new\pc_reader.v:]
WARNING: [filemgmt 56-199] Attempt to get parsing info during refresh. "On-the-fly" syntax checking information may be incorrect. [C:\Users\SIVA DHANUSH REDDY\Downloads\SPI_Bootloader\Spi_Flashcontroller.srcs\sources_1\new\pc_reader.v:]
ERROR: [Common 17-180] Spawn failed: No error
WARNING: [filemgmt 56-199] Attempt to get parsing info during refresh. "On-the-fly" syntax checking information may be incorrect. [C:\Users\SIVA DHANUSH REDDY\Downloads\SPI_Bootloader\Spi_Flashcontroller.srcs\sources_1\new\pc_reader.v:]
WARNING: [filemgmt 56-199] Attempt to get parsing info during refresh. "On-the-fly" syntax checking information may be incorrect. [C:\Users\SIVA DHANUSH REDDY\Downloads\SPI_Bootloader\Spi_Flashcontroller.srcs\sources_1\new\top_module.v:]
WARNING: [filemgmt 56-199] Attempt to get parsing info during refresh. "On-the-fly" syntax checking information may be incorrect. [C:\Users\SIVA DHANUSH REDDY\Downloads\SPI_Bootloader\Spi_Flashcontroller.srcs\sim_1\new\flash_tb.v:]
WARNING: [filemgmt 56-199] Attempt to get parsing info during refresh. "On-the-fly" syntax checking information may be incorrect. [C:\Users\SIVA DHANUSH REDDY\Downloads\SPI_Bootloader\Spi_Flashcontroller.srcs\sources_1\new\Spi_flashcontroller.v:]
WARNING: [filemgmt 56-199] Attempt to get parsing info during refresh. "On-the-fly" syntax checking information may be incorrect. [C:\Users\SIVA DHANUSH REDDY\Downloads\SPI_Bootloader\Spi_Flashcontroller.srcs\sources_1\new\Spi_flashcontroller.v:]
WARNING: [filemgmt 56-199] Attempt to get parsing info during refresh. "On-the-fly" syntax checking information may be incorrect. [C:\Users\SIVA DHANUSH REDDY\Downloads\SPI_Bootloader\Spi_Flashcontroller.srcs\sources_1\new\Spi_flashcontroller.v:]
ERROR: [Common 17-180] Spawn failed: No error
relaunch_sim
Command: launch_simulation -step compile -simset sim_1 -mode behavioral
INFO: [Vivado 12-12493] Simulation top is 'tb_flash'
WARNING: [Vivado 12-13340] Unable to auto find GCC executables from simulator install path! (path not set)
INFO: [Vivado 12-5698] Checking validity of IPs in the design for the 'XSim' simulator...
INFO: [Vivado 12-5682] Launching behavioral simulation in 'C:/Users/SIVA DHANUSH REDDY/Downloads/SPI_Bootloader/Spi_Flashcontroller.sim/sim_1/behav/xsim'
INFO: [Vivado 12-4795] Using compiled simulation libraries for IPs
INFO: [SIM-utils-51] Simulation object is 'sim_1'
INFO: [USF-XSim-2] XSim::Compile design
INFO: [USF-XSim-61] Executing 'COMPILE and ANALYZE' step in 'C:/Users/SIVA DHANUSH REDDY/Downloads/SPI_Bootloader/Spi_Flashcontroller.sim/sim_1/behav/xsim'
"xvlog --incr --relax -L uvm -prj tb_flash_vlog.prj"
INFO: [VRFC 10-2263] Analyzing Verilog file "C:/Users/SIVA DHANUSH REDDY/Downloads/SPI_Bootloader/Spi_Flashcontroller.gen/sources_1/ip/blk_mem_gen_0/sim/blk_mem_gen_0.v" into library xil_defaultlib
INFO: [VRFC 10-311] analyzing module blk_mem_gen_0
INFO: [VRFC 10-2263] Analyzing Verilog file "C:/Users/SIVA DHANUSH REDDY/Downloads/SPI_Bootloader/Spi_Flashcontroller.srcs/sources_1/new/SPI_Test.v" into library xil_defaultlib
INFO: [VRFC 10-311] analyzing module SPI_Driver
INFO: [VRFC 10-2263] Analyzing Verilog file "C:/Users/SIVA DHANUSH REDDY/Downloads/SPI_Bootloader/Spi_Flashcontroller.srcs/sources_1/new/Spi_flashcontroller.v" into library xil_defaultlib
INFO: [VRFC 10-311] analyzing module Spi_flash_controller
INFO: [VRFC 10-2263] Analyzing Verilog file "C:/Users/SIVA DHANUSH REDDY/Downloads/SPI_Bootloader/Spi_Flashcontroller.srcs/sources_1/new/Bulkerase.v" into library xil_defaultlib
INFO: [VRFC 10-311] analyzing module BULK_ERASE
INFO: [VRFC 10-2263] Analyzing Verilog file "C:/Users/SIVA DHANUSH REDDY/Downloads/SPI_Bootloader/Spi_Flashcontroller.srcs/sources_1/new/LED_DRIVER.v" into library xil_defaultlib
INFO: [VRFC 10-311] analyzing module led_driver
INFO: [VRFC 10-2263] Analyzing Verilog file "C:/Users/SIVA DHANUSH REDDY/Downloads/SPI_Bootloader/Spi_Flashcontroller.srcs/sources_1/new/pc_reader.v" into library xil_defaultlib
INFO: [VRFC 10-311] analyzing module pc_reader
INFO: [VRFC 10-2263] Analyzing Verilog file "C:/Users/SIVA DHANUSH REDDY/Downloads/SPI_Bootloader/Spi_Flashcontroller.srcs/sources_1/new/top_module.v" into library xil_defaultlib
INFO: [VRFC 10-311] analyzing module top_flash
INFO: [VRFC 10-2263] Analyzing Verilog file "C:/Users/SIVA DHANUSH REDDY/Downloads/Spi_Flashcontroller/Spi_Flashcontroller.srcs/sim_1/new/Tb_pi.v" into library xil_defaultlib
INFO: [VRFC 10-311] analyzing module tb_SPI_Driver
INFO: [VRFC 10-2263] Analyzing Verilog file "C:/Users/SIVA DHANUSH REDDY/Downloads/SPI_Bootloader/Spi_Flashcontroller.srcs/sim_1/new/flash_tb.v" into library xil_defaultlib
INFO: [VRFC 10-311] analyzing module tb_flash
INFO: [VRFC 10-2263] Analyzing Verilog file "C:/Users/SIVA DHANUSH REDDY/Downloads/SPI_Bootloader/Spi_Flashcontroller.srcs/sim_1/new/tb_practice.v" into library xil_defaultlib
INFO: [USF-XSim-69] 'compile' step finished in '4' seconds
Command: launch_simulation -step elaborate -simset sim_1 -mode behavioral
INFO: [Vivado 12-12493] Simulation top is 'tb_flash'
WARNING: [Vivado 12-13340] Unable to auto find GCC executables from simulator install path! (path not set)
INFO: [Vivado 12-5698] Checking validity of IPs in the design for the 'XSim' simulator...
INFO: [Vivado 12-5682] Launching behavioral simulation in 'C:/Users/SIVA DHANUSH REDDY/Downloads/SPI_Bootloader/Spi_Flashcontroller.sim/sim_1/behav/xsim'
INFO: [Vivado 12-4795] Using compiled simulation libraries for IPs
INFO: [SIM-utils-51] Simulation object is 'sim_1'
INFO: [USF-XSim-3] XSim::Elaborate design
INFO: [USF-XSim-61] Executing 'ELABORATE' step in 'C:/Users/SIVA DHANUSH REDDY/Downloads/SPI_Bootloader/Spi_Flashcontroller.sim/sim_1/behav/xsim'
"xelab --incr --debug typical --relax --mt 2 -L xil_defaultlib -L blk_mem_gen_v8_4_9 -L uvm -L unisims_ver -L unimacro_ver -L secureip -L xpm --snapshot tb_flash_behav xil_defaultlib.tb_flash xil_defaultlib.glbl -log elaborate.log"
Vivado Simulator v2024.2.0
Copyright 1986-2022 Xilinx, Inc. All Rights Reserved.
Copyright 2022-2024 Advanced Micro Devices, Inc. All Rights Reserved.
Running: C:/Xilinx/Vivado/2024.2/bin/unwrapped/win64.o/xelab.exe --incr --debug typical --relax --mt 2 -L xil_defaultlib -L blk_mem_gen_v8_4_9 -L uvm -L unisims_ver -L unimacro_ver -L secureip -L xpm --snapshot tb_flash_behav xil_defaultlib.tb_flash xil_defaultlib.glbl -log elaborate.log 
Using 2 slave threads.
Starting static elaboration
Pass Through NonSizing Optimizer
Completed static elaboration
Starting simulation data flow analysis
Completed simulation data flow analysis
Time Resolution for simulation is 1ps
Compiling module xil_defaultlib.Spi_flash_controller
Compiling module xil_defaultlib.tb_flash
Compiling module xil_defaultlib.glbl
Built simulation snapshot tb_flash_behav
INFO: [USF-XSim-69] 'elaborate' step finished in '5' seconds
Time resolution is 1 ps
relaunch_sim: Time (s): cpu = 00:00:03 ; elapsed = 00:00:12 . Memory (MB): peak = 3943.789 ; gain = 0.000
run 10000 us
save_wave_config {C:/Users/SIVA DHANUSH REDDY/Downloads/SPI_Bootloader/tb_flash_behav.wcfg}
close_sim
INFO: [Simtcl 6-16] Simulation closed
exit
INFO: [Common 17-206] Exiting Vivado at Sat Jan 17 17:47:18 2026...
